W0519 11:04:53.607359 2694579 site-packages/torch/distributed/run.py:774] 
W0519 11:04:53.607359 2694579 site-packages/torch/distributed/run.py:774] *****************************************
W0519 11:04:53.607359 2694579 site-packages/torch/distributed/run.py:774] Setting OMP_NUM_THREADS environment variable for each process to be 1 in default, to avoid your system being overloaded, please further tune the variable for optimal performance in your application as needed. 
W0519 11:04:53.607359 2694579 site-packages/torch/distributed/run.py:774] *****************************************
Epoch 1 Training:   0%|          | 0/56 [00:00<?, ?it/s][ERROR:0@27.665] global parallel_impl.cpp:244 WorkerThread 40: Can't spawn new thread: res = 11
[ERROR:0@27.665] global parallel_impl.cpp:244 WorkerThread 33: Can't spawn new thread: res = 11
[ERROR:0@27.665] global parallel_impl.cpp:244 WorkerThread 101: Can't spawn new thread: res = 11
[ERROR:0@27.665] global parallel_impl.cpp:244 WorkerThread 121: Can't spawn new thread: res = 11
[ERROR:0@27.665] global parallel_impl.cpp:244 WorkerThread 17: Can't spawn new thread: res = 11
[ERROR:0@27.665] global parallel_impl.cpp:244 WorkerThread 57: Can't spawn new thread: res = 11
[ERROR:0@27.665] global parallel_impl.cpp:244 WorkerThread 60: Can't spawn new thread: res = 11
[ERROR:0@27.665] global parallel_impl.cpp:244 WorkerThread 90: Can't spawn new thread: res = 11
[ERROR:0@27.665] global parallel_impl.cpp:244 WorkerThread 71: Can't spawn new thread: res = 11
[ERROR:0@27.665] global parallel_impl.cpp:244 WorkerThread 122: Can't spawn new thread: res = 11
[ERROR:0@27.665] global parallel_impl.cpp:244 WorkerThread 109: Can't spawn new thread: res = 11
[ERROR:0@27.665] global parallel_impl.cpp:244 WorkerThread 32: Can't spawn new thread: res = 11
[ERROR:0@27.665] global parallel_impl.cpp:244 WorkerThread 41: Can't spawn new thread: res = 11
[ERROR:0@27.665] global parallel_impl.cpp:244 WorkerThread 63: Can't spawn new thread: res = 11
[ERROR:0@27.665] global parallel_impl.cpp:244 WorkerThread 72: Can't spawn new thread: res = 11
[ERROR:0@27.665] global parallel_impl.cpp:244 WorkerThread 114: Can't spawn new thread: res = 11
[ERROR:0@27.665] global parallel_impl.cpp:244 WorkerThread 115: Can't spawn new thread: res = 11
[ERROR:0@27.665] global parallel_impl.cpp:244 WorkerThread 34: Can't spawn new thread: res = 11
[ERROR:0@27.665] global parallel_impl.cpp:244 WorkerThread 32: Can't spawn new thread: res = 11
[ERROR:0@27.665] global parallel_impl.cpp:244 WorkerThread 32: Can't spawn new thread: res = 11
[ERROR:0@27.665] global parallel_impl.cpp:244 WorkerThread 122: Can't spawn new thread: res = 11
[ERROR:0@27.665] global parallel_impl.cpp:244 WorkerThread 18: Can't spawn new thread: res = 11
[ERROR:0@27.665] global parallel_impl.cpp:244 WorkerThread 102: Can't spawn new thread: res = 11
[ERROR:0@27.665] global parallel_impl.cpp:244 WorkerThread 123: Can't spawn new thread: res = 11
[ERROR:0@27.665] global parallel_impl.cpp:244 WorkerThread 58: Can't spawn new thread: res = 11
[ERROR:0@27.665] global parallel_impl.cpp:244 WorkerThread 72: Can't spawn new thread: res = 11
[ERROR:0@27.665] global parallel_impl.cpp:244 WorkerThread 61: Can't spawn new thread: res = 11
[ERROR:0@27.665] global parallel_impl.cpp:244 WorkerThread 91: Can't spawn new thread: res = 11
[ERROR:0@27.665] global parallel_impl.cpp:244 WorkerThread 123: Can't spawn new thread: res = 11
[ERROR:0@27.665] global parallel_impl.cpp:244 WorkerThread 78: Can't spawn new thread: res = 11
[ERROR:0@27.665] global parallel_impl.cpp:244 WorkerThread 35: Can't spawn new thread: res = 11
[ERROR:0@27.665] global parallel_impl.cpp:244 WorkerThread 126: Can't spawn new thread: res = 11
[ERROR:0@27.665] global parallel_impl.cpp:244 WorkerThread 42: Can't spawn new thread: res = 11
[ERROR:0@27.665] global parallel_impl.cpp:244 WorkerThread 110: Can't spawn new thread: res = 11
[ERROR:0@27.665] global parallel_impl.cpp:244 WorkerThread 33: Can't spawn new thread: res = 11
[ERROR:0@27.665] global parallel_impl.cpp:244 WorkerThread 108: Can't spawn new thread: res = 11
[ERROR:0@27.665] global parallel_impl.cpp:244 WorkerThread 54: Can't spawn new thread: res = 11
[ERROR:0@27.665] global parallel_impl.cpp:244 WorkerThread 4: Can't spawn new thread: res = 11
[ERROR:0@27.665] global parallel_impl.cpp:244 WorkerThread 73: Can't spawn new thread: res = 11
[ERROR:0@27.665] global parallel_impl.cpp:244 WorkerThread 64: Can't spawn new thread: res = 11
[ERROR:0@27.665] global parallel_impl.cpp:244 WorkerThread 35: Can't spawn new thread: res = 11
[ERROR:0@27.665] global parallel_impl.cpp:244 WorkerThread 109: Can't spawn new thread: res = 11
[ERROR:0@27.665] global parallel_impl.cpp:244 WorkerThread 3: Can't spawn new thread: res = 11
[ERROR:0@27.665] global parallel_impl.cpp:244 WorkerThread 116: Can't spawn new thread: res = 11
[ERROR:0@27.665] global parallel_impl.cpp:244 WorkerThread 115: Can't spawn new thread: res = 11
[ERROR:0@27.665] global parallel_impl.cpp:244 WorkerThread 123: Can't spawn new thread: res = 11
[ERROR:0@27.665] global parallel_impl.cpp:244 WorkerThread 19: Can't spawn new thread: res = 11
[ERROR:0@27.665] global parallel_impl.cpp:244 WorkerThread 103: Can't spawn new thread: res = 11
[ERROR:0@27.665] global parallel_impl.cpp:244 WorkerThread 33: Can't spawn new thread: res = 11
[ERROR:0@27.665] global parallel_impl.cpp:244 WorkerThread 59: Can't spawn new thread: res = 11
[ERROR:0@27.665] global parallel_impl.cpp:244 WorkerThread 33: Can't spawn new thread: res = 11
[ERROR:0@27.665] global parallel_impl.cpp:244 WorkerThread 62: Can't spawn new thread: res = 11
[ERROR:0@27.665] global parallel_impl.cpp:244 WorkerThread 73: Can't spawn new thread: res = 11
[ERROR:0@27.665] global parallel_impl.cpp:244 WorkerThread 124: Can't spawn new thread: res = 11
[ERROR:0@27.665] global parallel_impl.cpp:244 WorkerThread 92: Can't spawn new thread: res = 11
[ERROR:0@27.665] global parallel_impl.cpp:244 WorkerThread 124: Can't spawn new thread: res = 11
[ERROR:0@27.665] global parallel_impl.cpp:244 WorkerThread 79: Can't spawn new thread: res = 11
[ERROR:0@27.665] global parallel_impl.cpp:244 WorkerThread 117: Can't spawn new thread: res = 11
[ERROR:0@27.665] global parallel_impl.cpp:244 WorkerThread 36: Can't spawn new thread: res = 11
[ERROR:0@27.665] global parallel_impl.cpp:244 WorkerThread 43: Can't spawn new thread: res = 11
[ERROR:0@27.665] global parallel_impl.cpp:244 WorkerThread 3: Can't spawn new thread: res = 11
[ERROR:0@27.665] global parallel_impl.cpp:244 WorkerThread 111: Can't spawn new thread: res = 11
[ERROR:0@27.665] global parallel_impl.cpp:244 WorkerThread 34: Can't spawn new thread: res = 11
[ERROR:0@27.665] global parallel_impl.cpp:244 WorkerThread 3: Can't spawn new thread: res = 11
[ERROR:0@27.665] global parallel_impl.cpp:244 WorkerThread 74: Can't spawn new thread: res = 11
[ERROR:0@27.665] global parallel_impl.cpp:244 WorkerThread 55: Can't spawn new thread: res = 11
[ERROR:0@27.665] global parallel_impl.cpp:244 WorkerThread 5: Can't spawn new thread: res = 11
[ERROR:0@27.665] global parallel_impl.cpp:244 WorkerThread 36: Can't spawn new thread: res = 11
[ERROR:0@27.665] global parallel_impl.cpp:244 WorkerThread 65: Can't spawn new thread: res = 11
[ERROR:0@27.665] global parallel_impl.cpp:244 WorkerThread 110: Can't spawn new thread: res = 11
[ERROR:0@27.665] global parallel_impl.cpp:244 WorkerThread 116: Can't spawn new thread: res = 11
[ERROR:0@27.665] global parallel_impl.cpp:244 WorkerThread 4: Can't spawn new thread: res = 11
[ERROR:0@27.665] global parallel_impl.cpp:244 WorkerThread 124: Can't spawn new thread: res = 11
[ERROR:0@27.665] global parallel_impl.cpp:244 WorkerThread 4: Can't spawn new thread: res = 11
[ERROR:0@27.665] global parallel_impl.cpp:244 WorkerThread 34: Can't spawn new thread: res = 11
[ERROR:0@27.665] global parallel_impl.cpp:244 WorkerThread 104: Can't spawn new thread: res = 11
[ERROR:0@27.665] global parallel_impl.cpp:244 WorkerThread 20: Can't spawn new thread: res = 11
[ERROR:0@27.665] global parallel_impl.cpp:244 WorkerThread 74: Can't spawn new thread: res = 11
[ERROR:0@27.665] global parallel_impl.cpp:244 WorkerThread 34: Can't spawn new thread: res = 11
[ERROR:0@27.665] global parallel_impl.cpp:244 WorkerThread 60: Can't spawn new thread: res = 11
[ERROR:0@27.665] global parallel_impl.cpp:244 WorkerThread 63: Can't spawn new thread: res = 11
[ERROR:0@27.665] global parallel_impl.cpp:244 WorkerThread 93: Can't spawn new thread: res = 11
[ERROR:0@27.665] global parallel_impl.cpp:244 WorkerThread 125: Can't spawn new thread: res = 11
[ERROR:0@27.665] global parallel_impl.cpp:244 WorkerThread 80: Can't spawn new thread: res = 11
[ERROR:0@27.665] global parallel_impl.cpp:244 WorkerThread 125: Can't spawn new thread: res = 11
[ERROR:0@27.665] global parallel_impl.cpp:244 WorkerThread 125: Can't spawn new thread: res = 11
[ERROR:0@27.665] global parallel_impl.cpp:244 WorkerThread 118: Can't spawn new thread: res = 11
[ERROR:0@27.665] global parallel_impl.cpp:244 WorkerThread 37: Can't spawn new thread: res = 11
[ERROR:0@27.665] global parallel_impl.cpp:244 WorkerThread 44: Can't spawn new thread: res = 11
[ERROR:0@27.665] global parallel_impl.cpp:244 WorkerThread 112: Can't spawn new thread: res = 11
[ERROR:0@27.665] global parallel_impl.cpp:244 WorkerThread 4: Can't spawn new thread: res = 11
[ERROR:0@27.665] global parallel_impl.cpp:244 WorkerThread 35: Can't spawn new thread: res = 11
[ERROR:0@27.665] global parallel_impl.cpp:244 WorkerThread 75: Can't spawn new thread: res = 11
[ERROR:0@27.665] global parallel_impl.cpp:244 WorkerThread 56: Can't spawn new thread: res = 11
[ERROR:0@27.665] global parallel_impl.cpp:244 WorkerThread 37: Can't spawn new thread: res = 11
[ERROR:0@27.665] global parallel_impl.cpp:244 WorkerThread 6: Can't spawn new thread: res = 11
[ERROR:0@27.665] global parallel_impl.cpp:244 WorkerThread 66: Can't spawn new thread: res = 11
[ERROR:0@27.665] global parallel_impl.cpp:244 WorkerThread 117: Can't spawn new thread: res = 11
[ERROR:0@27.665] global parallel_impl.cpp:244 WorkerThread 111: Can't spawn new thread: res = 11
[ERROR:0@27.665] global parallel_impl.cpp:244 WorkerThread 105: Can't spawn new thread: res = 11
[ERROR:0@27.665] global parallel_impl.cpp:244 WorkerThread 21: Can't spawn new thread: res = 11
[ERROR:0@27.665] global parallel_impl.cpp:244 WorkerThread 76: Can't spawn new thread: res = 11
[ERROR:0@27.665] global parallel_impl.cpp:244 WorkerThread 5: Can't spawn new thread: res = 11
[ERROR:0@27.665] global parallel_impl.cpp:244 WorkerThread 5: Can't spawn new thread: res = 11
[ERROR:0@27.665] global parallel_impl.cpp:244 WorkerThread 75: Can't spawn new thread: res = 11
[ERROR:0@27.665] global parallel_impl.cpp:244 WorkerThread 42: Can't spawn new thread: res = 11
[ERROR:0@27.665] global parallel_impl.cpp:244 WorkerThread 35: Can't spawn new thread: res = 11
[ERROR:0@27.665] global parallel_impl.cpp:244 WorkerThread 61: Can't spawn new thread: res = 11
[ERROR:0@27.665] global parallel_impl.cpp:244 WorkerThread 64: Can't spawn new thread: res = 11
[ERROR:0@27.665] global parallel_impl.cpp:244 WorkerThread 35: Can't spawn new thread: res = 11
[ERROR:0@27.665] global parallel_impl.cpp:244 WorkerThread 94: Can't spawn new thread: res = 11
[ERROR:0@27.665] global parallel_impl.cpp:244 WorkerThread 126: Can't spawn new thread: res = 11
[ERROR:0@27.665] global parallel_impl.cpp:244 WorkerThread 126: Can't spawn new thread: res = 11
[ERROR:0@27.665] global parallel_impl.cpp:244 WorkerThread 126: Can't spawn new thread: res = 11
[ERROR:0@27.665] global parallel_impl.cpp:244 WorkerThread 6: Can't spawn new thread: res = 11
[ERROR:0@27.665] global parallel_impl.cpp:244 WorkerThread 81: Can't spawn new thread: res = 11
[ERROR:0@27.665] global parallel_impl.cpp:244 WorkerThread 119: Can't spawn new thread: res = 11
[ERROR:0@27.665] global parallel_impl.cpp:244 WorkerThread 38: Can't spawn new thread: res = 11
[ERROR:0@27.665] global parallel_impl.cpp:244 WorkerThread 113: Can't spawn new thread: res = 11
[ERROR:0@27.665] global parallel_impl.cpp:244 WorkerThread 45: Can't spawn new thread: res = 11
[ERROR:0@27.665] global parallel_impl.cpp:244 WorkerThread 36: Can't spawn new thread: res = 11
[ERROR:0@27.665] global parallel_impl.cpp:244 WorkerThread 5: Can't spawn new thread: res = 11
[ERROR:0@27.665] global parallel_impl.cpp:244 WorkerThread 57: Can't spawn new thread: res = 11
[ERROR:0@27.665] global parallel_impl.cpp:244 WorkerThread 38: Can't spawn new thread: res = 11
[ERROR:0@27.665] global parallel_impl.cpp:244 WorkerThread 7: Can't spawn new thread: res = 11
[ERROR:0@27.665] global parallel_impl.cpp:244 WorkerThread 67: Can't spawn new thread: res = 11
[ERROR:0@27.665] global parallel_impl.cpp:244 WorkerThread 112: Can't spawn new thread: res = 11
[ERROR:0@27.665] global parallel_impl.cpp:244 WorkerThread 77: Can't spawn new thread: res = 11
[ERROR:0@27.665] global parallel_impl.cpp:244 WorkerThread 22: Can't spawn new thread: res = 11
[ERROR:0@27.665] global parallel_impl.cpp:244 WorkerThread 106: Can't spawn new thread: res = 11
[ERROR:0@27.665] global parallel_impl.cpp:244 WorkerThread 118: Can't spawn new thread: res = 11
[ERROR:0@27.665] global parallel_impl.cpp:244 WorkerThread 6: Can't spawn new thread: res = 11
[ERROR:0@27.665] global parallel_impl.cpp:244 WorkerThread 8: Can't spawn new thread: res = 11
[ERROR:0@27.665] global parallel_impl.cpp:244 WorkerThread 76: Can't spawn new thread: res = 11
[ERROR:0@27.665] global parallel_impl.cpp:244 WorkerThread 36: Can't spawn new thread: res = 11
[ERROR:0@27.665] global parallel_impl.cpp:244 WorkerThread 62: Can't spawn new thread: res = 11
[ERROR:0@27.665] global parallel_impl.cpp:244 WorkerThread 43: Can't spawn new thread: res = 11
[ERROR:0@27.665] global parallel_impl.cpp:244 WorkerThread 36: Can't spawn new thread: res = 11
[ERROR:0@27.665] global parallel_impl.cpp:244 WorkerThread 65: Can't spawn new thread: res = 11
[ERROR:0@27.665] global parallel_impl.cpp:244 WorkerThread 7: Can't spawn new thread: res = 11
[ERROR:0@27.665] global parallel_impl.cpp:244 WorkerThread 95: Can't spawn new thread: res = 11
[ERROR:0@27.665] global parallel_impl.cpp:244 WorkerThread 82: Can't spawn new thread: res = 11
[ERROR:0@27.665] global parallel_impl.cpp:244 WorkerThread 120: Can't spawn new thread: res = 11
[ERROR:0@27.665] global parallel_impl.cpp:244 WorkerThread 39: Can't spawn new thread: res = 11
[ERROR:0@27.665] global parallel_impl.cpp:244 WorkerThread 114: Can't spawn new thread: res = 11
[ERROR:0@27.665] global parallel_impl.cpp:244 WorkerThread 46: Can't spawn new thread: res = 11
[ERROR:0@27.665] global parallel_impl.cpp:244 WorkerThread 37: Can't spawn new thread: res = 11
[ERROR:0@27.665] global parallel_impl.cpp:244 WorkerThread 6: Can't spawn new thread: res = 11
[ERROR:0@27.665] global parallel_impl.cpp:244 WorkerThread 58: Can't spawn new thread: res = 11
[ERROR:0@27.665] global parallel_impl.cpp:244 WorkerThread 68: Can't spawn new thread: res = 11
[ERROR:0@27.665] global parallel_impl.cpp:244 WorkerThread 39: Can't spawn new thread: res = 11
[ERROR:0@27.665] global parallel_impl.cpp:244 WorkerThread 113: Can't spawn new thread: res = 11
[ERROR:0@27.665] global parallel_impl.cpp:244 WorkerThread 23: Can't spawn new thread: res = 11
[ERROR:0@27.665] global parallel_impl.cpp:244 WorkerThread 78: Can't spawn new thread: res = 11
[ERROR:0@27.665] global parallel_impl.cpp:244 WorkerThread 119: Can't spawn new thread: res = 11
[ERROR:0@27.665] global parallel_impl.cpp:244 WorkerThread 121: Can't spawn new thread: res = 11
[ERROR:0@27.665] global parallel_impl.cpp:244 WorkerThread 107: Can't spawn new thread: res = 11
[ERROR:0@27.665] global parallel_impl.cpp:244 WorkerThread 9: Can't spawn new thread: res = 11
[ERROR:0@27.665] global parallel_impl.cpp:244 WorkerThread 63: Can't spawn new thread: res = 11
[ERROR:0@27.665] global parallel_impl.cpp:244 WorkerThread 7: Can't spawn new thread: res = 11
[ERROR:0@27.665] global parallel_impl.cpp:244 WorkerThread 77: Can't spawn new thread: res = 11
[ERROR:0@27.665] global parallel_impl.cpp:244 WorkerThread 37: Can't spawn new thread: res = 11
[ERROR:0@27.665] global parallel_impl.cpp:244 WorkerThread 44: Can't spawn new thread: res = 11
[ERROR:0@27.665] global parallel_impl.cpp:244 WorkerThread 37: Can't spawn new thread: res = 11
[ERROR:0@27.665] global parallel_impl.cpp:244 WorkerThread 8: Can't spawn new thread: res = 11
[ERROR:0@27.665] global parallel_impl.cpp:244 WorkerThread 66: Can't spawn new thread: res = 11
[ERROR:0@27.665] global parallel_impl.cpp:244 WorkerThread 83: Can't spawn new thread: res = 11
[ERROR:0@27.665] global parallel_impl.cpp:244 WorkerThread 96: Can't spawn new thread: res = 11
[ERROR:0@27.665] global parallel_impl.cpp:244 WorkerThread 40: Can't spawn new thread: res = 11
[ERROR:0@27.665] global parallel_impl.cpp:244 WorkerThread 38: Can't spawn new thread: res = 11
[ERROR:0@27.665] global parallel_impl.cpp:244 WorkerThread 115: Can't spawn new thread: res = 11
[ERROR:0@27.665] global parallel_impl.cpp:244 WorkerThread 47: Can't spawn new thread: res = 11
[ERROR:0@27.665] global parallel_impl.cpp:244 WorkerThread 59: Can't spawn new thread: res = 11
[ERROR:0@27.665] global parallel_impl.cpp:244 WorkerThread 69: Can't spawn new thread: res = 11
[ERROR:0@27.665] global parallel_impl.cpp:244 WorkerThread 7: Can't spawn new thread: res = 11
[ERROR:0@27.665] global parallel_impl.cpp:244 WorkerThread 114: Can't spawn new thread: res = 11
[ERROR:0@27.665] global parallel_impl.cpp:244 WorkerThread 40: Can't spawn new thread: res = 11
[ERROR:0@27.665] global parallel_impl.cpp:244 WorkerThread 79: Can't spawn new thread: res = 11
[ERROR:0@27.665] global parallel_impl.cpp:244 WorkerThread 24: Can't spawn new thread: res = 11
[ERROR:0@27.665] global parallel_impl.cpp:244 WorkerThread 120: Can't spawn new thread: res = 11
[ERROR:0@27.665] global parallel_impl.cpp:244 WorkerThread 108: Can't spawn new thread: res = 11
[ERROR:0@27.665] global parallel_impl.cpp:244 WorkerThread 10: Can't spawn new thread: res = 11
[ERROR:0@27.665] global parallel_impl.cpp:244 WorkerThread 122: Can't spawn new thread: res = 11
[ERROR:0@27.665] global parallel_impl.cpp:244 WorkerThread 64: Can't spawn new thread: res = 11
[ERROR:0@27.665] global parallel_impl.cpp:244 WorkerThread 8: Can't spawn new thread: res = 11
[ERROR:0@27.665] global parallel_impl.cpp:244 WorkerThread 38: Can't spawn new thread: res = 11
[ERROR:0@27.665] global parallel_impl.cpp:244 WorkerThread 45: Can't spawn new thread: res = 11
[ERROR:0@27.665] global parallel_impl.cpp:244 WorkerThread 78: Can't spawn new thread: res = 11
[ERROR:0@27.665] global parallel_impl.cpp:244 WorkerThread 9: Can't spawn new thread: res = 11
[ERROR:0@27.665] global parallel_impl.cpp:244 WorkerThread 38: Can't spawn new thread: res = 11
[ERROR:0@27.665] global parallel_impl.cpp:244 WorkerThread 67: Can't spawn new thread: res = 11
[ERROR:0@27.665] global parallel_impl.cpp:244 WorkerThread 84: Can't spawn new thread: res = 11
[ERROR:0@27.665] global parallel_impl.cpp:244 WorkerThread 41: Can't spawn new thread: res = 11
[ERROR:0@27.665] global parallel_impl.cpp:244 WorkerThread 97: Can't spawn new thread: res = 11
[ERROR:0@27.666] global parallel_impl.cpp:244 WorkerThread 39: Can't spawn new thread: res = 11
[ERROR:0@27.666] global parallel_impl.cpp:244 WorkerThread 60: Can't spawn new thread: res = 11
[ERROR:0@27.665] global parallel_impl.cpp:244 WorkerThread 116: Can't spawn new thread: res = 11
[ERROR:0@27.666] global parallel_impl.cpp:244 WorkerThread 48: Can't spawn new thread: res = 11
[ERROR:0@27.666] global parallel_impl.cpp:244 WorkerThread 41: Can't spawn new thread: res = 11
[ERROR:0@27.666] global parallel_impl.cpp:244 WorkerThread 70: Can't spawn new thread: res = 11
[ERROR:0@27.666] global parallel_impl.cpp:244 WorkerThread 8: Can't spawn new thread: res = 11
[ERROR:0@27.665] global parallel_impl.cpp:244 WorkerThread 115: Can't spawn new thread: res = 11
[ERROR:0@27.665] global parallel_impl.cpp:244 WorkerThread 121: Can't spawn new thread: res = 11
[ERROR:0@27.666] global parallel_impl.cpp:244 WorkerThread 109: Can't spawn new thread: res = 11
[ERROR:0@27.665] global parallel_impl.cpp:244 WorkerThread 25: Can't spawn new thread: res = 11
[ERROR:0@27.666] global parallel_impl.cpp:244 WorkerThread 80: Can't spawn new thread: res = 11
[ERROR:0@27.665] global parallel_impl.cpp:244 WorkerThread 11: Can't spawn new thread: res = 11
[ERROR:0@27.666] global parallel_impl.cpp:244 WorkerThread 123: Can't spawn new thread: res = 11
[ERROR:0@27.666] global parallel_impl.cpp:244 WorkerThread 39: Can't spawn new thread: res = 11
[ERROR:0@27.666] global parallel_impl.cpp:244 WorkerThread 9: Can't spawn new thread: res = 11
[ERROR:0@27.666] global parallel_impl.cpp:244 WorkerThread 46: Can't spawn new thread: res = 11
[ERROR:0@27.666] global parallel_impl.cpp:244 WorkerThread 65: Can't spawn new thread: res = 11
[ERROR:0@27.666] global parallel_impl.cpp:244 WorkerThread 79: Can't spawn new thread: res = 11
[ERROR:0@27.666] global parallel_impl.cpp:244 WorkerThread 10: Can't spawn new thread: res = 11
[ERROR:0@27.666] global parallel_impl.cpp:244 WorkerThread 68: Can't spawn new thread: res = 11
[ERROR:0@27.666] global parallel_impl.cpp:244 WorkerThread 39: Can't spawn new thread: res = 11
[ERROR:0@27.666] global parallel_impl.cpp:244 WorkerThread 42: Can't spawn new thread: res = 11
[ERROR:0@27.666] global parallel_impl.cpp:244 WorkerThread 85: Can't spawn new thread: res = 11
[ERROR:0@27.666] global parallel_impl.cpp:244 WorkerThread 40: Can't spawn new thread: res = 11
[ERROR:0@27.666] global parallel_impl.cpp:244 WorkerThread 98: Can't spawn new thread: res = 11
[ERROR:0@27.666] global parallel_impl.cpp:244 WorkerThread 117: Can't spawn new thread: res = 11
[ERROR:0@27.666] global parallel_impl.cpp:244 WorkerThread 49: Can't spawn new thread: res = 11
[ERROR:0@27.666] global parallel_impl.cpp:244 WorkerThread 61: Can't spawn new thread: res = 11
[ERROR:0@27.666] global parallel_impl.cpp:244 WorkerThread 42: Can't spawn new thread: res = 11
[ERROR:0@27.666] global parallel_impl.cpp:244 WorkerThread 71: Can't spawn new thread: res = 11
[ERROR:0@27.666] global parallel_impl.cpp:244 WorkerThread 116: Can't spawn new thread: res = 11
[ERROR:0@27.666] global parallel_impl.cpp:244 WorkerThread 110: Can't spawn new thread: res = 11
[ERROR:0@27.666] global parallel_impl.cpp:244 WorkerThread 9: Can't spawn new thread: res = 11
[ERROR:0@27.666] global parallel_impl.cpp:244 WorkerThread 122: Can't spawn new thread: res = 11
[ERROR:0@27.666] global parallel_impl.cpp:244 WorkerThread 26: Can't spawn new thread: res = 11
[ERROR:0@27.666] global parallel_impl.cpp:244 WorkerThread 81: Can't spawn new thread: res = 11
[ERROR:0@27.666] global parallel_impl.cpp:244 WorkerThread 12: Can't spawn new thread: res = 11
[ERROR:0@27.666] global parallel_impl.cpp:244 WorkerThread 50: Can't spawn new thread: res = 11
[ERROR:0@27.666] global parallel_impl.cpp:244 WorkerThread 10: Can't spawn new thread: res = 11
[ERROR:0@27.666] global parallel_impl.cpp:244 WorkerThread 124: Can't spawn new thread: res = 11
[ERROR:0@27.666] global parallel_impl.cpp:244 WorkerThread 47: Can't spawn new thread: res = 11
[ERROR:0@27.666] global parallel_impl.cpp:244 WorkerThread 40: Can't spawn new thread: res = 11
[ERROR:0@27.666] global parallel_impl.cpp:244 WorkerThread 66: Can't spawn new thread: res = 11
[ERROR:0@27.666] global parallel_impl.cpp:244 WorkerThread 11: Can't spawn new thread: res = 11
[ERROR:0@27.666] global parallel_impl.cpp:244 WorkerThread 80: Can't spawn new thread: res = 11
[ERROR:0@27.666] global parallel_impl.cpp:244 WorkerThread 69: Can't spawn new thread: res = 11
[ERROR:0@27.666] global parallel_impl.cpp:244 WorkerThread 43: Can't spawn new thread: res = 11
[ERROR:0@27.666] global parallel_impl.cpp:244 WorkerThread 41: Can't spawn new thread: res = 11
[ERROR:0@27.666] global parallel_impl.cpp:244 WorkerThread 40: Can't spawn new thread: res = 11
[ERROR:0@27.666] global parallel_impl.cpp:244 WorkerThread 99: Can't spawn new thread: res = 11
[ERROR:0@27.666] global parallel_impl.cpp:244 WorkerThread 62: Can't spawn new thread: res = 11
[ERROR:0@27.666] global parallel_impl.cpp:244 WorkerThread 118: Can't spawn new thread: res = 11
[ERROR:0@27.666] global parallel_impl.cpp:244 WorkerThread 41: Can't spawn new thread: res = 11
[ERROR:0@27.666] global parallel_impl.cpp:244 WorkerThread 86: Can't spawn new thread: res = 11
[ERROR:0@27.666] global parallel_impl.cpp:244 WorkerThread 43: Can't spawn new thread: res = 11
[ERROR:0@27.666] global parallel_impl.cpp:244 WorkerThread 72: Can't spawn new thread: res = 11
[ERROR:0@27.666] global parallel_impl.cpp:244 WorkerThread 111: Can't spawn new thread: res = 11
[ERROR:0@27.666] global parallel_impl.cpp:244 WorkerThread 117: Can't spawn new thread: res = 11
[ERROR:0@27.666] global parallel_impl.cpp:244 WorkerThread 10: Can't spawn new thread: res = 11
[ERROR:0@27.666] global parallel_impl.cpp:244 WorkerThread 82: Can't spawn new thread: res = 11
[ERROR:0@27.666] global parallel_impl.cpp:244 WorkerThread 27: Can't spawn new thread: res = 11
[ERROR:0@27.666] global parallel_impl.cpp:244 WorkerThread 13: Can't spawn new thread: res = 11
[ERROR:0@27.666] global parallel_impl.cpp:244 WorkerThread 123: Can't spawn new thread: res = 11
[ERROR:0@27.666] global parallel_impl.cpp:244 WorkerThread 51: Can't spawn new thread: res = 11
[ERROR:0@27.666] global parallel_impl.cpp:244 WorkerThread 11: Can't spawn new thread: res = 11
[ERROR:0@27.666] global parallel_impl.cpp:244 WorkerThread 125: Can't spawn new thread: res = 11
[ERROR:0@27.666] global parallel_impl.cpp:244 WorkerThread 48: Can't spawn new thread: res = 11
[ERROR:0@27.666] global parallel_impl.cpp:244 WorkerThread 67: Can't spawn new thread: res = 11
[ERROR:0@27.666] global parallel_impl.cpp:244 WorkerThread 12: Can't spawn new thread: res = 11
[ERROR:0@27.666] global parallel_impl.cpp:244 WorkerThread 81: Can't spawn new thread: res = 11
[ERROR:0@27.666] global parallel_impl.cpp:244 WorkerThread 70: Can't spawn new thread: res = 11
[ERROR:0@27.666] global parallel_impl.cpp:244 WorkerThread 44: Can't spawn new thread: res = 11
[ERROR:0@27.666] global parallel_impl.cpp:244 WorkerThread 41: Can't spawn new thread: res = 11
[ERROR:0@27.666] global parallel_impl.cpp:244 WorkerThread 42: Can't spawn new thread: res = 11
[ERROR:0@27.666] global parallel_impl.cpp:244 WorkerThread 63: Can't spawn new thread: res = 11
[ERROR:0@27.666] global parallel_impl.cpp:244 WorkerThread 42: Can't spawn new thread: res = 11
[ERROR:0@27.666] global parallel_impl.cpp:244 WorkerThread 68: Can't spawn new thread: res = 11
[ERROR:0@27.666] global parallel_impl.cpp:244 WorkerThread 119: Can't spawn new thread: res = 11
[ERROR:0@27.666] global parallel_impl.cpp:244 WorkerThread 100: Can't spawn new thread: res = 11
[ERROR:0@27.666] global parallel_impl.cpp:244 WorkerThread 82: Can't spawn new thread: res = 11
[ERROR:0@27.666] global parallel_impl.cpp:244 WorkerThread 87: Can't spawn new thread: res = 11
[ERROR:0@27.666] global parallel_impl.cpp:244 WorkerThread 44: Can't spawn new thread: res = 11
[ERROR:0@27.666] global parallel_impl.cpp:244 WorkerThread 73: Can't spawn new thread: res = 11
[ERROR:0@27.666] global parallel_impl.cpp:244 WorkerThread 118: Can't spawn new thread: res = 11
[ERROR:0@27.666] global parallel_impl.cpp:244 WorkerThread 83: Can't spawn new thread: res = 11
[ERROR:0@27.666] global parallel_impl.cpp:244 WorkerThread 112: Can't spawn new thread: res = 11
[ERROR:0@27.666] global parallel_impl.cpp:244 WorkerThread 11: Can't spawn new thread: res = 11
[ERROR:0@27.666] global parallel_impl.cpp:244 WorkerThread 69: Can't spawn new thread: res = 11
[ERROR:0@27.666] global parallel_impl.cpp:244 WorkerThread 28: Can't spawn new thread: res = 11
[ERROR:0@27.666] global parallel_impl.cpp:244 WorkerThread 14: Can't spawn new thread: res = 11
[ERROR:0@27.666] global parallel_impl.cpp:244 WorkerThread 124: Can't spawn new thread: res = 11
[ERROR:0@27.666] global parallel_impl.cpp:244 WorkerThread 52: Can't spawn new thread: res = 11
[ERROR:0@27.666] global parallel_impl.cpp:244 WorkerThread 126: Can't spawn new thread: res = 11
[ERROR:0@27.666] global parallel_impl.cpp:244 WorkerThread 49: Can't spawn new thread: res = 11
[ERROR:0@27.666] global parallel_impl.cpp:244 WorkerThread 12: Can't spawn new thread: res = 11
[ERROR:0@27.666] global parallel_impl.cpp:244 WorkerThread 13: Can't spawn new thread: res = 11
[ERROR:0@27.666] global parallel_impl.cpp:244 WorkerThread 71: Can't spawn new thread: res = 11
[ERROR:0@27.666] global parallel_impl.cpp:244 WorkerThread 45: Can't spawn new thread: res = 11
[ERROR:0@27.666] global parallel_impl.cpp:244 WorkerThread 42: Can't spawn new thread: res = 11
[ERROR:0@27.666] global parallel_impl.cpp:244 WorkerThread 64: Can't spawn new thread: res = 11
[ERROR:0@27.666] global parallel_impl.cpp:244 WorkerThread 43: Can't spawn new thread: res = 11
[ERROR:0@27.666] global parallel_impl.cpp:244 WorkerThread 43: Can't spawn new thread: res = 11
[ERROR:0@27.666] global parallel_impl.cpp:244 WorkerThread 101: Can't spawn new thread: res = 11
[ERROR:0@27.666] global parallel_impl.cpp:244 WorkerThread 120: Can't spawn new thread: res = 11
[ERROR:0@27.666] global parallel_impl.cpp:244 WorkerThread 88: Can't spawn new thread: res = 11
[ERROR:0@27.666] global parallel_impl.cpp:244 WorkerThread 74: Can't spawn new thread: res = 11
[ERROR:0@27.666] global parallel_impl.cpp:244 WorkerThread 84: Can't spawn new thread: res = 11
[ERROR:0@27.666] global parallel_impl.cpp:244 WorkerThread 113: Can't spawn new thread: res = 11
[ERROR:0@27.666] global parallel_impl.cpp:244 WorkerThread 83: Can't spawn new thread: res = 11
[ERROR:0@27.666] global parallel_impl.cpp:244 WorkerThread 119: Can't spawn new thread: res = 11
[ERROR:0@27.666] global parallel_impl.cpp:244 WorkerThread 45: Can't spawn new thread: res = 11
[ERROR:0@27.666] global parallel_impl.cpp:244 WorkerThread 29: Can't spawn new thread: res = 11
[ERROR:0@27.666] global parallel_impl.cpp:244 WorkerThread 102: Can't spawn new thread: res = 11
[ERROR:0@27.666] global parallel_impl.cpp:244 WorkerThread 15: Can't spawn new thread: res = 11
[ERROR:0@27.666] global parallel_impl.cpp:244 WorkerThread 12: Can't spawn new thread: res = 11
[ERROR:0@27.666] global parallel_impl.cpp:244 WorkerThread 70: Can't spawn new thread: res = 11
[ERROR:0@27.666] global parallel_impl.cpp:244 WorkerThread 53: Can't spawn new thread: res = 11
[ERROR:0@27.666] global parallel_impl.cpp:244 WorkerThread 125: Can't spawn new thread: res = 11
[ERROR:0@27.666] global parallel_impl.cpp:244 WorkerThread 14: Can't spawn new thread: res = 11
[ERROR:0@27.666] global parallel_impl.cpp:244 WorkerThread 13: Can't spawn new thread: res = 11
[ERROR:0@27.666] global parallel_impl.cpp:244 WorkerThread 50: Can't spawn new thread: res = 11
[ERROR:0@27.666] global parallel_impl.cpp:244 WorkerThread 72: Can't spawn new thread: res = 11
[ERROR:0@27.666] global parallel_impl.cpp:244 WorkerThread 46: Can't spawn new thread: res = 11
[ERROR:0@27.666] global parallel_impl.cpp:244 WorkerThread 43: Can't spawn new thread: res = 11
[ERROR:0@27.666] global parallel_impl.cpp:244 WorkerThread 44: Can't spawn new thread: res = 11
[ERROR:0@27.666] global parallel_impl.cpp:244 WorkerThread 44: Can't spawn new thread: res = 11
[ERROR:0@27.666] global parallel_impl.cpp:244 WorkerThread 65: Can't spawn new thread: res = 11
[ERROR:0@27.666] global parallel_impl.cpp:244 WorkerThread 121: Can't spawn new thread: res = 11
[ERROR:0@27.666] global parallel_impl.cpp:244 WorkerThread 89: Can't spawn new thread: res = 11
[ERROR:0@27.666] global parallel_impl.cpp:244 WorkerThread 114: Can't spawn new thread: res = 11
[ERROR:0@27.666] global parallel_impl.cpp:244 WorkerThread 85: Can't spawn new thread: res = 11
[ERROR:0@27.666] global parallel_impl.cpp:244 WorkerThread 75: Can't spawn new thread: res = 11
[ERROR:0@27.666] global parallel_impl.cpp:244 WorkerThread 57: Can't spawn new thread: res = 11
[ERROR:0@27.666] global parallel_impl.cpp:244 WorkerThread 84: Can't spawn new thread: res = 11
[ERROR:0@27.666] global parallel_impl.cpp:244 WorkerThread 46: Can't spawn new thread: res = 11
[ERROR:0@27.666] global parallel_impl.cpp:244 WorkerThread 47: Can't spawn new thread: res = 11
[ERROR:0@27.666] global parallel_impl.cpp:244 WorkerThread 30: Can't spawn new thread: res = 11
[ERROR:0@27.666] global parallel_impl.cpp:244 WorkerThread 16: Can't spawn new thread: res = 11
[ERROR:0@27.666] global parallel_impl.cpp:244 WorkerThread 120: Can't spawn new thread: res = 11
[ERROR:0@27.666] global parallel_impl.cpp:244 WorkerThread 103: Can't spawn new thread: res = 11
[ERROR:0@27.666] global parallel_impl.cpp:244 WorkerThread 54: Can't spawn new thread: res = 11
[ERROR:0@27.666] global parallel_impl.cpp:244 WorkerThread 71: Can't spawn new thread: res = 11
[ERROR:0@27.666] global parallel_impl.cpp:244 WorkerThread 13: Can't spawn new thread: res = 11
[ERROR:0@27.666] global parallel_impl.cpp:244 WorkerThread 14: Can't spawn new thread: res = 11
[ERROR:0@27.666] global parallel_impl.cpp:244 WorkerThread 15: Can't spawn new thread: res = 11
[ERROR:0@27.666] global parallel_impl.cpp:244 WorkerThread 73: Can't spawn new thread: res = 11
[ERROR:0@27.666] global parallel_impl.cpp:244 WorkerThread 104: Can't spawn new thread: res = 11
[ERROR:0@27.666] global parallel_impl.cpp:244 WorkerThread 51: Can't spawn new thread: res = 11
[ERROR:0@27.666] global parallel_impl.cpp:244 WorkerThread 126: Can't spawn new thread: res = 11
[ERROR:0@27.666] global parallel_impl.cpp:244 WorkerThread 44: Can't spawn new thread: res = 11
[ERROR:0@27.666] global parallel_impl.cpp:244 WorkerThread 45: Can't spawn new thread: res = 11
[ERROR:0@27.666] global parallel_impl.cpp:244 WorkerThread 74: Can't spawn new thread: res = 11
[ERROR:0@27.666] global parallel_impl.cpp:244 WorkerThread 122: Can't spawn new thread: res = 11
[ERROR:0@27.666] global parallel_impl.cpp:244 WorkerThread 90: Can't spawn new thread: res = 11
[ERROR:0@27.666] global parallel_impl.cpp:244 WorkerThread 45: Can't spawn new thread: res = 11
[ERROR:0@27.666] global parallel_impl.cpp:244 WorkerThread 86: Can't spawn new thread: res = 11
[ERROR:0@27.666] global parallel_impl.cpp:244 WorkerThread 115: Can't spawn new thread: res = 11
[ERROR:0@27.666] global parallel_impl.cpp:244 WorkerThread 66: Can't spawn new thread: res = 11
[ERROR:0@27.666] global parallel_impl.cpp:244 WorkerThread 76: Can't spawn new thread: res = 11
[ERROR:0@27.666] global parallel_impl.cpp:244 WorkerThread 47: Can't spawn new thread: res = 11
[ERROR:0@27.666] global parallel_impl.cpp:244 WorkerThread 48: Can't spawn new thread: res = 11
[ERROR:0@27.666] global parallel_impl.cpp:244 WorkerThread 85: Can't spawn new thread: res = 11
[ERROR:0@27.666] global parallel_impl.cpp:244 WorkerThread 58: Can't spawn new thread: res = 11
[ERROR:0@27.666] global parallel_impl.cpp:244 WorkerThread 31: Can't spawn new thread: res = 11
[ERROR:0@27.666] global parallel_impl.cpp:244 WorkerThread 17: Can't spawn new thread: res = 11
[ERROR:0@27.666] global parallel_impl.cpp:244 WorkerThread 121: Can't spawn new thread: res = 11
[ERROR:0@27.666] global parallel_impl.cpp:244 WorkerThread 116: Can't spawn new thread: res = 11
[ERROR:0@27.666] global parallel_impl.cpp:244 WorkerThread 55: Can't spawn new thread: res = 11
[ERROR:0@27.666] global parallel_impl.cpp:244 WorkerThread 72: Can't spawn new thread: res = 11
[ERROR:0@27.666] global parallel_impl.cpp:244 WorkerThread 14: Can't spawn new thread: res = 11
[ERROR:0@27.666] global parallel_impl.cpp:244 WorkerThread 15: Can't spawn new thread: res = 11
[ERROR:0@27.666] global parallel_impl.cpp:244 WorkerThread 16: Can't spawn new thread: res = 11
[ERROR:0@27.666] global parallel_impl.cpp:244 WorkerThread 52: Can't spawn new thread: res = 11
[ERROR:0@27.666] global parallel_impl.cpp:244 WorkerThread 59: Can't spawn new thread: res = 11
[ERROR:0@27.666] global parallel_impl.cpp:244 WorkerThread 105: Can't spawn new thread: res = 11
[ERROR:0@27.666] global parallel_impl.cpp:244 WorkerThread 46: Can't spawn new thread: res = 11
[ERROR:0@27.666] global parallel_impl.cpp:244 WorkerThread 123: Can't spawn new thread: res = 11
[ERROR:0@27.666] global parallel_impl.cpp:244 WorkerThread 87: Can't spawn new thread: res = 11
[ERROR:0@27.666] global parallel_impl.cpp:244 WorkerThread 75: Can't spawn new thread: res = 11
[ERROR:0@27.666] global parallel_impl.cpp:244 WorkerThread 45: Can't spawn new thread: res = 11
[ERROR:0@27.666] global parallel_impl.cpp:244 WorkerThread 15: Can't spawn new thread: res = 11
[ERROR:0@27.666] global parallel_impl.cpp:244 WorkerThread 46: Can't spawn new thread: res = 11
[ERROR:0@27.666] global parallel_impl.cpp:244 WorkerThread 77: Can't spawn new thread: res = 11
[ERROR:0@27.666] global parallel_impl.cpp:244 WorkerThread 67: Can't spawn new thread: res = 11
[ERROR:0@27.666] global parallel_impl.cpp:244 WorkerThread 91: Can't spawn new thread: res = 11
[ERROR:0@27.666] global parallel_impl.cpp:244 WorkerThread 48: Can't spawn new thread: res = 11
[ERROR:0@27.666] global parallel_impl.cpp:244 WorkerThread 49: Can't spawn new thread: res = 11
[ERROR:0@27.666] global parallel_impl.cpp:244 WorkerThread 86: Can't spawn new thread: res = 11
[ERROR:0@27.666] global parallel_impl.cpp:244 WorkerThread 32: Can't spawn new thread: res = 11
[ERROR:0@27.666] global parallel_impl.cpp:244 WorkerThread 18: Can't spawn new thread: res = 11
[ERROR:0@27.666] global parallel_impl.cpp:244 WorkerThread 122: Can't spawn new thread: res = 11
[ERROR:0@27.666] global parallel_impl.cpp:244 WorkerThread 73: Can't spawn new thread: res = 11
[ERROR:0@27.666] global parallel_impl.cpp:244 WorkerThread 92: Can't spawn new thread: res = 11
[ERROR:0@27.666] global parallel_impl.cpp:244 WorkerThread 56: Can't spawn new thread: res = 11
[ERROR:0@27.666] global parallel_impl.cpp:244 WorkerThread 16: Can't spawn new thread: res = 11
[ERROR:0@27.666] global parallel_impl.cpp:244 WorkerThread 17: Can't spawn new thread: res = 11
[ERROR:0@27.666] global parallel_impl.cpp:244 WorkerThread 117: Can't spawn new thread: res = 11
[ERROR:0@27.666] global parallel_impl.cpp:244 WorkerThread 53: Can't spawn new thread: res = 11
[ERROR:0@27.666] global parallel_impl.cpp:244 WorkerThread 106: Can't spawn new thread: res = 11
[ERROR:0@27.666] global parallel_impl.cpp:244 WorkerThread 60: Can't spawn new thread: res = 11
[ERROR:0@27.666] global parallel_impl.cpp:244 WorkerThread 124: Can't spawn new thread: res = 11
[ERROR:0@27.666] global parallel_impl.cpp:244 WorkerThread 47: Can't spawn new thread: res = 11
[ERROR:0@27.666] global parallel_impl.cpp:244 WorkerThread 88: Can't spawn new thread: res = 11
[ERROR:0@27.666] global parallel_impl.cpp:244 WorkerThread 74: Can't spawn new thread: res = 11
[ERROR:0@27.666] global parallel_impl.cpp:244 WorkerThread 76: Can't spawn new thread: res = 11
[ERROR:0@27.666] global parallel_impl.cpp:244 WorkerThread 93: Can't spawn new thread: res = 11
[ERROR:0@27.666] global parallel_impl.cpp:244 WorkerThread 46: Can't spawn new thread: res = 11
[ERROR:0@27.666] global parallel_impl.cpp:244 WorkerThread 118: Can't spawn new thread: res = 11
[ERROR:0@27.666] global parallel_impl.cpp:244 WorkerThread 16: Can't spawn new thread: res = 11
[ERROR:0@27.666] global parallel_impl.cpp:244 WorkerThread 47: Can't spawn new thread: res = 11
[ERROR:0@27.666] global parallel_impl.cpp:244 WorkerThread 78: Can't spawn new thread: res = 11
[ERROR:0@27.666] global parallel_impl.cpp:244 WorkerThread 68: Can't spawn new thread: res = 11
[ERROR:0@27.666] global parallel_impl.cpp:244 WorkerThread 49: Can't spawn new thread: res = 11
[ERROR:0@27.666] global parallel_impl.cpp:244 WorkerThread 50: Can't spawn new thread: res = 11
[ERROR:0@27.666] global parallel_impl.cpp:244 WorkerThread 33: Can't spawn new thread: res = 11
[ERROR:0@27.666] global parallel_impl.cpp:244 WorkerThread 87: Can't spawn new thread: res = 11
[ERROR:0@27.666] global parallel_impl.cpp:244 WorkerThread 19: Can't spawn new thread: res = 11
[ERROR:0@27.666] global parallel_impl.cpp:244 WorkerThread 123: Can't spawn new thread: res = 11
[ERROR:0@27.666] global parallel_impl.cpp:244 WorkerThread 57: Can't spawn new thread: res = 11
[ERROR:0@27.666] global parallel_impl.cpp:244 WorkerThread 18: Can't spawn new thread: res = 11
[ERROR:0@27.666] global parallel_impl.cpp:244 WorkerThread 54: Can't spawn new thread: res = 11
[ERROR:0@27.666] global parallel_impl.cpp:244 WorkerThread 17: Can't spawn new thread: res = 11
[ERROR:0@27.666] global parallel_impl.cpp:244 WorkerThread 61: Can't spawn new thread: res = 11
[ERROR:0@27.666] global parallel_impl.cpp:244 WorkerThread 107: Can't spawn new thread: res = 11
[ERROR:0@27.666] global parallel_impl.cpp:244 WorkerThread 48: Can't spawn new thread: res = 11
[ERROR:0@27.666] global parallel_impl.cpp:244 WorkerThread 89: Can't spawn new thread: res = 11
[ERROR:0@27.666] global parallel_impl.cpp:244 WorkerThread 77: Can't spawn new thread: res = 11
[ERROR:0@27.666] global parallel_impl.cpp:244 WorkerThread 94: Can't spawn new thread: res = 11
[ERROR:0@27.666] global parallel_impl.cpp:244 WorkerThread 125: Can't spawn new thread: res = 11
[ERROR:0@27.666] global parallel_impl.cpp:244 WorkerThread 75: Can't spawn new thread: res = 11
[ERROR:0@27.666] global parallel_impl.cpp:244 WorkerThread 119: Can't spawn new thread: res = 11
[ERROR:0@27.666] global parallel_impl.cpp:244 WorkerThread 108: Can't spawn new thread: res = 11
[ERROR:0@27.666] global parallel_impl.cpp:244 WorkerThread 47: Can't spawn new thread: res = 11
[ERROR:0@27.666] global parallel_impl.cpp:244 WorkerThread 17: Can't spawn new thread: res = 11
[ERROR:0@27.666] global parallel_impl.cpp:244 WorkerThread 48: Can't spawn new thread: res = 11
[ERROR:0@27.666] global parallel_impl.cpp:244 WorkerThread 79: Can't spawn new thread: res = 11
[ERROR:0@27.666] global parallel_impl.cpp:244 WorkerThread 69: Can't spawn new thread: res = 11
[ERROR:0@27.666] global parallel_impl.cpp:244 WorkerThread 51: Can't spawn new thread: res = 11
[ERROR:0@27.666] global parallel_impl.cpp:244 WorkerThread 76: Can't spawn new thread: res = 11
[ERROR:0@27.666] global parallel_impl.cpp:244 WorkerThread 34: Can't spawn new thread: res = 11
[ERROR:0@27.666] global parallel_impl.cpp:244 WorkerThread 50: Can't spawn new thread: res = 11
[ERROR:0@27.666] global parallel_impl.cpp:244 WorkerThread 20: Can't spawn new thread: res = 11
[ERROR:0@27.666] global parallel_impl.cpp:244 WorkerThread 109: Can't spawn new thread: res = 11
[ERROR:0@27.666] global parallel_impl.cpp:244 WorkerThread 124: Can't spawn new thread: res = 11
[ERROR:0@27.666] global parallel_impl.cpp:244 WorkerThread 19: Can't spawn new thread: res = 11
[ERROR:0@27.666] global parallel_impl.cpp:244 WorkerThread 58: Can't spawn new thread: res = 11
[ERROR:0@27.666] global parallel_impl.cpp:244 WorkerThread 62: Can't spawn new thread: res = 11
[ERROR:0@27.666] global parallel_impl.cpp:244 WorkerThread 88: Can't spawn new thread: res = 11
[ERROR:0@27.666] global parallel_impl.cpp:244 WorkerThread 18: Can't spawn new thread: res = 11
[ERROR:0@27.666] global parallel_impl.cpp:244 WorkerThread 55: Can't spawn new thread: res = 11
[ERROR:0@27.666] global parallel_impl.cpp:244 WorkerThread 49: Can't spawn new thread: res = 11
[ERROR:0@27.666] global parallel_impl.cpp:244 WorkerThread 78: Can't spawn new thread: res = 11
[ERROR:0@27.666] global parallel_impl.cpp:244 WorkerThread 95: Can't spawn new thread: res = 11
[ERROR:0@27.666] global parallel_impl.cpp:244 WorkerThread 126: Can't spawn new thread: res = 11
[ERROR:0@27.666] global parallel_impl.cpp:244 WorkerThread 90: Can't spawn new thread: res = 11
[ERROR:0@27.666] global parallel_impl.cpp:244 WorkerThread 120: Can't spawn new thread: res = 11
[ERROR:0@27.666] global parallel_impl.cpp:244 WorkerThread 49: Can't spawn new thread: res = 11
[ERROR:0@27.666] global parallel_impl.cpp:244 WorkerThread 48: Can't spawn new thread: res = 11
[ERROR:0@27.666] global parallel_impl.cpp:244 WorkerThread 70: Can't spawn new thread: res = 11
[ERROR:0@27.666] global parallel_impl.cpp:244 WorkerThread 80: Can't spawn new thread: res = 11
[ERROR:0@27.666] global parallel_impl.cpp:244 WorkerThread 19: Can't spawn new thread: res = 11
[ERROR:0@27.666] global parallel_impl.cpp:244 WorkerThread 52: Can't spawn new thread: res = 11
[ERROR:0@27.666] global parallel_impl.cpp:244 WorkerThread 18: Can't spawn new thread: res = 11
[ERROR:0@27.666] global parallel_impl.cpp:244 WorkerThread 77: Can't spawn new thread: res = 11
[ERROR:0@27.666] global parallel_impl.cpp:244 WorkerThread 96: Can't spawn new thread: res = 11
[ERROR:0@27.666] global parallel_impl.cpp:244 WorkerThread 51: Can't spawn new thread: res = 11
[ERROR:0@27.666] global parallel_impl.cpp:244 WorkerThread 21: Can't spawn new thread: res = 11
[ERROR:0@27.666] global parallel_impl.cpp:244 WorkerThread 35: Can't spawn new thread: res = 11
[ERROR:0@27.666] global parallel_impl.cpp:244 WorkerThread 63: Can't spawn new thread: res = 11
[ERROR:0@27.666] global parallel_impl.cpp:244 WorkerThread 125: Can't spawn new thread: res = 11
[ERROR:0@27.666] global parallel_impl.cpp:244 WorkerThread 59: Can't spawn new thread: res = 11
[ERROR:0@27.666] global parallel_impl.cpp:244 WorkerThread 56: Can't spawn new thread: res = 11
[ERROR:0@27.666] global parallel_impl.cpp:244 WorkerThread 89: Can't spawn new thread: res = 11
[ERROR:0@27.666] global parallel_impl.cpp:244 WorkerThread 110: Can't spawn new thread: res = 11
[ERROR:0@27.666] global parallel_impl.cpp:244 WorkerThread 20: Can't spawn new thread: res = 11
[ERROR:0@27.666] global parallel_impl.cpp:244 WorkerThread 50: Can't spawn new thread: res = 11
[ERROR:0@27.666] global parallel_impl.cpp:244 WorkerThread 79: Can't spawn new thread: res = 11
[ERROR:0@27.666] global parallel_impl.cpp:244 WorkerThread 91: Can't spawn new thread: res = 11
[ERROR:0@27.666] global parallel_impl.cpp:244 WorkerThread 121: Can't spawn new thread: res = 11
[ERROR:0@27.666] global parallel_impl.cpp:244 WorkerThread 50: Can't spawn new thread: res = 11
[ERROR:0@27.666] global parallel_impl.cpp:244 WorkerThread 49: Can't spawn new thread: res = 11
[ERROR:0@27.666] global parallel_impl.cpp:244 WorkerThread 81: Can't spawn new thread: res = 11
[ERROR:0@27.666] global parallel_impl.cpp:244 WorkerThread 20: Can't spawn new thread: res = 11
[ERROR:0@27.666] global parallel_impl.cpp:244 WorkerThread 71: Can't spawn new thread: res = 11
[ERROR:0@27.666] global parallel_impl.cpp:244 WorkerThread 53: Can't spawn new thread: res = 11
[ERROR:0@27.666] global parallel_impl.cpp:244 WorkerThread 19: Can't spawn new thread: res = 11
[ERROR:0@27.666] global parallel_impl.cpp:244 WorkerThread 78: Can't spawn new thread: res = 11
[ERROR:0@27.666] global parallel_impl.cpp:244 WorkerThread 97: Can't spawn new thread: res = 11
[ERROR:0@27.666] global parallel_impl.cpp:244 WorkerThread 52: Can't spawn new thread: res = 11
[ERROR:0@27.666] global parallel_impl.cpp:244 WorkerThread 36: Can't spawn new thread: res = 11
[ERROR:0@27.666] global parallel_impl.cpp:244 WorkerThread 22: Can't spawn new thread: res = 11
[ERROR:0@27.666] global parallel_impl.cpp:244 WorkerThread 64: Can't spawn new thread: res = 11
[ERROR:0@27.666] global parallel_impl.cpp:244 WorkerThread 126: Can't spawn new thread: res = 11
[ERROR:0@27.666] global parallel_impl.cpp:244 WorkerThread 57: Can't spawn new thread: res = 11
[ERROR:0@27.666] global parallel_impl.cpp:244 WorkerThread 21: Can't spawn new thread: res = 11
[ERROR:0@27.666] global parallel_impl.cpp:244 WorkerThread 111: Can't spawn new thread: res = 11
[ERROR:0@27.666] global parallel_impl.cpp:244 WorkerThread 90: Can't spawn new thread: res = 11
[ERROR:0@27.666] global parallel_impl.cpp:244 WorkerThread 60: Can't spawn new thread: res = 11
[ERROR:0@27.667] global parallel_impl.cpp:244 WorkerThread 20: Can't spawn new thread: res = 11
[ERROR:0@27.667] global parallel_impl.cpp:244 WorkerThread 98: Can't spawn new thread: res = 11
[ERROR:0@27.666] global parallel_impl.cpp:244 WorkerThread 51: Can't spawn new thread: res = 11
[ERROR:0@27.666] global parallel_impl.cpp:244 WorkerThread 92: Can't spawn new thread: res = 11
[ERROR:0@27.667] global parallel_impl.cpp:244 WorkerThread 80: Can't spawn new thread: res = 11
[ERROR:0@27.667] global parallel_impl.cpp:244 WorkerThread 122: Can't spawn new thread: res = 11
[ERROR:0@27.667] global parallel_impl.cpp:244 WorkerThread 51: Can't spawn new thread: res = 11
[ERROR:0@27.667] global parallel_impl.cpp:244 WorkerThread 112: Can't spawn new thread: res = 11
[ERROR:0@27.667] global parallel_impl.cpp:244 WorkerThread 82: Can't spawn new thread: res = 11
[ERROR:0@27.667] global parallel_impl.cpp:244 WorkerThread 21: Can't spawn new thread: res = 11
[ERROR:0@27.667] global parallel_impl.cpp:244 WorkerThread 99: Can't spawn new thread: res = 11
[ERROR:0@27.667] global parallel_impl.cpp:244 WorkerThread 72: Can't spawn new thread: res = 11
[ERROR:0@27.667] global parallel_impl.cpp:244 WorkerThread 50: Can't spawn new thread: res = 11
[ERROR:0@27.667] global parallel_impl.cpp:244 WorkerThread 52: Can't spawn new thread: res = 11
[ERROR:0@27.667] global parallel_impl.cpp:244 WorkerThread 79: Can't spawn new thread: res = 11
[ERROR:0@27.666] global parallel_impl.cpp:244 WorkerThread 54: Can't spawn new thread: res = 11
[ERROR:0@27.667] global parallel_impl.cpp:244 WorkerThread 53: Can't spawn new thread: res = 11
[ERROR:0@27.666] global parallel_impl.cpp:244 WorkerThread 37: Can't spawn new thread: res = 11
[ERROR:0@27.666] global parallel_impl.cpp:244 WorkerThread 23: Can't spawn new thread: res = 11
[ERROR:0@27.667] global parallel_impl.cpp:244 WorkerThread 22: Can't spawn new thread: res = 11
[ERROR:0@27.666] global parallel_impl.cpp:244 WorkerThread 58: Can't spawn new thread: res = 11
[ERROR:0@27.667] global parallel_impl.cpp:244 WorkerThread 55: Can't spawn new thread: res = 11
[ERROR:0@27.667] global parallel_impl.cpp:244 WorkerThread 91: Can't spawn new thread: res = 11
[ERROR:0@27.667] global parallel_impl.cpp:244 WorkerThread 65: Can't spawn new thread: res = 11
[ERROR:0@27.667] global parallel_impl.cpp:244 WorkerThread 61: Can't spawn new thread: res = 11
[ERROR:0@27.667] global parallel_impl.cpp:244 WorkerThread 21: Can't spawn new thread: res = 11
[ERROR:0@27.667] global parallel_impl.cpp:244 WorkerThread 93: Can't spawn new thread: res = 11
[ERROR:0@27.667] global parallel_impl.cpp:244 WorkerThread 81: Can't spawn new thread: res = 11
[ERROR:0@27.667] global parallel_impl.cpp:244 WorkerThread 23: Can't spawn new thread: res = 11
[ERROR:0@27.667] global parallel_impl.cpp:244 WorkerThread 52: Can't spawn new thread: res = 11
[ERROR:0@27.667] global parallel_impl.cpp:244 WorkerThread 123: Can't spawn new thread: res = 11
[ERROR:0@27.667] global parallel_impl.cpp:244 WorkerThread 113: Can't spawn new thread: res = 11
[ERROR:0@27.667] global parallel_impl.cpp:244 WorkerThread 83: Can't spawn new thread: res = 11
[ERROR:0@27.667] global parallel_impl.cpp:244 WorkerThread 100: Can't spawn new thread: res = 11
[ERROR:0@27.667] global parallel_impl.cpp:244 WorkerThread 22: Can't spawn new thread: res = 11
[ERROR:0@27.667] global parallel_impl.cpp:244 WorkerThread 73: Can't spawn new thread: res = 11
[ERROR:0@27.667] global parallel_impl.cpp:244 WorkerThread 51: Can't spawn new thread: res = 11
[ERROR:0@27.667] global parallel_impl.cpp:244 WorkerThread 53: Can't spawn new thread: res = 11
[ERROR:0@27.667] global parallel_impl.cpp:244 WorkerThread 72: Can't spawn new thread: res = 11
[ERROR:0@27.667] global parallel_impl.cpp:244 WorkerThread 80: Can't spawn new thread: res = 11
[ERROR:0@27.667] global parallel_impl.cpp:244 WorkerThread 54: Can't spawn new thread: res = 11
[ERROR:0@27.667] global parallel_impl.cpp:244 WorkerThread 38: Can't spawn new thread: res = 11
[ERROR:0@27.667] global parallel_impl.cpp:244 WorkerThread 24: Can't spawn new thread: res = 11
[ERROR:0@27.667] global parallel_impl.cpp:244 WorkerThread 59: Can't spawn new thread: res = 11
[ERROR:0@27.667] global parallel_impl.cpp:244 WorkerThread 66: Can't spawn new thread: res = 11
[ERROR:0@27.667] global parallel_impl.cpp:244 WorkerThread 56: Can't spawn new thread: res = 11
[ERROR:0@27.667] global parallel_impl.cpp:244 WorkerThread 92: Can't spawn new thread: res = 11
[ERROR:0@27.667] global parallel_impl.cpp:244 WorkerThread 62: Can't spawn new thread: res = 11
[ERROR:0@27.667] global parallel_impl.cpp:244 WorkerThread 94: Can't spawn new thread: res = 11
[ERROR:0@27.667] global parallel_impl.cpp:244 WorkerThread 22: Can't spawn new thread: res = 11
[ERROR:0@27.667] global parallel_impl.cpp:244 WorkerThread 24: Can't spawn new thread: res = 11
[ERROR:0@27.667] global parallel_impl.cpp:244 WorkerThread 82: Can't spawn new thread: res = 11
[ERROR:0@27.667] global parallel_impl.cpp:244 WorkerThread 53: Can't spawn new thread: res = 11
[ERROR:0@27.667] global parallel_impl.cpp:244 WorkerThread 124: Can't spawn new thread: res = 11
[ERROR:0@27.667] global parallel_impl.cpp:244 WorkerThread 84: Can't spawn new thread: res = 11
[ERROR:0@27.667] global parallel_impl.cpp:244 WorkerThread 23: Can't spawn new thread: res = 11
[ERROR:0@27.667] global parallel_impl.cpp:244 WorkerThread 114: Can't spawn new thread: res = 11
[ERROR:0@27.667] global parallel_impl.cpp:244 WorkerThread 101: Can't spawn new thread: res = 11
[ERROR:0@27.667] global parallel_impl.cpp:244 WorkerThread 74: Can't spawn new thread: res = 11
[ERROR:0@27.667] global parallel_impl.cpp:244 WorkerThread 54: Can't spawn new thread: res = 11
[ERROR:0@27.667] global parallel_impl.cpp:244 WorkerThread 52: Can't spawn new thread: res = 11
[ERROR:0@27.667] global parallel_impl.cpp:244 WorkerThread 125: Can't spawn new thread: res = 11
[ERROR:0@27.667] global parallel_impl.cpp:244 WorkerThread 81: Can't spawn new thread: res = 11
[ERROR:0@27.667] global parallel_impl.cpp:244 WorkerThread 39: Can't spawn new thread: res = 11
[ERROR:0@27.667] global parallel_impl.cpp:244 WorkerThread 73: Can't spawn new thread: res = 11
[ERROR:0@27.667] global parallel_impl.cpp:244 WorkerThread 25: Can't spawn new thread: res = 11
[ERROR:0@27.667] global parallel_impl.cpp:244 WorkerThread 57: Can't spawn new thread: res = 11
[ERROR:0@27.667] global parallel_impl.cpp:244 WorkerThread 55: Can't spawn new thread: res = 11
[ERROR:0@27.667] global parallel_impl.cpp:244 WorkerThread 55: Can't spawn new thread: res = 11
[ERROR:0@27.667] global parallel_impl.cpp:244 WorkerThread 67: Can't spawn new thread: res = 11
[ERROR:0@27.667] global parallel_impl.cpp:244 WorkerThread 60: Can't spawn new thread: res = 11
[ERROR:0@27.667] global parallel_impl.cpp:244 WorkerThread 74: Can't spawn new thread: res = 11
[ERROR:0@27.667] global parallel_impl.cpp:244 WorkerThread 93: Can't spawn new thread: res = 11
[ERROR:0@27.667] global parallel_impl.cpp:244 WorkerThread 63: Can't spawn new thread: res = 11
[ERROR:0@27.667] global parallel_impl.cpp:244 WorkerThread 95: Can't spawn new thread: res = 11
[ERROR:0@27.667] global parallel_impl.cpp:244 WorkerThread 54: Can't spawn new thread: res = 11
[ERROR:0@27.667] global parallel_impl.cpp:244 WorkerThread 83: Can't spawn new thread: res = 11
[ERROR:0@27.667] global parallel_impl.cpp:244 WorkerThread 23: Can't spawn new thread: res = 11
[ERROR:0@27.667] global parallel_impl.cpp:244 WorkerThread 25: Can't spawn new thread: res = 11
[ERROR:0@27.667] global parallel_impl.cpp:244 WorkerThread 24: Can't spawn new thread: res = 11
[ERROR:0@27.667] global parallel_impl.cpp:244 WorkerThread 85: Can't spawn new thread: res = 11
[ERROR:0@27.667] global parallel_impl.cpp:244 WorkerThread 102: Can't spawn new thread: res = 11
[ERROR:0@27.667] global parallel_impl.cpp:244 WorkerThread 75: Can't spawn new thread: res = 11
[ERROR:0@27.667] global parallel_impl.cpp:244 WorkerThread 115: Can't spawn new thread: res = 11
[ERROR:0@27.667] global parallel_impl.cpp:244 WorkerThread 53: Can't spawn new thread: res = 11
[ERROR:0@27.667] global parallel_impl.cpp:244 WorkerThread 126: Can't spawn new thread: res = 11
[ERROR:0@27.667] global parallel_impl.cpp:244 WorkerThread 82: Can't spawn new thread: res = 11
[ERROR:0@27.667] global parallel_impl.cpp:244 WorkerThread 96: Can't spawn new thread: res = 11
[ERROR:0@27.667] global parallel_impl.cpp:244 WorkerThread 58: Can't spawn new thread: res = 11
[ERROR:0@27.667] global parallel_impl.cpp:244 WorkerThread 40: Can't spawn new thread: res = 11
[ERROR:0@27.667] global parallel_impl.cpp:244 WorkerThread 86: Can't spawn new thread: res = 11
[ERROR:0@27.667] global parallel_impl.cpp:244 WorkerThread 26: Can't spawn new thread: res = 11
[ERROR:0@27.667] global parallel_impl.cpp:244 WorkerThread 56: Can't spawn new thread: res = 11
[ERROR:0@27.667] global parallel_impl.cpp:244 WorkerThread 56: Can't spawn new thread: res = 11
[ERROR:0@27.667] global parallel_impl.cpp:244 WorkerThread 54: Can't spawn new thread: res = 11
[ERROR:0@27.667] global parallel_impl.cpp:244 WorkerThread 68: Can't spawn new thread: res = 11
[ERROR:0@27.667] global parallel_impl.cpp:244 WorkerThread 61: Can't spawn new thread: res = 11
[ERROR:0@27.667] global parallel_impl.cpp:244 WorkerThread 75: Can't spawn new thread: res = 11
[ERROR:0@27.667] global parallel_impl.cpp:244 WorkerThread 94: Can't spawn new thread: res = 11
[ERROR:0@27.667] global parallel_impl.cpp:244 WorkerThread 64: Can't spawn new thread: res = 11
[ERROR:0@27.667] global parallel_impl.cpp:244 WorkerThread 27: Can't spawn new thread: res = 11
[ERROR:0@27.667] global parallel_impl.cpp:244 WorkerThread 55: Can't spawn new thread: res = 11
[ERROR:0@27.667] global parallel_impl.cpp:244 WorkerThread 84: Can't spawn new thread: res = 11
[ERROR:0@27.667] global parallel_impl.cpp:244 WorkerThread 24: Can't spawn new thread: res = 11
[ERROR:0@27.667] global parallel_impl.cpp:244 WorkerThread 25: Can't spawn new thread: res = 11
[ERROR:0@27.667] global parallel_impl.cpp:244 WorkerThread 26: Can't spawn new thread: res = 11
[ERROR:0@27.667] global parallel_impl.cpp:244 WorkerThread 103: Can't spawn new thread: res = 11
[ERROR:0@27.667] global parallel_impl.cpp:244 WorkerThread 116: Can't spawn new thread: res = 11
[ERROR:0@27.667] global parallel_impl.cpp:244 WorkerThread 76: Can't spawn new thread: res = 11
[ERROR:0@27.667] global parallel_impl.cpp:244 WorkerThread 83: Can't spawn new thread: res = 11
[ERROR:0@27.667] global parallel_impl.cpp:244 WorkerThread 97: Can't spawn new thread: res = 11
[ERROR:0@27.667] global parallel_impl.cpp:244 WorkerThread 87: Can't spawn new thread: res = 11
[ERROR:0@27.667] global parallel_impl.cpp:244 WorkerThread 41: Can't spawn new thread: res = 11
[ERROR:0@27.667] global parallel_impl.cpp:244 WorkerThread 59: Can't spawn new thread: res = 11
[ERROR:0@27.667] global parallel_impl.cpp:244 WorkerThread 57: Can't spawn new thread: res = 11
[ERROR:0@27.667] global parallel_impl.cpp:244 WorkerThread 57: Can't spawn new thread: res = 11
[ERROR:0@27.667] global parallel_impl.cpp:244 WorkerThread 69: Can't spawn new thread: res = 11
[ERROR:0@27.667] global parallel_impl.cpp:244 WorkerThread 62: Can't spawn new thread: res = 11
[ERROR:0@27.667] global parallel_impl.cpp:244 WorkerThread 26: Can't spawn new thread: res = 11
[ERROR:0@27.667] global parallel_impl.cpp:244 WorkerThread 76: Can't spawn new thread: res = 11
[ERROR:0@27.667] global parallel_impl.cpp:244 WorkerThread 65: Can't spawn new thread: res = 11
[ERROR:0@27.667] global parallel_impl.cpp:244 WorkerThread 55: Can't spawn new thread: res = 11
[ERROR:0@27.667] global parallel_impl.cpp:244 WorkerThread 95: Can't spawn new thread: res = 11
[ERROR:0@27.667] global parallel_impl.cpp:244 WorkerThread 56: Can't spawn new thread: res = 11
[ERROR:0@27.667] global parallel_impl.cpp:244 WorkerThread 28: Can't spawn new thread: res = 11
[ERROR:0@27.667] global parallel_impl.cpp:244 WorkerThread 25: Can't spawn new thread: res = 11
[ERROR:0@27.667] global parallel_impl.cpp:244 WorkerThread 27: Can't spawn new thread: res = 11
[ERROR:0@27.667] global parallel_impl.cpp:244 WorkerThread 104: Can't spawn new thread: res = 11
[ERROR:0@27.667] global parallel_impl.cpp:244 WorkerThread 58: Can't spawn new thread: res = 11
[ERROR:0@27.667] global parallel_impl.cpp:244 WorkerThread 85: Can't spawn new thread: res = 11
[ERROR:0@27.667] global parallel_impl.cpp:244 WorkerThread 98: Can't spawn new thread: res = 11
[ERROR:0@27.667] global parallel_impl.cpp:244 WorkerThread 42: Can't spawn new thread: res = 11
[ERROR:0@27.667] global parallel_impl.cpp:244 WorkerThread 84: Can't spawn new thread: res = 11
[ERROR:0@27.667] global parallel_impl.cpp:244 WorkerThread 77: Can't spawn new thread: res = 11
[ERROR:0@27.667] global parallel_impl.cpp:244 WorkerThread 58: Can't spawn new thread: res = 11
[ERROR:0@27.667] global parallel_impl.cpp:244 WorkerThread 60: Can't spawn new thread: res = 11
[ERROR:0@27.667] global parallel_impl.cpp:244 WorkerThread 117: Can't spawn new thread: res = 11
[ERROR:0@27.667] global parallel_impl.cpp:244 WorkerThread 88: Can't spawn new thread: res = 11
[ERROR:0@27.667] global parallel_impl.cpp:244 WorkerThread 63: Can't spawn new thread: res = 11
[ERROR:0@27.667] global parallel_impl.cpp:244 WorkerThread 27: Can't spawn new thread: res = 11
[ERROR:0@27.667] global parallel_impl.cpp:244 WorkerThread 70: Can't spawn new thread: res = 11
[ERROR:0@27.667] global parallel_impl.cpp:244 WorkerThread 77: Can't spawn new thread: res = 11
[ERROR:0@27.667] global parallel_impl.cpp:244 WorkerThread 66: Can't spawn new thread: res = 11
[ERROR:0@27.667] global parallel_impl.cpp:244 WorkerThread 89: Can't spawn new thread: res = 11
[ERROR:0@27.667] global parallel_impl.cpp:244 WorkerThread 56: Can't spawn new thread: res = 11
[ERROR:0@27.667] global parallel_impl.cpp:244 WorkerThread 57: Can't spawn new thread: res = 11
[ERROR:0@27.667] global parallel_impl.cpp:244 WorkerThread 96: Can't spawn new thread: res = 11
[ERROR:0@27.667] global parallel_impl.cpp:244 WorkerThread 26: Can't spawn new thread: res = 11
[ERROR:0@27.667] global parallel_impl.cpp:244 WorkerThread 28: Can't spawn new thread: res = 11
[ERROR:0@27.667] global parallel_impl.cpp:244 WorkerThread 29: Can't spawn new thread: res = 11
[ERROR:0@27.667] global parallel_impl.cpp:244 WorkerThread 105: Can't spawn new thread: res = 11
[ERROR:0@27.667] global parallel_impl.cpp:244 WorkerThread 59: Can't spawn new thread: res = 11
[ERROR:0@27.667] global parallel_impl.cpp:244 WorkerThread 86: Can't spawn new thread: res = 11
[ERROR:0@27.667] global parallel_impl.cpp:244 WorkerThread 43: Can't spawn new thread: res = 11
[ERROR:0@27.667] global parallel_impl.cpp:244 WorkerThread 99: Can't spawn new thread: res = 11
[ERROR:0@27.667] global parallel_impl.cpp:244 WorkerThread 78: Can't spawn new thread: res = 11
[ERROR:0@27.667] global parallel_impl.cpp:244 WorkerThread 59: Can't spawn new thread: res = 11
[ERROR:0@27.667] global parallel_impl.cpp:244 WorkerThread 85: Can't spawn new thread: res = 11
[ERROR:0@27.667] global parallel_impl.cpp:244 WorkerThread 61: Can't spawn new thread: res = 11
[ERROR:0@27.667] global parallel_impl.cpp:244 WorkerThread 118: Can't spawn new thread: res = 11
[ERROR:0@27.667] global parallel_impl.cpp:244 WorkerThread 64: Can't spawn new thread: res = 11
[ERROR:0@27.667] global parallel_impl.cpp:244 WorkerThread 28: Can't spawn new thread: res = 11
[ERROR:0@27.667] global parallel_impl.cpp:244 WorkerThread 71: Can't spawn new thread: res = 11
[ERROR:0@27.667] global parallel_impl.cpp:244 WorkerThread 78: Can't spawn new thread: res = 11
[ERROR:0@27.667] global parallel_impl.cpp:244 WorkerThread 67: Can't spawn new thread: res = 11
[ERROR:0@27.667] global parallel_impl.cpp:244 WorkerThread 57: Can't spawn new thread: res = 11
[ERROR:0@27.667] global parallel_impl.cpp:244 WorkerThread 90: Can't spawn new thread: res = 11
[ERROR:0@27.667] global parallel_impl.cpp:244 WorkerThread 58: Can't spawn new thread: res = 11
[ERROR:0@27.667] global parallel_impl.cpp:244 WorkerThread 97: Can't spawn new thread: res = 11
[ERROR:0@27.667] global parallel_impl.cpp:244 WorkerThread 29: Can't spawn new thread: res = 11
[ERROR:0@27.667] global parallel_impl.cpp:244 WorkerThread 27: Can't spawn new thread: res = 11
[ERROR:0@27.667] global parallel_impl.cpp:244 WorkerThread 30: Can't spawn new thread: res = 11
[ERROR:0@27.667] global parallel_impl.cpp:244 WorkerThread 87: Can't spawn new thread: res = 11
[ERROR:0@27.667] global parallel_impl.cpp:244 WorkerThread 106: Can't spawn new thread: res = 11
[ERROR:0@27.667] global parallel_impl.cpp:244 WorkerThread 44: Can't spawn new thread: res = 11
[ERROR:0@27.667] global parallel_impl.cpp:244 WorkerThread 60: Can't spawn new thread: res = 11
[ERROR:0@27.667] global parallel_impl.cpp:244 WorkerThread 79: Can't spawn new thread: res = 11
[ERROR:0@27.667] global parallel_impl.cpp:244 WorkerThread 100: Can't spawn new thread: res = 11
[ERROR:0@27.667] global parallel_impl.cpp:244 WorkerThread 86: Can't spawn new thread: res = 11
[ERROR:0@27.667] global parallel_impl.cpp:244 WorkerThread 62: Can't spawn new thread: res = 11
[ERROR:0@27.667] global parallel_impl.cpp:244 WorkerThread 60: Can't spawn new thread: res = 11
[ERROR:0@27.667] global parallel_impl.cpp:244 WorkerThread 119: Can't spawn new thread: res = 11
[ERROR:0@27.667] global parallel_impl.cpp:244 WorkerThread 29: Can't spawn new thread: res = 11
[ERROR:0@27.667] global parallel_impl.cpp:244 WorkerThread 72: Can't spawn new thread: res = 11
[ERROR:0@27.667] global parallel_impl.cpp:244 WorkerThread 79: Can't spawn new thread: res = 11
[ERROR:0@27.667] global parallel_impl.cpp:244 WorkerThread 68: Can't spawn new thread: res = 11
[ERROR:0@27.667] global parallel_impl.cpp:244 WorkerThread 58: Can't spawn new thread: res = 11
[ERROR:0@27.667] global parallel_impl.cpp:244 WorkerThread 65: Can't spawn new thread: res = 11
[ERROR:0@27.667] global parallel_impl.cpp:244 WorkerThread 91: Can't spawn new thread: res = 11
[ERROR:0@27.667] global parallel_impl.cpp:244 WorkerThread 59: Can't spawn new thread: res = 11
[ERROR:0@27.667] global parallel_impl.cpp:244 WorkerThread 31: Can't spawn new thread: res = 11
[ERROR:0@27.667] global parallel_impl.cpp:244 WorkerThread 88: Can't spawn new thread: res = 11
[ERROR:0@27.667] global parallel_impl.cpp:244 WorkerThread 30: Can't spawn new thread: res = 11
[ERROR:0@27.667] global parallel_impl.cpp:244 WorkerThread 98: Can't spawn new thread: res = 11
[ERROR:0@27.667] global parallel_impl.cpp:244 WorkerThread 28: Can't spawn new thread: res = 11
[ERROR:0@27.667] global parallel_impl.cpp:244 WorkerThread 61: Can't spawn new thread: res = 11
[ERROR:0@27.667] global parallel_impl.cpp:244 WorkerThread 80: Can't spawn new thread: res = 11
[ERROR:0@27.667] global parallel_impl.cpp:244 WorkerThread 107: Can't spawn new thread: res = 11
[ERROR:0@27.667] global parallel_impl.cpp:244 WorkerThread 87: Can't spawn new thread: res = 11
[ERROR:0@27.667] global parallel_impl.cpp:244 WorkerThread 45: Can't spawn new thread: res = 11
[ERROR:0@27.667] global parallel_impl.cpp:244 WorkerThread 101: Can't spawn new thread: res = 11
[ERROR:0@27.667] global parallel_impl.cpp:244 WorkerThread 63: Can't spawn new thread: res = 11
[ERROR:0@27.667] global parallel_impl.cpp:244 WorkerThread 61: Can't spawn new thread: res = 11
[ERROR:0@27.667] global parallel_impl.cpp:244 WorkerThread 73: Can't spawn new thread: res = 11
[ERROR:0@27.667] global parallel_impl.cpp:244 WorkerThread 29: Can't spawn new thread: res = 11
[ERROR:0@27.667] global parallel_impl.cpp:244 WorkerThread 120: Can't spawn new thread: res = 11
[ERROR:0@27.667] global parallel_impl.cpp:244 WorkerThread 30: Can't spawn new thread: res = 11
[ERROR:0@27.667] global parallel_impl.cpp:244 WorkerThread 69: Can't spawn new thread: res = 11
[ERROR:0@27.667] global parallel_impl.cpp:244 WorkerThread 80: Can't spawn new thread: res = 11
[ERROR:0@27.667] global parallel_impl.cpp:244 WorkerThread 88: Can't spawn new thread: res = 11
[ERROR:0@27.667] global parallel_impl.cpp:244 WorkerThread 59: Can't spawn new thread: res = 11
[ERROR:0@27.667] global parallel_impl.cpp:244 WorkerThread 66: Can't spawn new thread: res = 11
[ERROR:0@27.667] global parallel_impl.cpp:244 WorkerThread 92: Can't spawn new thread: res = 11
[ERROR:0@27.667] global parallel_impl.cpp:244 WorkerThread 32: Can't spawn new thread: res = 11
[ERROR:0@27.667] global parallel_impl.cpp:244 WorkerThread 60: Can't spawn new thread: res = 11
[ERROR:0@27.667] global parallel_impl.cpp:244 WorkerThread 74: Can't spawn new thread: res = 11
[ERROR:0@27.667] global parallel_impl.cpp:244 WorkerThread 31: Can't spawn new thread: res = 11
[ERROR:0@27.667] global parallel_impl.cpp:244 WorkerThread 89: Can't spawn new thread: res = 11
[ERROR:0@27.667] global parallel_impl.cpp:244 WorkerThread 62: Can't spawn new thread: res = 11
[ERROR:0@27.667] global parallel_impl.cpp:244 WorkerThread 99: Can't spawn new thread: res = 11
[ERROR:0@27.667] global parallel_impl.cpp:244 WorkerThread 108: Can't spawn new thread: res = 11
[ERROR:0@27.667] global parallel_impl.cpp:244 WorkerThread 46: Can't spawn new thread: res = 11
[ERROR:0@27.667] global parallel_impl.cpp:244 WorkerThread 81: Can't spawn new thread: res = 11
[ERROR:0@27.667] global parallel_impl.cpp:244 WorkerThread 102: Can't spawn new thread: res = 11
[ERROR:0@27.667] global parallel_impl.cpp:244 WorkerThread 62: Can't spawn new thread: res = 11
[ERROR:0@27.667] global parallel_impl.cpp:244 WorkerThread 30: Can't spawn new thread: res = 11
[ERROR:0@27.667] global parallel_impl.cpp:244 WorkerThread 64: Can't spawn new thread: res = 11
[ERROR:0@27.667] global parallel_impl.cpp:244 WorkerThread 81: Can't spawn new thread: res = 11
[ERROR:0@27.667] global parallel_impl.cpp:244 WorkerThread 31: Can't spawn new thread: res = 11
[ERROR:0@27.667] global parallel_impl.cpp:244 WorkerThread 109: Can't spawn new thread: res = 11
[ERROR:0@27.667] global parallel_impl.cpp:244 WorkerThread 121: Can't spawn new thread: res = 11
[ERROR:0@27.667] global parallel_impl.cpp:244 WorkerThread 89: Can't spawn new thread: res = 11
[ERROR:0@27.667] global parallel_impl.cpp:244 WorkerThread 63: Can't spawn new thread: res = 11
[ERROR:0@27.667] global parallel_impl.cpp:244 WorkerThread 67: Can't spawn new thread: res = 11
[ERROR:0@27.667] global parallel_impl.cpp:244 WorkerThread 70: Can't spawn new thread: res = 11
[ERROR:0@27.667] global parallel_impl.cpp:244 WorkerThread 33: Can't spawn new thread: res = 11
[ERROR:0@27.667] global parallel_impl.cpp:244 WorkerThread 60: Can't spawn new thread: res = 11
[ERROR:0@27.667] global parallel_impl.cpp:244 WorkerThread 93: Can't spawn new thread: res = 11
[ERROR:0@27.667] global parallel_impl.cpp:244 WorkerThread 32: Can't spawn new thread: res = 11
[ERROR:0@27.667] global parallel_impl.cpp:244 WorkerThread 64: Can't spawn new thread: res = 11
[ERROR:0@27.667] global parallel_impl.cpp:244 WorkerThread 61: Can't spawn new thread: res = 11
[ERROR:0@27.667] global parallel_impl.cpp:244 WorkerThread 75: Can't spawn new thread: res = 11
[ERROR:0@27.667] global parallel_impl.cpp:244 WorkerThread 90: Can't spawn new thread: res = 11
[ERROR:0@27.667] global parallel_impl.cpp:244 WorkerThread 63: Can't spawn new thread: res = 11
[ERROR:0@27.667] global parallel_impl.cpp:244 WorkerThread 82: Can't spawn new thread: res = 11
[ERROR:0@27.667] global parallel_impl.cpp:244 WorkerThread 100: Can't spawn new thread: res = 11
[ERROR:0@27.667] global parallel_impl.cpp:244 WorkerThread 47: Can't spawn new thread: res = 11
[ERROR:0@27.667] global parallel_impl.cpp:244 WorkerThread 103: Can't spawn new thread: res = 11
[ERROR:0@27.667] global parallel_impl.cpp:244 WorkerThread 31: Can't spawn new thread: res = 11
[ERROR:0@27.667] global parallel_impl.cpp:244 WorkerThread 65: Can't spawn new thread: res = 11
[ERROR:0@27.667] global parallel_impl.cpp:244 WorkerThread 82: Can't spawn new thread: res = 11
[ERROR:0@27.667] global parallel_impl.cpp:244 WorkerThread 110: Can't spawn new thread: res = 11
[ERROR:0@27.667] global parallel_impl.cpp:244 WorkerThread 32: Can't spawn new thread: res = 11
[ERROR:0@27.667] global parallel_impl.cpp:244 WorkerThread 122: Can't spawn new thread: res = 11
[ERROR:0@27.667] global parallel_impl.cpp:244 WorkerThread 68: Can't spawn new thread: res = 11
[ERROR:0@27.667] global parallel_impl.cpp:244 WorkerThread 90: Can't spawn new thread: res = 11
[ERROR:0@27.667] global parallel_impl.cpp:244 WorkerThread 71: Can't spawn new thread: res = 11
[ERROR:0@27.667] global parallel_impl.cpp:244 WorkerThread 33: Can't spawn new thread: res = 11
[ERROR:0@27.667] global parallel_impl.cpp:244 WorkerThread 61: Can't spawn new thread: res = 11
[ERROR:0@27.667] global parallel_impl.cpp:244 WorkerThread 34: Can't spawn new thread: res = 11
[ERROR:0@27.667] global parallel_impl.cpp:244 WorkerThread 83: Can't spawn new thread: res = 11
[ERROR:0@27.667] global parallel_impl.cpp:244 WorkerThread 94: Can't spawn new thread: res = 11
[ERROR:0@27.667] global parallel_impl.cpp:244 WorkerThread 76: Can't spawn new thread: res = 11
[ERROR:0@27.667] global parallel_impl.cpp:244 WorkerThread 48: Can't spawn new thread: res = 11
[ERROR:0@27.667] global parallel_impl.cpp:244 WorkerThread 65: Can't spawn new thread: res = 11
[ERROR:0@27.667] global parallel_impl.cpp:244 WorkerThread 64: Can't spawn new thread: res = 11
[ERROR:0@27.667] global parallel_impl.cpp:244 WorkerThread 62: Can't spawn new thread: res = 11
[ERROR:0@27.667] global parallel_impl.cpp:244 WorkerThread 91: Can't spawn new thread: res = 11
[ERROR:0@27.667] global parallel_impl.cpp:244 WorkerThread 35: Can't spawn new thread: res = 11
[ERROR:0@27.667] global parallel_impl.cpp:244 WorkerThread 101: Can't spawn new thread: res = 11
[ERROR:0@27.667] global parallel_impl.cpp:244 WorkerThread 66: Can't spawn new thread: res = 11
[ERROR:0@27.667] global parallel_impl.cpp:244 WorkerThread 32: Can't spawn new thread: res = 11
[ERROR:0@27.667] global parallel_impl.cpp:244 WorkerThread 83: Can't spawn new thread: res = 11
[ERROR:0@27.667] global parallel_impl.cpp:244 WorkerThread 33: Can't spawn new thread: res = 11
[ERROR:0@27.667] global parallel_impl.cpp:244 WorkerThread 104: Can't spawn new thread: res = 11
[ERROR:0@27.667] global parallel_impl.cpp:244 WorkerThread 62: Can't spawn new thread: res = 11
[ERROR:0@27.667] global parallel_impl.cpp:244 WorkerThread 36: Can't spawn new thread: res = 11
[ERROR:0@27.695] global parallel_impl.cpp:244 WorkerThread 105: Can't spawn new thread: res = 11
[ERROR:0@27.695] global parallel_impl.cpp:244 WorkerThread 63: Can't spawn new thread: res = 11
[ERROR:0@27.667] global parallel_impl.cpp:244 WorkerThread 111: Can't spawn new thread: res = 11
[ERROR:0@27.695] global parallel_impl.cpp:244 WorkerThread 106: Can't spawn new thread: res = 11
[ERROR:0@27.695] global parallel_impl.cpp:244 WorkerThread 64: Can't spawn new thread: res = 11
[ERROR:0@27.667] global parallel_impl.cpp:244 WorkerThread 91: Can't spawn new thread: res = 11
[ERROR:0@27.695] global parallel_impl.cpp:244 WorkerThread 107: Can't spawn new thread: res = 11
[ERROR:0@27.695] global parallel_impl.cpp:244 WorkerThread 65: Can't spawn new thread: res = 11
[ERROR:0@27.695] global parallel_impl.cpp:244 WorkerThread 112: Can't spawn new thread: res = 11
[ERROR:0@27.667] global parallel_impl.cpp:244 WorkerThread 69: Can't spawn new thread: res = 11
[ERROR:0@27.695] global parallel_impl.cpp:244 WorkerThread 108: Can't spawn new thread: res = 11
[ERROR:0@27.695] global parallel_impl.cpp:244 WorkerThread 113: Can't spawn new thread: res = 11
[ERROR:0@27.695] global parallel_impl.cpp:244 WorkerThread 66: Can't spawn new thread: res = 11
[ERROR:0@27.667] global parallel_impl.cpp:244 WorkerThread 72: Can't spawn new thread: res = 11
[ERROR:0@27.667] global parallel_impl.cpp:244 WorkerThread 34: Can't spawn new thread: res = 11
[ERROR:0@27.695] global parallel_impl.cpp:244 WorkerThread 109: Can't spawn new thread: res = 11
[ERROR:0@27.695] global parallel_impl.cpp:244 WorkerThread 114: Can't spawn new thread: res = 11
[ERROR:0@27.695] global parallel_impl.cpp:244 WorkerThread 67: Can't spawn new thread: res = 11
[ERROR:0@27.667] global parallel_impl.cpp:244 WorkerThread 77: Can't spawn new thread: res = 11
[ERROR:0@27.695] global parallel_impl.cpp:244 WorkerThread 92: Can't spawn new thread: res = 11
[ERROR:0@27.695] global parallel_impl.cpp:244 WorkerThread 73: Can't spawn new thread: res = 11
[ERROR:0@27.695] global parallel_impl.cpp:244 WorkerThread 115: Can't spawn new thread: res = 11
[ERROR:0@27.695] global parallel_impl.cpp:244 WorkerThread 110: Can't spawn new thread: res = 11
[ERROR:0@27.667] global parallel_impl.cpp:244 WorkerThread 66: Can't spawn new thread: res = 11
[ERROR:0@27.695] global parallel_impl.cpp:244 WorkerThread 37: Can't spawn new thread: res = 11
[ERROR:0@27.695] global parallel_impl.cpp:244 WorkerThread 68: Can't spawn new thread: res = 11
[ERROR:0@27.695] global parallel_impl.cpp:244 WorkerThread 93: Can't spawn new thread: res = 11
[ERROR:0@27.695] global parallel_impl.cpp:244 WorkerThread 70: Can't spawn new thread: res = 11
[ERROR:0@27.695] global parallel_impl.cpp:244 WorkerThread 74: Can't spawn new thread: res = 11
[ERROR:0@27.695] global parallel_impl.cpp:244 WorkerThread 111: Can't spawn new thread: res = 11
[ERROR:0@27.667] global parallel_impl.cpp:244 WorkerThread 65: Can't spawn new thread: res = 11
[ERROR:0@27.695] global parallel_impl.cpp:244 WorkerThread 35: Can't spawn new thread: res = 11
[ERROR:0@27.695] global parallel_impl.cpp:244 WorkerThread 116: Can't spawn new thread: res = 11
[ERROR:0@27.695] global parallel_impl.cpp:244 WorkerThread 71: Can't spawn new thread: res = 11
[ERROR:0@27.667] global parallel_impl.cpp:244 WorkerThread 92: Can't spawn new thread: res = 11
[ERROR:0@27.695] global parallel_impl.cpp:244 WorkerThread 78: Can't spawn new thread: res = 11
[ERROR:0@27.695] global parallel_impl.cpp:244 WorkerThread 38: Can't spawn new thread: res = 11
[ERROR:0@27.695] global parallel_impl.cpp:244 WorkerThread 94: Can't spawn new thread: res = 11
[ERROR:0@27.695] global parallel_impl.cpp:244 WorkerThread 75: Can't spawn new thread: res = 11
[ERROR:0@27.667] global parallel_impl.cpp:244 WorkerThread 102: Can't spawn new thread: res = 11
[ERROR:0@27.695] global parallel_impl.cpp:244 WorkerThread 112: Can't spawn new thread: res = 11
[ERROR:0@27.695] global parallel_impl.cpp:244 WorkerThread 69: Can't spawn new thread: res = 11
[ERROR:0@27.695] global parallel_impl.cpp:244 WorkerThread 36: Can't spawn new thread: res = 11
[ERROR:0@27.695] global parallel_impl.cpp:244 WorkerThread 67: Can't spawn new thread: res = 11
[ERROR:0@27.695] global parallel_impl.cpp:244 WorkerThread 72: Can't spawn new thread: res = 11
[ERROR:0@27.695] global parallel_impl.cpp:244 WorkerThread 117: Can't spawn new thread: res = 11
[ERROR:0@27.695] global parallel_impl.cpp:244 WorkerThread 39: Can't spawn new thread: res = 11
[ERROR:0@27.667] global parallel_impl.cpp:244 WorkerThread 67: Can't spawn new thread: res = 11
[ERROR:0@27.695] global parallel_impl.cpp:244 WorkerThread 95: Can't spawn new thread: res = 11
[ERROR:0@27.695] global parallel_impl.cpp:244 WorkerThread 76: Can't spawn new thread: res = 11
[ERROR:0@27.695] global parallel_impl.cpp:244 WorkerThread 79: Can't spawn new thread: res = 11
[ERROR:0@27.695] global parallel_impl.cpp:244 WorkerThread 113: Can't spawn new thread: res = 11
[ERROR:0@27.695] global parallel_impl.cpp:244 WorkerThread 73: Can't spawn new thread: res = 11
[ERROR:0@27.695] global parallel_impl.cpp:244 WorkerThread 68: Can't spawn new thread: res = 11
[ERROR:0@27.695] global parallel_impl.cpp:244 WorkerThread 66: Can't spawn new thread: res = 11
[ERROR:0@27.667] global parallel_impl.cpp:244 WorkerThread 84: Can't spawn new thread: res = 11
[ERROR:0@27.695] global parallel_impl.cpp:244 WorkerThread 93: Can't spawn new thread: res = 11
[ERROR:0@27.695] global parallel_impl.cpp:244 WorkerThread 37: Can't spawn new thread: res = 11
[ERROR:0@27.695] global parallel_impl.cpp:244 WorkerThread 70: Can't spawn new thread: res = 11
[ERROR:0@27.695] global parallel_impl.cpp:244 WorkerThread 118: Can't spawn new thread: res = 11
[ERROR:0@27.695] global parallel_impl.cpp:244 WorkerThread 40: Can't spawn new thread: res = 11
[ERROR:0@27.695] global parallel_impl.cpp:244 WorkerThread 77: Can't spawn new thread: res = 11
[ERROR:0@27.695] global parallel_impl.cpp:244 WorkerThread 80: Can't spawn new thread: res = 11
[ERROR:0@27.695] global parallel_impl.cpp:244 WorkerThread 74: Can't spawn new thread: res = 11
[ERROR:0@27.695] global parallel_impl.cpp:244 WorkerThread 96: Can't spawn new thread: res = 11
[ERROR:0@27.695] global parallel_impl.cpp:244 WorkerThread 69: Can't spawn new thread: res = 11
[ERROR:0@27.667] global parallel_impl.cpp:244 WorkerThread 34: Can't spawn new thread: res = 11
[ERROR:0@27.695] global parallel_impl.cpp:244 WorkerThread 114: Can't spawn new thread: res = 11
[ERROR:0@27.695] global parallel_impl.cpp:244 WorkerThread 67: Can't spawn new thread: res = 11
[ERROR:0@27.695] global parallel_impl.cpp:244 WorkerThread 94: Can't spawn new thread: res = 11
[ERROR:0@27.695] global parallel_impl.cpp:244 WorkerThread 41: Can't spawn new thread: res = 11
[ERROR:0@27.695] global parallel_impl.cpp:244 WorkerThread 71: Can't spawn new thread: res = 11
[ERROR:0@27.695] global parallel_impl.cpp:244 WorkerThread 68: Can't spawn new thread: res = 11
[ERROR:0@27.695] global parallel_impl.cpp:244 WorkerThread 38: Can't spawn new thread: res = 11
[ERROR:0@27.695] global parallel_impl.cpp:244 WorkerThread 78: Can't spawn new thread: res = 11
[ERROR:0@27.695] global parallel_impl.cpp:244 WorkerThread 103: Can't spawn new thread: res = 11
[ERROR:0@27.695] global parallel_impl.cpp:244 WorkerThread 119: Can't spawn new thread: res = 11
[ERROR:0@27.695] global parallel_impl.cpp:244 WorkerThread 75: Can't spawn new thread: res = 11
[ERROR:0@27.695] global parallel_impl.cpp:244 WorkerThread 81: Can't spawn new thread: res = 11
[ERROR:0@27.695] global parallel_impl.cpp:244 WorkerThread 97: Can't spawn new thread: res = 11
[ERROR:0@27.695] global parallel_impl.cpp:244 WorkerThread 115: Can't spawn new thread: res = 11
[ERROR:0@27.695] global parallel_impl.cpp:244 WorkerThread 68: Can't spawn new thread: res = 11
[ERROR:0@27.695] global parallel_impl.cpp:244 WorkerThread 70: Can't spawn new thread: res = 11
[ERROR:0@27.695] global parallel_impl.cpp:244 WorkerThread 85: Can't spawn new thread: res = 11
[ERROR:0@27.695] global parallel_impl.cpp:244 WorkerThread 95: Can't spawn new thread: res = 11
[ERROR:0@27.695] global parallel_impl.cpp:244 WorkerThread 42: Can't spawn new thread: res = 11
[ERROR:0@27.695] global parallel_impl.cpp:244 WorkerThread 72: Can't spawn new thread: res = 11
[ERROR:0@27.695] global parallel_impl.cpp:244 WorkerThread 39: Can't spawn new thread: res = 11
[ERROR:0@27.695] global parallel_impl.cpp:244 WorkerThread 79: Can't spawn new thread: res = 11
[ERROR:0@27.695] global parallel_impl.cpp:244 WorkerThread 35: Can't spawn new thread: res = 11
[ERROR:0@27.695] global parallel_impl.cpp:244 WorkerThread 104: Can't spawn new thread: res = 11
[ERROR:0@27.695] global parallel_impl.cpp:244 WorkerThread 69: Can't spawn new thread: res = 11
[ERROR:0@27.695] global parallel_impl.cpp:244 WorkerThread 76: Can't spawn new thread: res = 11
[ERROR:0@27.695] global parallel_impl.cpp:244 WorkerThread 82: Can't spawn new thread: res = 11
[ERROR:0@27.695] global parallel_impl.cpp:244 WorkerThread 120: Can't spawn new thread: res = 11
[ERROR:0@27.695] global parallel_impl.cpp:244 WorkerThread 116: Can't spawn new thread: res = 11
[ERROR:0@27.695] global parallel_impl.cpp:244 WorkerThread 98: Can't spawn new thread: res = 11
[ERROR:0@27.695] global parallel_impl.cpp:244 WorkerThread 69: Can't spawn new thread: res = 11
[ERROR:0@27.695] global parallel_impl.cpp:244 WorkerThread 86: Can't spawn new thread: res = 11
[ERROR:0@27.695] global parallel_impl.cpp:244 WorkerThread 43: Can't spawn new thread: res = 11
[ERROR:0@27.695] global parallel_impl.cpp:244 WorkerThread 71: Can't spawn new thread: res = 11
[ERROR:0@27.695] global parallel_impl.cpp:244 WorkerThread 96: Can't spawn new thread: res = 11
[ERROR:0@27.695] global parallel_impl.cpp:244 WorkerThread 80: Can't spawn new thread: res = 11
[ERROR:0@27.695] global parallel_impl.cpp:244 WorkerThread 73: Can't spawn new thread: res = 11
[ERROR:0@27.695] global parallel_impl.cpp:244 WorkerThread 40: Can't spawn new thread: res = 11
[ERROR:0@27.695] global parallel_impl.cpp:244 WorkerThread 105: Can't spawn new thread: res = 11
[ERROR:0@27.695] global parallel_impl.cpp:244 WorkerThread 36: Can't spawn new thread: res = 11
[ERROR:0@27.695] global parallel_impl.cpp:244 WorkerThread 77: Can't spawn new thread: res = 11
[ERROR:0@27.695] global parallel_impl.cpp:244 WorkerThread 70: Can't spawn new thread: res = 11
[ERROR:0@27.695] global parallel_impl.cpp:244 WorkerThread 83: Can't spawn new thread: res = 11
[ERROR:0@27.695] global parallel_impl.cpp:244 WorkerThread 117: Can't spawn new thread: res = 11
[ERROR:0@27.695] global parallel_impl.cpp:244 WorkerThread 99: Can't spawn new thread: res = 11
[ERROR:0@27.695] global parallel_impl.cpp:244 WorkerThread 121: Can't spawn new thread: res = 11
[ERROR:0@27.695] global parallel_impl.cpp:244 WorkerThread 70: Can't spawn new thread: res = 11
[ERROR:0@27.695] global parallel_impl.cpp:244 WorkerThread 87: Can't spawn new thread: res = 11
[ERROR:0@27.695] global parallel_impl.cpp:244 WorkerThread 44: Can't spawn new thread: res = 11
[ERROR:0@27.695] global parallel_impl.cpp:244 WorkerThread 97: Can't spawn new thread: res = 11
[ERROR:0@27.695] global parallel_impl.cpp:244 WorkerThread 72: Can't spawn new thread: res = 11
[ERROR:0@27.695] global parallel_impl.cpp:244 WorkerThread 81: Can't spawn new thread: res = 11
[ERROR:0@27.695] global parallel_impl.cpp:244 WorkerThread 74: Can't spawn new thread: res = 11
[ERROR:0@27.695] global parallel_impl.cpp:244 WorkerThread 41: Can't spawn new thread: res = 11
[ERROR:0@27.695] global parallel_impl.cpp:244 WorkerThread 106: Can't spawn new thread: res = 11
[ERROR:0@27.695] global parallel_impl.cpp:244 WorkerThread 78: Can't spawn new thread: res = 11
[ERROR:0@27.695] global parallel_impl.cpp:244 WorkerThread 37: Can't spawn new thread: res = 11
[ERROR:0@27.695] global parallel_impl.cpp:244 WorkerThread 98: Can't spawn new thread: res = 11
[ERROR:0@27.695] global parallel_impl.cpp:244 WorkerThread 118: Can't spawn new thread: res = 11
[ERROR:0@27.695] global parallel_impl.cpp:244 WorkerThread 84: Can't spawn new thread: res = 11
[ERROR:0@27.695] global parallel_impl.cpp:244 WorkerThread 71: Can't spawn new thread: res = 11
[ERROR:0@27.695] global parallel_impl.cpp:244 WorkerThread 122: Can't spawn new thread: res = 11
[ERROR:0@27.695] global parallel_impl.cpp:244 WorkerThread 100: Can't spawn new thread: res = 11
[ERROR:0@27.695] global parallel_impl.cpp:244 WorkerThread 88: Can't spawn new thread: res = 11
[ERROR:0@27.695] global parallel_impl.cpp:244 WorkerThread 107: Can't spawn new thread: res = 11
[ERROR:0@27.695] global parallel_impl.cpp:244 WorkerThread 71: Can't spawn new thread: res = 11
[ERROR:0@27.695] global parallel_impl.cpp:244 WorkerThread 42: Can't spawn new thread: res = 11
[ERROR:0@27.695] global parallel_impl.cpp:244 WorkerThread 45: Can't spawn new thread: res = 11
[ERROR:0@27.695] global parallel_impl.cpp:244 WorkerThread 82: Can't spawn new thread: res = 11
[ERROR:0@27.695] global parallel_impl.cpp:244 WorkerThread 73: Can't spawn new thread: res = 11
[ERROR:0@27.695] global parallel_impl.cpp:244 WorkerThread 79: Can't spawn new thread: res = 11
[ERROR:0@27.695] global parallel_impl.cpp:244 WorkerThread 99: Can't spawn new thread: res = 11
[ERROR:0@27.695] global parallel_impl.cpp:244 WorkerThread 85: Can't spawn new thread: res = 11
[ERROR:0@27.695] global parallel_impl.cpp:244 WorkerThread 75: Can't spawn new thread: res = 11
[ERROR:0@27.695] global parallel_impl.cpp:244 WorkerThread 38: Can't spawn new thread: res = 11
[ERROR:0@27.695] global parallel_impl.cpp:244 WorkerThread 119: Can't spawn new thread: res = 11
[ERROR:0@27.695] global parallel_impl.cpp:244 WorkerThread 89: Can't spawn new thread: res = 11
[ERROR:0@27.695] global parallel_impl.cpp:244 WorkerThread 123: Can't spawn new thread: res = 11
[ERROR:0@27.695] global parallel_impl.cpp:244 WorkerThread 72: Can't spawn new thread: res = 11
[ERROR:0@27.695] global parallel_impl.cpp:244 WorkerThread 101: Can't spawn new thread: res = 11
[ERROR:0@27.695] global parallel_impl.cpp:244 WorkerThread 83: Can't spawn new thread: res = 11
[ERROR:0@27.695] global parallel_impl.cpp:244 WorkerThread 72: Can't spawn new thread: res = 11
[ERROR:0@27.695] global parallel_impl.cpp:244 WorkerThread 46: Can't spawn new thread: res = 11
[ERROR:0@27.695] global parallel_impl.cpp:244 WorkerThread 108: Can't spawn new thread: res = 11
[ERROR:0@27.695] global parallel_impl.cpp:244 WorkerThread 86: Can't spawn new thread: res = 11
[ERROR:0@27.695] global parallel_impl.cpp:244 WorkerThread 43: Can't spawn new thread: res = 11
[ERROR:0@27.695] global parallel_impl.cpp:244 WorkerThread 80: Can't spawn new thread: res = 11
[ERROR:0@27.695] global parallel_impl.cpp:244 WorkerThread 74: Can't spawn new thread: res = 11
[ERROR:0@27.695] global parallel_impl.cpp:244 WorkerThread 120: Can't spawn new thread: res = 11
[ERROR:0@27.695] global parallel_impl.cpp:244 WorkerThread 76: Can't spawn new thread: res = 11
[ERROR:0@27.695] global parallel_impl.cpp:244 WorkerThread 39: Can't spawn new thread: res = 11
[ERROR:0@27.695] global parallel_impl.cpp:244 WorkerThread 100: Can't spawn new thread: res = 11
[ERROR:0@27.695] global parallel_impl.cpp:244 WorkerThread 124: Can't spawn new thread: res = 11
[ERROR:0@27.695] global parallel_impl.cpp:244 WorkerThread 73: Can't spawn new thread: res = 11
[ERROR:0@27.695] global parallel_impl.cpp:244 WorkerThread 90: Can't spawn new thread: res = 11
[ERROR:0@27.695] global parallel_impl.cpp:244 WorkerThread 102: Can't spawn new thread: res = 11
[ERROR:0@27.695] global parallel_impl.cpp:244 WorkerThread 47: Can't spawn new thread: res = 11
[ERROR:0@27.695] global parallel_impl.cpp:244 WorkerThread 73: Can't spawn new thread: res = 11
[ERROR:0@27.695] global parallel_impl.cpp:244 WorkerThread 81: Can't spawn new thread: res = 11
[ERROR:0@27.695] global parallel_impl.cpp:244 WorkerThread 109: Can't spawn new thread: res = 11
[ERROR:0@27.695] global parallel_impl.cpp:244 WorkerThread 87: Can't spawn new thread: res = 11
[ERROR:0@27.695] global parallel_impl.cpp:244 WorkerThread 84: Can't spawn new thread: res = 11
[ERROR:0@27.695] global parallel_impl.cpp:244 WorkerThread 77: Can't spawn new thread: res = 11
[ERROR:0@27.695] global parallel_impl.cpp:244 WorkerThread 121: Can't spawn new thread: res = 11
[ERROR:0@27.695] global parallel_impl.cpp:244 WorkerThread 44: Can't spawn new thread: res = 11
[ERROR:0@27.695] global parallel_impl.cpp:244 WorkerThread 101: Can't spawn new thread: res = 11
[ERROR:0@27.695] global parallel_impl.cpp:244 WorkerThread 125: Can't spawn new thread: res = 11
[ERROR:0@27.695] global parallel_impl.cpp:244 WorkerThread 75: Can't spawn new thread: res = 11
[ERROR:0@27.695] global parallel_impl.cpp:244 WorkerThread 40: Can't spawn new thread: res = 11
[ERROR:0@27.695] global parallel_impl.cpp:244 WorkerThread 74: Can't spawn new thread: res = 11
[ERROR:0@27.695] global parallel_impl.cpp:244 WorkerThread 91: Can't spawn new thread: res = 11
[ERROR:0@27.695] global parallel_impl.cpp:244 WorkerThread 103: Can't spawn new thread: res = 11
[ERROR:0@27.695] global parallel_impl.cpp:244 WorkerThread 48: Can't spawn new thread: res = 11
[ERROR:0@27.695] global parallel_impl.cpp:244 WorkerThread 110: Can't spawn new thread: res = 11
[ERROR:0@27.695] global parallel_impl.cpp:244 WorkerThread 74: Can't spawn new thread: res = 11
[ERROR:0@27.695] global parallel_impl.cpp:244 WorkerThread 82: Can't spawn new thread: res = 11
[ERROR:0@27.695] global parallel_impl.cpp:244 WorkerThread 88: Can't spawn new thread: res = 11
[ERROR:0@27.695] global parallel_impl.cpp:244 WorkerThread 85: Can't spawn new thread: res = 11
[ERROR:0@27.695] global parallel_impl.cpp:244 WorkerThread 78: Can't spawn new thread: res = 11
[ERROR:0@27.695] global parallel_impl.cpp:244 WorkerThread 102: Can't spawn new thread: res = 11
[ERROR:0@27.695] global parallel_impl.cpp:244 WorkerThread 45: Can't spawn new thread: res = 11
[ERROR:0@27.695] global parallel_impl.cpp:244 WorkerThread 76: Can't spawn new thread: res = 11
[ERROR:0@27.695] global parallel_impl.cpp:244 WorkerThread 41: Can't spawn new thread: res = 11
[ERROR:0@27.695] global parallel_impl.cpp:244 WorkerThread 75: Can't spawn new thread: res = 11
[ERROR:0@27.695] global parallel_impl.cpp:244 WorkerThread 122: Can't spawn new thread: res = 11
[ERROR:0@27.695] global parallel_impl.cpp:244 WorkerThread 104: Can't spawn new thread: res = 11
[ERROR:0@27.695] global parallel_impl.cpp:244 WorkerThread 49: Can't spawn new thread: res = 11
[ERROR:0@27.695] global parallel_impl.cpp:244 WorkerThread 92: Can't spawn new thread: res = 11
[ERROR:0@27.695] global parallel_impl.cpp:244 WorkerThread 111: Can't spawn new thread: res = 11
[ERROR:0@27.695] global parallel_impl.cpp:244 WorkerThread 126: Can't spawn new thread: res = 11
[ERROR:0@27.695] global parallel_impl.cpp:244 WorkerThread 83: Can't spawn new thread: res = 11
[ERROR:0@27.695] global parallel_impl.cpp:244 WorkerThread 75: Can't spawn new thread: res = 11
[ERROR:0@27.695] global parallel_impl.cpp:244 WorkerThread 89: Can't spawn new thread: res = 11
[ERROR:0@27.695] global parallel_impl.cpp:244 WorkerThread 86: Can't spawn new thread: res = 11
[ERROR:0@27.695] global parallel_impl.cpp:244 WorkerThread 76: Can't spawn new thread: res = 11
[ERROR:0@27.695] global parallel_impl.cpp:244 WorkerThread 79: Can't spawn new thread: res = 11
[ERROR:0@27.696] global parallel_impl.cpp:244 WorkerThread 103: Can't spawn new thread: res = 11
[ERROR:0@27.695] global parallel_impl.cpp:244 WorkerThread 46: Can't spawn new thread: res = 11
[ERROR:0@27.696] global parallel_impl.cpp:244 WorkerThread 77: Can't spawn new thread: res = 11
[ERROR:0@27.696] global parallel_impl.cpp:244 WorkerThread 42: Can't spawn new thread: res = 11
[ERROR:0@27.696] global parallel_impl.cpp:244 WorkerThread 123: Can't spawn new thread: res = 11
[ERROR:0@27.695] global parallel_impl.cpp:244 WorkerThread 50: Can't spawn new thread: res = 11
[ERROR:0@27.695] global parallel_impl.cpp:244 WorkerThread 84: Can't spawn new thread: res = 11
[ERROR:0@27.696] global parallel_impl.cpp:244 WorkerThread 112: Can't spawn new thread: res = 11
[ERROR:0@27.696] global parallel_impl.cpp:244 WorkerThread 105: Can't spawn new thread: res = 11
[ERROR:0@27.696] global parallel_impl.cpp:244 WorkerThread 90: Can't spawn new thread: res = 11
[ERROR:0@27.696] global parallel_impl.cpp:244 WorkerThread 93: Can't spawn new thread: res = 11
[ERROR:0@27.696] global parallel_impl.cpp:244 WorkerThread 87: Can't spawn new thread: res = 11
[ERROR:0@27.695] global parallel_impl.cpp:244 WorkerThread 77: Can't spawn new thread: res = 11
[ERROR:0@27.696] global parallel_impl.cpp:244 WorkerThread 76: Can't spawn new thread: res = 11
[ERROR:0@27.696] global parallel_impl.cpp:244 WorkerThread 104: Can't spawn new thread: res = 11
[ERROR:0@27.696] global parallel_impl.cpp:244 WorkerThread 47: Can't spawn new thread: res = 11
[ERROR:0@27.696] global parallel_impl.cpp:244 WorkerThread 78: Can't spawn new thread: res = 11
[ERROR:0@27.696] global parallel_impl.cpp:244 WorkerThread 80: Can't spawn new thread: res = 11
[ERROR:0@27.696] global parallel_impl.cpp:244 WorkerThread 51: Can't spawn new thread: res = 11
[ERROR:0@27.696] global parallel_impl.cpp:244 WorkerThread 43: Can't spawn new thread: res = 11
[ERROR:0@27.696] global parallel_impl.cpp:244 WorkerThread 106: Can't spawn new thread: res = 11
[ERROR:0@27.696] global parallel_impl.cpp:244 WorkerThread 91: Can't spawn new thread: res = 11
[ERROR:0@27.696] global parallel_impl.cpp:244 WorkerThread 88: Can't spawn new thread: res = 11
[ERROR:0@27.696] global parallel_impl.cpp:244 WorkerThread 113: Can't spawn new thread: res = 11
[ERROR:0@27.696] global parallel_impl.cpp:244 WorkerThread 85: Can't spawn new thread: res = 11
[ERROR:0@27.696] global parallel_impl.cpp:244 WorkerThread 124: Can't spawn new thread: res = 11
[ERROR:0@27.696] global parallel_impl.cpp:244 WorkerThread 78: Can't spawn new thread: res = 11
[ERROR:0@27.696] global parallel_impl.cpp:244 WorkerThread 94: Can't spawn new thread: res = 11
[ERROR:0@27.696] global parallel_impl.cpp:244 WorkerThread 105: Can't spawn new thread: res = 11
[ERROR:0@27.696] global parallel_impl.cpp:244 WorkerThread 79: Can't spawn new thread: res = 11
[ERROR:0@27.696] global parallel_impl.cpp:244 WorkerThread 77: Can't spawn new thread: res = 11
[ERROR:0@27.696] global parallel_impl.cpp:244 WorkerThread 52: Can't spawn new thread: res = 11
[ERROR:0@27.696] global parallel_impl.cpp:244 WorkerThread 44: Can't spawn new thread: res = 11
[ERROR:0@27.696] global parallel_impl.cpp:244 WorkerThread 107: Can't spawn new thread: res = 11
[ERROR:0@27.696] global parallel_impl.cpp:244 WorkerThread 48: Can't spawn new thread: res = 11
[ERROR:0@27.696] global parallel_impl.cpp:244 WorkerThread 81: Can't spawn new thread: res = 11
[ERROR:0@27.696] global parallel_impl.cpp:244 WorkerThread 92: Can't spawn new thread: res = 11
[ERROR:0@27.696] global parallel_impl.cpp:244 WorkerThread 86: Can't spawn new thread: res = 11
[ERROR:0@27.696] global parallel_impl.cpp:244 WorkerThread 114: Can't spawn new thread: res = 11
[ERROR:0@27.696] global parallel_impl.cpp:244 WorkerThread 125: Can't spawn new thread: res = 11
[ERROR:0@27.696] global parallel_impl.cpp:244 WorkerThread 89: Can't spawn new thread: res = 11
[ERROR:0@27.696] global parallel_impl.cpp:244 WorkerThread 106: Can't spawn new thread: res = 11
[ERROR:0@27.696] global parallel_impl.cpp:244 WorkerThread 78: Can't spawn new thread: res = 11
[ERROR:0@27.696] global parallel_impl.cpp:244 WorkerThread 79: Can't spawn new thread: res = 11
[ERROR:0@27.696] global parallel_impl.cpp:244 WorkerThread 95: Can't spawn new thread: res = 11
[ERROR:0@27.696] global parallel_impl.cpp:244 WorkerThread 53: Can't spawn new thread: res = 11
[ERROR:0@27.696] global parallel_impl.cpp:244 WorkerThread 107: Can't spawn new thread: res = 11
[ERROR:0@27.696] global parallel_impl.cpp:244 WorkerThread 80: Can't spawn new thread: res = 11
[ERROR:0@27.696] global parallel_impl.cpp:244 WorkerThread 108: Can't spawn new thread: res = 11
[ERROR:0@27.696] global parallel_impl.cpp:244 WorkerThread 87: Can't spawn new thread: res = 11
[ERROR:0@27.696] global parallel_impl.cpp:244 WorkerThread 115: Can't spawn new thread: res = 11
[ERROR:0@27.696] global parallel_impl.cpp:244 WorkerThread 45: Can't spawn new thread: res = 11
[ERROR:0@27.696] global parallel_impl.cpp:244 WorkerThread 82: Can't spawn new thread: res = 11
[ERROR:0@27.696] global parallel_impl.cpp:244 WorkerThread 90: Can't spawn new thread: res = 11
[ERROR:0@27.696] global parallel_impl.cpp:244 WorkerThread 93: Can't spawn new thread: res = 11
[ERROR:0@27.696] global parallel_impl.cpp:244 WorkerThread 88: Can't spawn new thread: res = 11
[ERROR:0@27.696] global parallel_impl.cpp:244 WorkerThread 49: Can't spawn new thread: res = 11
[ERROR:0@27.696] global parallel_impl.cpp:244 WorkerThread 126: Can't spawn new thread: res = 11
[ERROR:0@27.696] global parallel_impl.cpp:244 WorkerThread 79: Can't spawn new thread: res = 11
[ERROR:0@27.696] global parallel_impl.cpp:244 WorkerThread 96: Can't spawn new thread: res = 11
[ERROR:0@27.696] global parallel_impl.cpp:244 WorkerThread 80: Can't spawn new thread: res = 11
[ERROR:0@27.696] global parallel_impl.cpp:244 WorkerThread 108: Can't spawn new thread: res = 11
[ERROR:0@27.696] global parallel_impl.cpp:244 WorkerThread 54: Can't spawn new thread: res = 11
[ERROR:0@27.696] global parallel_impl.cpp:244 WorkerThread 116: Can't spawn new thread: res = 11
[ERROR:0@27.696] global parallel_impl.cpp:244 WorkerThread 109: Can't spawn new thread: res = 11
[ERROR:0@27.696] global parallel_impl.cpp:244 WorkerThread 81: Can't spawn new thread: res = 11
[ERROR:0@27.696] global parallel_impl.cpp:244 WorkerThread 46: Can't spawn new thread: res = 11
[ERROR:0@27.696] global parallel_impl.cpp:244 WorkerThread 83: Can't spawn new thread: res = 11
[ERROR:0@27.696] global parallel_impl.cpp:244 WorkerThread 89: Can't spawn new thread: res = 11
[ERROR:0@27.696] global parallel_impl.cpp:244 WorkerThread 91: Can't spawn new thread: res = 11
[ERROR:0@27.696] global parallel_impl.cpp:244 WorkerThread 94: Can't spawn new thread: res = 11
[ERROR:0@27.696] global parallel_impl.cpp:244 WorkerThread 50: Can't spawn new thread: res = 11
[ERROR:0@27.696] global parallel_impl.cpp:244 WorkerThread 80: Can't spawn new thread: res = 11
[ERROR:0@27.696] global parallel_impl.cpp:244 WorkerThread 97: Can't spawn new thread: res = 11
[ERROR:0@27.696] global parallel_impl.cpp:244 WorkerThread 117: Can't spawn new thread: res = 11
[ERROR:0@27.696] global parallel_impl.cpp:244 WorkerThread 109: Can't spawn new thread: res = 11
[ERROR:0@27.696] global parallel_impl.cpp:244 WorkerThread 81: Can't spawn new thread: res = 11
[ERROR:0@27.696] global parallel_impl.cpp:244 WorkerThread 110: Can't spawn new thread: res = 11
[ERROR:0@27.696] global parallel_impl.cpp:244 WorkerThread 55: Can't spawn new thread: res = 11
[ERROR:0@27.696] global parallel_impl.cpp:244 WorkerThread 47: Can't spawn new thread: res = 11
[ERROR:0@27.696] global parallel_impl.cpp:244 WorkerThread 82: Can't spawn new thread: res = 11
[ERROR:0@27.696] global parallel_impl.cpp:244 WorkerThread 84: Can't spawn new thread: res = 11
[ERROR:0@27.696] global parallel_impl.cpp:244 WorkerThread 98: Can't spawn new thread: res = 11
[ERROR:0@27.696] global parallel_impl.cpp:244 WorkerThread 95: Can't spawn new thread: res = 11
[ERROR:0@27.696] global parallel_impl.cpp:244 WorkerThread 90: Can't spawn new thread: res = 11
[ERROR:0@27.696] global parallel_impl.cpp:244 WorkerThread 92: Can't spawn new thread: res = 11
[ERROR:0@27.696] global parallel_impl.cpp:244 WorkerThread 51: Can't spawn new thread: res = 11
[ERROR:0@27.696] global parallel_impl.cpp:244 WorkerThread 110: Can't spawn new thread: res = 11
[ERROR:0@27.696] global parallel_impl.cpp:244 WorkerThread 118: Can't spawn new thread: res = 11
[ERROR:0@27.696] global parallel_impl.cpp:244 WorkerThread 82: Can't spawn new thread: res = 11
[ERROR:0@27.696] global parallel_impl.cpp:244 WorkerThread 111: Can't spawn new thread: res = 11
[ERROR:0@27.696] global parallel_impl.cpp:244 WorkerThread 81: Can't spawn new thread: res = 11
[ERROR:0@27.696] global parallel_impl.cpp:244 WorkerThread 56: Can't spawn new thread: res = 11
[ERROR:0@27.696] global parallel_impl.cpp:244 WorkerThread 48: Can't spawn new thread: res = 11
[ERROR:0@27.696] global parallel_impl.cpp:244 WorkerThread 96: Can't spawn new thread: res = 11
[ERROR:0@27.696] global parallel_impl.cpp:244 WorkerThread 93: Can't spawn new thread: res = 11
[ERROR:0@27.696] global parallel_impl.cpp:244 WorkerThread 83: Can't spawn new thread: res = 11
[ERROR:0@27.696] global parallel_impl.cpp:244 WorkerThread 99: Can't spawn new thread: res = 11
[ERROR:0@27.696] global parallel_impl.cpp:244 WorkerThread 91: Can't spawn new thread: res = 11
[ERROR:0@27.696] global parallel_impl.cpp:244 WorkerThread 85: Can't spawn new thread: res = 11
[ERROR:0@27.696] global parallel_impl.cpp:244 WorkerThread 111: Can't spawn new thread: res = 11
[ERROR:0@27.696] global parallel_impl.cpp:244 WorkerThread 52: Can't spawn new thread: res = 11
[ERROR:0@27.696] global parallel_impl.cpp:244 WorkerThread 119: Can't spawn new thread: res = 11
[ERROR:0@27.696] global parallel_impl.cpp:244 WorkerThread 112: Can't spawn new thread: res = 11
[ERROR:0@27.696] global parallel_impl.cpp:244 WorkerThread 83: Can't spawn new thread: res = 11
[ERROR:0@27.696] global parallel_impl.cpp:244 WorkerThread 82: Can't spawn new thread: res = 11
[ERROR:0@27.696] global parallel_impl.cpp:244 WorkerThread 97: Can't spawn new thread: res = 11
[ERROR:0@27.696] global parallel_impl.cpp:244 WorkerThread 57: Can't spawn new thread: res = 11
[ERROR:0@27.696] global parallel_impl.cpp:244 WorkerThread 49: Can't spawn new thread: res = 11
[ERROR:0@27.696] global parallel_impl.cpp:244 WorkerThread 92: Can't spawn new thread: res = 11
[ERROR:0@27.696] global parallel_impl.cpp:244 WorkerThread 84: Can't spawn new thread: res = 11
[ERROR:0@27.696] global parallel_impl.cpp:244 WorkerThread 112: Can't spawn new thread: res = 11
[ERROR:0@27.696] global parallel_impl.cpp:244 WorkerThread 100: Can't spawn new thread: res = 11
[ERROR:0@27.696] global parallel_impl.cpp:244 WorkerThread 86: Can't spawn new thread: res = 11
[ERROR:0@27.696] global parallel_impl.cpp:244 WorkerThread 94: Can't spawn new thread: res = 11
[ERROR:0@27.696] global parallel_impl.cpp:244 WorkerThread 120: Can't spawn new thread: res = 11
[ERROR:0@27.696] global parallel_impl.cpp:244 WorkerThread 113: Can't spawn new thread: res = 11
[ERROR:0@27.696] global parallel_impl.cpp:244 WorkerThread 53: Can't spawn new thread: res = 11
[ERROR:0@27.696] global parallel_impl.cpp:244 WorkerThread 98: Can't spawn new thread: res = 11
[ERROR:0@27.696] global parallel_impl.cpp:244 WorkerThread 83: Can't spawn new thread: res = 11
[ERROR:0@27.696] global parallel_impl.cpp:244 WorkerThread 93: Can't spawn new thread: res = 11
[ERROR:0@27.696] global parallel_impl.cpp:244 WorkerThread 58: Can't spawn new thread: res = 11
[ERROR:0@27.696] global parallel_impl.cpp:244 WorkerThread 84: Can't spawn new thread: res = 11
[ERROR:0@27.696] global parallel_impl.cpp:244 WorkerThread 113: Can't spawn new thread: res = 11
[ERROR:0@27.696] global parallel_impl.cpp:244 WorkerThread 101: Can't spawn new thread: res = 11
[ERROR:0@27.696] global parallel_impl.cpp:244 WorkerThread 121: Can't spawn new thread: res = 11
[ERROR:0@27.696] global parallel_impl.cpp:244 WorkerThread 85: Can't spawn new thread: res = 11
[ERROR:0@27.696] global parallel_impl.cpp:244 WorkerThread 50: Can't spawn new thread: res = 11
[ERROR:0@27.696] global parallel_impl.cpp:244 WorkerThread 95: Can't spawn new thread: res = 11
[ERROR:0@27.696] global parallel_impl.cpp:244 WorkerThread 87: Can't spawn new thread: res = 11
[ERROR:0@27.696] global parallel_impl.cpp:244 WorkerThread 114: Can't spawn new thread: res = 11
[ERROR:0@27.696] global parallel_impl.cpp:244 WorkerThread 94: Can't spawn new thread: res = 11
[ERROR:0@27.696] global parallel_impl.cpp:244 WorkerThread 54: Can't spawn new thread: res = 11
[ERROR:0@27.696] global parallel_impl.cpp:244 WorkerThread 99: Can't spawn new thread: res = 11
[ERROR:0@27.696] global parallel_impl.cpp:244 WorkerThread 114: Can't spawn new thread: res = 11
[ERROR:0@27.696] global parallel_impl.cpp:244 WorkerThread 59: Can't spawn new thread: res = 11
[ERROR:0@27.696] global parallel_impl.cpp:244 WorkerThread 102: Can't spawn new thread: res = 11
[ERROR:0@27.696] global parallel_impl.cpp:244 WorkerThread 122: Can't spawn new thread: res = 11
[ERROR:0@27.696] global parallel_impl.cpp:244 WorkerThread 86: Can't spawn new thread: res = 11
[ERROR:0@27.696] global parallel_impl.cpp:244 WorkerThread 84: Can't spawn new thread: res = 11
[ERROR:0@27.696] global parallel_impl.cpp:244 WorkerThread 85: Can't spawn new thread: res = 11
[ERROR:0@27.696] global parallel_impl.cpp:244 WorkerThread 96: Can't spawn new thread: res = 11
[ERROR:0@27.696] global parallel_impl.cpp:244 WorkerThread 51: Can't spawn new thread: res = 11
[ERROR:0@27.696] global parallel_impl.cpp:244 WorkerThread 88: Can't spawn new thread: res = 11
[ERROR:0@27.696] global parallel_impl.cpp:244 WorkerThread 95: Can't spawn new thread: res = 11
[ERROR:0@27.696] global parallel_impl.cpp:244 WorkerThread 100: Can't spawn new thread: res = 11
[ERROR:0@27.696] global parallel_impl.cpp:244 WorkerThread 115: Can't spawn new thread: res = 11
[ERROR:0@27.696] global parallel_impl.cpp:244 WorkerThread 115: Can't spawn new thread: res = 11
[ERROR:0@27.696] global parallel_impl.cpp:244 WorkerThread 55: Can't spawn new thread: res = 11
[ERROR:0@27.696] global parallel_impl.cpp:244 WorkerThread 103: Can't spawn new thread: res = 11
[ERROR:0@27.696] global parallel_impl.cpp:244 WorkerThread 123: Can't spawn new thread: res = 11
[ERROR:0@27.696] global parallel_impl.cpp:244 WorkerThread 87: Can't spawn new thread: res = 11
[ERROR:0@27.696] global parallel_impl.cpp:244 WorkerThread 85: Can't spawn new thread: res = 11
[ERROR:0@27.696] global parallel_impl.cpp:244 WorkerThread 60: Can't spawn new thread: res = 11
[ERROR:0@27.696] global parallel_impl.cpp:244 WorkerThread 96: Can't spawn new thread: res = 11
[ERROR:0@27.696] global parallel_impl.cpp:244 WorkerThread 86: Can't spawn new thread: res = 11
[ERROR:0@27.696] global parallel_impl.cpp:244 WorkerThread 116: Can't spawn new thread: res = 11
[ERROR:0@27.696] global parallel_impl.cpp:244 WorkerThread 52: Can't spawn new thread: res = 11
[ERROR:0@27.696] global parallel_impl.cpp:244 WorkerThread 97: Can't spawn new thread: res = 11
[ERROR:0@27.696] global parallel_impl.cpp:244 WorkerThread 101: Can't spawn new thread: res = 11
[ERROR:0@27.696] global parallel_impl.cpp:244 WorkerThread 89: Can't spawn new thread: res = 11
[ERROR:0@27.696] global parallel_impl.cpp:244 WorkerThread 124: Can't spawn new thread: res = 11
[ERROR:0@27.696] global parallel_impl.cpp:244 WorkerThread 56: Can't spawn new thread: res = 11
[ERROR:0@27.696] global parallel_impl.cpp:244 WorkerThread 116: Can't spawn new thread: res = 11
[ERROR:0@27.696] global parallel_impl.cpp:244 WorkerThread 104: Can't spawn new thread: res = 11
[ERROR:0@27.696] global parallel_impl.cpp:244 WorkerThread 88: Can't spawn new thread: res = 11
[ERROR:0@27.696] global parallel_impl.cpp:244 WorkerThread 97: Can't spawn new thread: res = 11
[ERROR:0@27.696] global parallel_impl.cpp:244 WorkerThread 61: Can't spawn new thread: res = 11
[ERROR:0@27.696] global parallel_impl.cpp:244 WorkerThread 86: Can't spawn new thread: res = 11
[ERROR:0@27.696] global parallel_impl.cpp:244 WorkerThread 117: Can't spawn new thread: res = 11
[ERROR:0@27.696] global parallel_impl.cpp:244 WorkerThread 87: Can't spawn new thread: res = 11
[ERROR:0@27.696] global parallel_impl.cpp:244 WorkerThread 57: Can't spawn new thread: res = 11
[ERROR:0@27.696] global parallel_impl.cpp:244 WorkerThread 53: Can't spawn new thread: res = 11
[ERROR:0@27.696] global parallel_impl.cpp:244 WorkerThread 102: Can't spawn new thread: res = 11
[ERROR:0@27.696] global parallel_impl.cpp:244 WorkerThread 105: Can't spawn new thread: res = 11
[ERROR:0@27.696] global parallel_impl.cpp:244 WorkerThread 87: Can't spawn new thread: res = 11
[ERROR:0@27.696] global parallel_impl.cpp:244 WorkerThread 98: Can't spawn new thread: res = 11
[ERROR:0@27.696] global parallel_impl.cpp:244 WorkerThread 125: Can't spawn new thread: res = 11
[ERROR:0@27.696] global parallel_impl.cpp:244 WorkerThread 98: Can't spawn new thread: res = 11
[ERROR:0@27.696] global parallel_impl.cpp:244 WorkerThread 117: Can't spawn new thread: res = 11
[ERROR:0@27.696] global parallel_impl.cpp:244 WorkerThread 90: Can't spawn new thread: res = 11
[ERROR:0@27.696] global parallel_impl.cpp:244 WorkerThread 89: Can't spawn new thread: res = 11
[ERROR:0@27.696] global parallel_impl.cpp:244 WorkerThread 118: Can't spawn new thread: res = 11
[ERROR:0@27.696] global parallel_impl.cpp:244 WorkerThread 62: Can't spawn new thread: res = 11
[ERROR:0@27.696] global parallel_impl.cpp:244 WorkerThread 54: Can't spawn new thread: res = 11
[ERROR:0@27.696] global parallel_impl.cpp:244 WorkerThread 88: Can't spawn new thread: res = 11
[ERROR:0@27.696] global parallel_impl.cpp:244 WorkerThread 103: Can't spawn new thread: res = 11
[ERROR:0@27.696] global parallel_impl.cpp:244 WorkerThread 58: Can't spawn new thread: res = 11
[ERROR:0@27.696] global parallel_impl.cpp:244 WorkerThread 126: Can't spawn new thread: res = 11
[ERROR:0@27.696] global parallel_impl.cpp:244 WorkerThread 88: Can't spawn new thread: res = 11
[ERROR:0@27.696] global parallel_impl.cpp:244 WorkerThread 99: Can't spawn new thread: res = 11
[ERROR:0@27.696] global parallel_impl.cpp:244 WorkerThread 106: Can't spawn new thread: res = 11
[ERROR:0@27.696] global parallel_impl.cpp:244 WorkerThread 118: Can't spawn new thread: res = 11
[ERROR:0@27.696] global parallel_impl.cpp:244 WorkerThread 99: Can't spawn new thread: res = 11
[ERROR:0@27.696] global parallel_impl.cpp:244 WorkerThread 119: Can't spawn new thread: res = 11
[ERROR:0@27.696] global parallel_impl.cpp:244 WorkerThread 91: Can't spawn new thread: res = 11
[ERROR:0@27.696] global parallel_impl.cpp:244 WorkerThread 90: Can't spawn new thread: res = 11
[ERROR:0@27.696] global parallel_impl.cpp:244 WorkerThread 63: Can't spawn new thread: res = 11
[ERROR:0@27.696] global parallel_impl.cpp:244 WorkerThread 55: Can't spawn new thread: res = 11
[ERROR:0@27.696] global parallel_impl.cpp:244 WorkerThread 104: Can't spawn new thread: res = 11
[ERROR:0@27.696] global parallel_impl.cpp:244 WorkerThread 59: Can't spawn new thread: res = 11
[ERROR:0@27.696] global parallel_impl.cpp:244 WorkerThread 89: Can't spawn new thread: res = 11
[ERROR:0@27.696] global parallel_impl.cpp:244 WorkerThread 107: Can't spawn new thread: res = 11
[ERROR:0@27.696] global parallel_impl.cpp:244 WorkerThread 119: Can't spawn new thread: res = 11
[ERROR:0@27.696] global parallel_impl.cpp:244 WorkerThread 91: Can't spawn new thread: res = 11
[ERROR:0@27.696] global parallel_impl.cpp:244 WorkerThread 92: Can't spawn new thread: res = 11
[ERROR:0@27.696] global parallel_impl.cpp:244 WorkerThread 89: Can't spawn new thread: res = 11
[ERROR:0@27.696] global parallel_impl.cpp:244 WorkerThread 100: Can't spawn new thread: res = 11
[ERROR:0@27.696] global parallel_impl.cpp:244 WorkerThread 56: Can't spawn new thread: res = 11
[ERROR:0@27.696] global parallel_impl.cpp:244 WorkerThread 64: Can't spawn new thread: res = 11
[ERROR:0@27.696] global parallel_impl.cpp:244 WorkerThread 120: Can't spawn new thread: res = 11
[ERROR:0@27.696] global parallel_impl.cpp:244 WorkerThread 105: Can't spawn new thread: res = 11
[ERROR:0@27.696] global parallel_impl.cpp:244 WorkerThread 57: Can't spawn new thread: res = 11
[ERROR:0@27.696] global parallel_impl.cpp:244 WorkerThread 60: Can't spawn new thread: res = 11
[ERROR:0@27.696] global parallel_impl.cpp:244 WorkerThread 100: Can't spawn new thread: res = 11
[ERROR:0@27.696] global parallel_impl.cpp:244 WorkerThread 90: Can't spawn new thread: res = 11
[ERROR:0@27.696] global parallel_impl.cpp:244 WorkerThread 92: Can't spawn new thread: res = 11
[ERROR:0@27.696] global parallel_impl.cpp:244 WorkerThread 90: Can't spawn new thread: res = 11
[ERROR:0@27.696] global parallel_impl.cpp:244 WorkerThread 101: Can't spawn new thread: res = 11
[ERROR:0@27.696] global parallel_impl.cpp:244 WorkerThread 108: Can't spawn new thread: res = 11
[ERROR:0@27.696] global parallel_impl.cpp:244 WorkerThread 93: Can't spawn new thread: res = 11
[ERROR:0@27.696] global parallel_impl.cpp:244 WorkerThread 120: Can't spawn new thread: res = 11
[ERROR:0@27.696] global parallel_impl.cpp:244 WorkerThread 65: Can't spawn new thread: res = 11
[ERROR:0@27.696] global parallel_impl.cpp:244 WorkerThread 106: Can't spawn new thread: res = 11
[ERROR:0@27.696] global parallel_impl.cpp:244 WorkerThread 121: Can't spawn new thread: res = 11
[ERROR:0@27.696] global parallel_impl.cpp:244 WorkerThread 58: Can't spawn new thread: res = 11
[ERROR:0@27.696] global parallel_impl.cpp:244 WorkerThread 61: Can't spawn new thread: res = 11
[ERROR:0@27.696] global parallel_impl.cpp:244 WorkerThread 101: Can't spawn new thread: res = 11
[ERROR:0@27.696] global parallel_impl.cpp:244 WorkerThread 91: Can't spawn new thread: res = 11
[ERROR:0@27.696] global parallel_impl.cpp:244 WorkerThread 93: Can't spawn new thread: res = 11
[ERROR:0@27.696] global parallel_impl.cpp:244 WorkerThread 102: Can't spawn new thread: res = 11
[ERROR:0@27.696] global parallel_impl.cpp:244 WorkerThread 91: Can't spawn new thread: res = 11
[ERROR:0@27.696] global parallel_impl.cpp:244 WorkerThread 109: Can't spawn new thread: res = 11
[ERROR:0@27.696] global parallel_impl.cpp:244 WorkerThread 107: Can't spawn new thread: res = 11
[ERROR:0@27.696] global parallel_impl.cpp:244 WorkerThread 94: Can't spawn new thread: res = 11
[ERROR:0@27.696] global parallel_impl.cpp:244 WorkerThread 66: Can't spawn new thread: res = 11
[ERROR:0@27.696] global parallel_impl.cpp:244 WorkerThread 59: Can't spawn new thread: res = 11
[ERROR:0@27.696] global parallel_impl.cpp:244 WorkerThread 121: Can't spawn new thread: res = 11
[ERROR:0@27.696] global parallel_impl.cpp:244 WorkerThread 62: Can't spawn new thread: res = 11
[ERROR:0@27.696] global parallel_impl.cpp:244 WorkerThread 122: Can't spawn new thread: res = 11
[ERROR:0@27.696] global parallel_impl.cpp:244 WorkerThread 102: Can't spawn new thread: res = 11
[ERROR:0@27.696] global parallel_impl.cpp:244 WorkerThread 94: Can't spawn new thread: res = 11
[ERROR:0@27.696] global parallel_impl.cpp:244 WorkerThread 103: Can't spawn new thread: res = 11
[ERROR:0@27.696] global parallel_impl.cpp:244 WorkerThread 92: Can't spawn new thread: res = 11
[ERROR:0@27.696] global parallel_impl.cpp:244 WorkerThread 108: Can't spawn new thread: res = 11
[ERROR:0@27.696] global parallel_impl.cpp:244 WorkerThread 92: Can't spawn new thread: res = 11
[ERROR:0@27.696] global parallel_impl.cpp:244 WorkerThread 110: Can't spawn new thread: res = 11
[ERROR:0@27.696] global parallel_impl.cpp:244 WorkerThread 95: Can't spawn new thread: res = 11
[ERROR:0@27.696] global parallel_impl.cpp:244 WorkerThread 67: Can't spawn new thread: res = 11
[ERROR:0@27.696] global parallel_impl.cpp:244 WorkerThread 122: Can't spawn new thread: res = 11
[ERROR:0@27.696] global parallel_impl.cpp:244 WorkerThread 60: Can't spawn new thread: res = 11
[ERROR:0@27.696] global parallel_impl.cpp:244 WorkerThread 123: Can't spawn new thread: res = 11
[ERROR:0@27.696] global parallel_impl.cpp:244 WorkerThread 63: Can't spawn new thread: res = 11
[ERROR:0@27.696] global parallel_impl.cpp:244 WorkerThread 103: Can't spawn new thread: res = 11
[ERROR:0@27.696] global parallel_impl.cpp:244 WorkerThread 95: Can't spawn new thread: res = 11
[ERROR:0@27.696] global parallel_impl.cpp:244 WorkerThread 93: Can't spawn new thread: res = 11
[ERROR:0@27.696] global parallel_impl.cpp:244 WorkerThread 104: Can't spawn new thread: res = 11
[ERROR:0@27.696] global parallel_impl.cpp:244 WorkerThread 109: Can't spawn new thread: res = 11
[ERROR:0@27.696] global parallel_impl.cpp:244 WorkerThread 93: Can't spawn new thread: res = 11
[ERROR:0@27.696] global parallel_impl.cpp:244 WorkerThread 111: Can't spawn new thread: res = 11
[ERROR:0@27.696] global parallel_impl.cpp:244 WorkerThread 64: Can't spawn new thread: res = 11
[ERROR:0@27.696] global parallel_impl.cpp:244 WorkerThread 96: Can't spawn new thread: res = 11
[ERROR:0@27.696] global parallel_impl.cpp:244 WorkerThread 68: Can't spawn new thread: res = 11
[ERROR:0@27.696] global parallel_impl.cpp:244 WorkerThread 61: Can't spawn new thread: res = 11
[ERROR:0@27.696] global parallel_impl.cpp:244 WorkerThread 123: Can't spawn new thread: res = 11
[ERROR:0@27.696] global parallel_impl.cpp:244 WorkerThread 124: Can't spawn new thread: res = 11
[ERROR:0@27.696] global parallel_impl.cpp:244 WorkerThread 104: Can't spawn new thread: res = 11
[ERROR:0@27.696] global parallel_impl.cpp:244 WorkerThread 96: Can't spawn new thread: res = 11
[ERROR:0@27.696] global parallel_impl.cpp:244 WorkerThread 110: Can't spawn new thread: res = 11
[ERROR:0@27.696] global parallel_impl.cpp:244 WorkerThread 105: Can't spawn new thread: res = 11
[ERROR:0@27.696] global parallel_impl.cpp:244 WorkerThread 94: Can't spawn new thread: res = 11
[ERROR:0@27.696] global parallel_impl.cpp:244 WorkerThread 112: Can't spawn new thread: res = 11
[ERROR:0@27.696] global parallel_impl.cpp:244 WorkerThread 94: Can't spawn new thread: res = 11
[ERROR:0@27.696] global parallel_impl.cpp:244 WorkerThread 65: Can't spawn new thread: res = 11
[ERROR:0@27.696] global parallel_impl.cpp:244 WorkerThread 97: Can't spawn new thread: res = 11
[ERROR:0@27.696] global parallel_impl.cpp:244 WorkerThread 62: Can't spawn new thread: res = 11
[ERROR:0@27.696] global parallel_impl.cpp:244 WorkerThread 69: Can't spawn new thread: res = 11
[ERROR:0@27.696] global parallel_impl.cpp:244 WorkerThread 124: Can't spawn new thread: res = 11
[ERROR:0@27.696] global parallel_impl.cpp:244 WorkerThread 106: Can't spawn new thread: res = 11
[ERROR:0@27.696] global parallel_impl.cpp:244 WorkerThread 111: Can't spawn new thread: res = 11
[ERROR:0@27.696] global parallel_impl.cpp:244 WorkerThread 125: Can't spawn new thread: res = 11
[ERROR:0@27.696] global parallel_impl.cpp:244 WorkerThread 105: Can't spawn new thread: res = 11
[ERROR:0@27.696] global parallel_impl.cpp:244 WorkerThread 95: Can't spawn new thread: res = 11
[ERROR:0@27.696] global parallel_impl.cpp:244 WorkerThread 113: Can't spawn new thread: res = 11
[ERROR:0@27.696] global parallel_impl.cpp:244 WorkerThread 97: Can't spawn new thread: res = 11
[ERROR:0@27.696] global parallel_impl.cpp:244 WorkerThread 98: Can't spawn new thread: res = 11
[ERROR:0@27.696] global parallel_impl.cpp:244 WorkerThread 63: Can't spawn new thread: res = 11
[ERROR:0@27.696] global parallel_impl.cpp:244 WorkerThread 66: Can't spawn new thread: res = 11
[ERROR:0@27.696] global parallel_impl.cpp:244 WorkerThread 126: Can't spawn new thread: res = 11
[ERROR:0@27.696] global parallel_impl.cpp:244 WorkerThread 95: Can't spawn new thread: res = 11
[ERROR:0@27.696] global parallel_impl.cpp:244 WorkerThread 107: Can't spawn new thread: res = 11
[ERROR:0@27.696] global parallel_impl.cpp:244 WorkerThread 112: Can't spawn new thread: res = 11
[ERROR:0@27.696] global parallel_impl.cpp:244 WorkerThread 70: Can't spawn new thread: res = 11
[ERROR:0@27.696] global parallel_impl.cpp:244 WorkerThread 125: Can't spawn new thread: res = 11
[ERROR:0@27.696] global parallel_impl.cpp:244 WorkerThread 96: Can't spawn new thread: res = 11
[ERROR:0@27.696] global parallel_impl.cpp:244 WorkerThread 106: Can't spawn new thread: res = 11
[ERROR:0@27.696] global parallel_impl.cpp:244 WorkerThread 114: Can't spawn new thread: res = 11
[ERROR:0@27.696] global parallel_impl.cpp:244 WorkerThread 108: Can't spawn new thread: res = 11
[ERROR:0@27.696] global parallel_impl.cpp:244 WorkerThread 98: Can't spawn new thread: res = 11
[ERROR:0@27.696] global parallel_impl.cpp:244 WorkerThread 99: Can't spawn new thread: res = 11
[ERROR:0@27.696] global parallel_impl.cpp:244 WorkerThread 64: Can't spawn new thread: res = 11
[ERROR:0@27.696] global parallel_impl.cpp:244 WorkerThread 67: Can't spawn new thread: res = 11
[ERROR:0@27.696] global parallel_impl.cpp:244 WorkerThread 113: Can't spawn new thread: res = 11
[ERROR:0@27.696] global parallel_impl.cpp:244 WorkerThread 96: Can't spawn new thread: res = 11
[ERROR:0@27.696] global parallel_impl.cpp:244 WorkerThread 126: Can't spawn new thread: res = 11
[ERROR:0@27.696] global parallel_impl.cpp:244 WorkerThread 71: Can't spawn new thread: res = 11
[ERROR:0@27.696] global parallel_impl.cpp:244 WorkerThread 97: Can't spawn new thread: res = 11
[ERROR:0@27.696] global parallel_impl.cpp:244 WorkerThread 107: Can't spawn new thread: res = 11
[ERROR:0@27.697] global parallel_impl.cpp:244 WorkerThread 115: Can't spawn new thread: res = 11
[ERROR:0@27.697] global parallel_impl.cpp:244 WorkerThread 109: Can't spawn new thread: res = 11
[ERROR:0@27.697] global parallel_impl.cpp:244 WorkerThread 99: Can't spawn new thread: res = 11
[ERROR:0@27.697] global parallel_impl.cpp:244 WorkerThread 100: Can't spawn new thread: res = 11
[ERROR:0@27.697] global parallel_impl.cpp:244 WorkerThread 65: Can't spawn new thread: res = 11
[ERROR:0@27.697] global parallel_impl.cpp:244 WorkerThread 114: Can't spawn new thread: res = 11
[ERROR:0@27.697] global parallel_impl.cpp:244 WorkerThread 68: Can't spawn new thread: res = 11
[ERROR:0@27.697] global parallel_impl.cpp:244 WorkerThread 97: Can't spawn new thread: res = 11
[ERROR:0@27.696] global parallel_impl.cpp:244 WorkerThread 72: Can't spawn new thread: res = 11
[ERROR:0@27.696] global parallel_impl.cpp:244 WorkerThread 98: Can't spawn new thread: res = 11
[ERROR:0@27.697] global parallel_impl.cpp:244 WorkerThread 110: Can't spawn new thread: res = 11
[ERROR:0@27.697] global parallel_impl.cpp:244 WorkerThread 116: Can't spawn new thread: res = 11
[ERROR:0@27.697] global parallel_impl.cpp:244 WorkerThread 101: Can't spawn new thread: res = 11
[ERROR:0@27.697] global parallel_impl.cpp:244 WorkerThread 115: Can't spawn new thread: res = 11
[ERROR:0@27.697] global parallel_impl.cpp:244 WorkerThread 108: Can't spawn new thread: res = 11
[ERROR:0@27.697] global parallel_impl.cpp:244 WorkerThread 100: Can't spawn new thread: res = 11
[ERROR:0@27.697] global parallel_impl.cpp:244 WorkerThread 66: Can't spawn new thread: res = 11
[ERROR:0@27.697] global parallel_impl.cpp:244 WorkerThread 69: Can't spawn new thread: res = 11
[ERROR:0@27.697] global parallel_impl.cpp:244 WorkerThread 98: Can't spawn new thread: res = 11
[ERROR:0@27.697] global parallel_impl.cpp:244 WorkerThread 73: Can't spawn new thread: res = 11
[ERROR:0@27.697] global parallel_impl.cpp:244 WorkerThread 111: Can't spawn new thread: res = 11
[ERROR:0@27.697] global parallel_impl.cpp:244 WorkerThread 116: Can't spawn new thread: res = 11
[ERROR:0@27.697] global parallel_impl.cpp:244 WorkerThread 102: Can't spawn new thread: res = 11
[ERROR:0@27.697] global parallel_impl.cpp:244 WorkerThread 117: Can't spawn new thread: res = 11
[ERROR:0@27.697] global parallel_impl.cpp:244 WorkerThread 99: Can't spawn new thread: res = 11
[ERROR:0@27.697] global parallel_impl.cpp:244 WorkerThread 70: Can't spawn new thread: res = 11
[ERROR:0@27.697] global parallel_impl.cpp:244 WorkerThread 112: Can't spawn new thread: res = 11
[ERROR:0@27.697] global parallel_impl.cpp:244 WorkerThread 101: Can't spawn new thread: res = 11
[ERROR:0@27.697] global parallel_impl.cpp:244 WorkerThread 109: Can't spawn new thread: res = 11
[ERROR:0@27.697] global parallel_impl.cpp:244 WorkerThread 99: Can't spawn new thread: res = 11
[ERROR:0@27.697] global parallel_impl.cpp:244 WorkerThread 74: Can't spawn new thread: res = 11
[ERROR:0@27.697] global parallel_impl.cpp:244 WorkerThread 117: Can't spawn new thread: res = 11
[ERROR:0@27.697] global parallel_impl.cpp:244 WorkerThread 67: Can't spawn new thread: res = 11
[ERROR:0@27.697] global parallel_impl.cpp:244 WorkerThread 103: Can't spawn new thread: res = 11
[ERROR:0@27.697] global parallel_impl.cpp:244 WorkerThread 118: Can't spawn new thread: res = 11
[ERROR:0@27.697] global parallel_impl.cpp:244 WorkerThread 100: Can't spawn new thread: res = 11
[ERROR:0@27.697] global parallel_impl.cpp:244 WorkerThread 113: Can't spawn new thread: res = 11
[ERROR:0@27.697] global parallel_impl.cpp:244 WorkerThread 71: Can't spawn new thread: res = 11
[ERROR:0@27.697] global parallel_impl.cpp:244 WorkerThread 102: Can't spawn new thread: res = 11
[ERROR:0@27.697] global parallel_impl.cpp:244 WorkerThread 100: Can't spawn new thread: res = 11
[ERROR:0@27.697] global parallel_impl.cpp:244 WorkerThread 118: Can't spawn new thread: res = 11
[ERROR:0@27.697] global parallel_impl.cpp:244 WorkerThread 68: Can't spawn new thread: res = 11
[ERROR:0@27.697] global parallel_impl.cpp:244 WorkerThread 110: Can't spawn new thread: res = 11
[ERROR:0@27.697] global parallel_impl.cpp:244 WorkerThread 75: Can't spawn new thread: res = 11
[ERROR:0@27.697] global parallel_impl.cpp:244 WorkerThread 104: Can't spawn new thread: res = 11
[ERROR:0@27.697] global parallel_impl.cpp:244 WorkerThread 119: Can't spawn new thread: res = 11
[ERROR:0@27.697] global parallel_impl.cpp:244 WorkerThread 101: Can't spawn new thread: res = 11
[ERROR:0@27.697] global parallel_impl.cpp:244 WorkerThread 114: Can't spawn new thread: res = 11
[ERROR:0@27.697] global parallel_impl.cpp:244 WorkerThread 72: Can't spawn new thread: res = 11
[ERROR:0@27.697] global parallel_impl.cpp:244 WorkerThread 103: Can't spawn new thread: res = 11
[ERROR:0@27.697] global parallel_impl.cpp:244 WorkerThread 119: Can't spawn new thread: res = 11
[ERROR:0@27.697] global parallel_impl.cpp:244 WorkerThread 69: Can't spawn new thread: res = 11
[ERROR:0@27.697] global parallel_impl.cpp:244 WorkerThread 101: Can't spawn new thread: res = 11
[ERROR:0@27.697] global parallel_impl.cpp:244 WorkerThread 111: Can't spawn new thread: res = 11
[ERROR:0@27.697] global parallel_impl.cpp:244 WorkerThread 76: Can't spawn new thread: res = 11
[ERROR:0@27.697] global parallel_impl.cpp:244 WorkerThread 115: Can't spawn new thread: res = 11
[ERROR:0@27.697] global parallel_impl.cpp:244 WorkerThread 120: Can't spawn new thread: res = 11
[ERROR:0@27.697] global parallel_impl.cpp:244 WorkerThread 102: Can't spawn new thread: res = 11
[ERROR:0@27.697] global parallel_impl.cpp:244 WorkerThread 120: Can't spawn new thread: res = 11
[ERROR:0@27.697] global parallel_impl.cpp:244 WorkerThread 104: Can't spawn new thread: res = 11
[ERROR:0@27.697] global parallel_impl.cpp:244 WorkerThread 105: Can't spawn new thread: res = 11
[ERROR:0@27.697] global parallel_impl.cpp:244 WorkerThread 73: Can't spawn new thread: res = 11
[ERROR:0@27.697] global parallel_impl.cpp:244 WorkerThread 70: Can't spawn new thread: res = 11
[ERROR:0@27.697] global parallel_impl.cpp:244 WorkerThread 102: Can't spawn new thread: res = 11
[ERROR:0@27.697] global parallel_impl.cpp:244 WorkerThread 77: Can't spawn new thread: res = 11
[ERROR:0@27.697] global parallel_impl.cpp:244 WorkerThread 116: Can't spawn new thread: res = 11
[ERROR:0@27.697] global parallel_impl.cpp:244 WorkerThread 112: Can't spawn new thread: res = 11
[ERROR:0@27.697] global parallel_impl.cpp:244 WorkerThread 121: Can't spawn new thread: res = 11
[ERROR:0@27.697] global parallel_impl.cpp:244 WorkerThread 121: Can't spawn new thread: res = 11
[ERROR:0@27.697] global parallel_impl.cpp:244 WorkerThread 103: Can't spawn new thread: res = 11
[ERROR:0@27.697] global parallel_impl.cpp:244 WorkerThread 106: Can't spawn new thread: res = 11
[ERROR:0@27.697] global parallel_impl.cpp:244 WorkerThread 74: Can't spawn new thread: res = 11
[ERROR:0@27.697] global parallel_impl.cpp:244 WorkerThread 117: Can't spawn new thread: res = 11
[ERROR:0@27.697] global parallel_impl.cpp:244 WorkerThread 71: Can't spawn new thread: res = 11
[ERROR:0@27.697] global parallel_impl.cpp:244 WorkerThread 122: Can't spawn new thread: res = 11
[ERROR:0@27.697] global parallel_impl.cpp:244 WorkerThread 105: Can't spawn new thread: res = 11
[ERROR:0@27.697] global parallel_impl.cpp:244 WorkerThread 78: Can't spawn new thread: res = 11
[ERROR:0@27.697] global parallel_impl.cpp:244 WorkerThread 103: Can't spawn new thread: res = 11
[ERROR:0@27.697] global parallel_impl.cpp:244 WorkerThread 122: Can't spawn new thread: res = 11
[ERROR:0@27.697] global parallel_impl.cpp:244 WorkerThread 113: Can't spawn new thread: res = 11
[ERROR:0@27.697] global parallel_impl.cpp:244 WorkerThread 107: Can't spawn new thread: res = 11
[ERROR:0@27.697] global parallel_impl.cpp:244 WorkerThread 104: Can't spawn new thread: res = 11
[ERROR:0@27.697] global parallel_impl.cpp:244 WorkerThread 75: Can't spawn new thread: res = 11
[ERROR:0@27.697] global parallel_impl.cpp:244 WorkerThread 118: Can't spawn new thread: res = 11
[ERROR:0@27.697] global parallel_impl.cpp:244 WorkerThread 72: Can't spawn new thread: res = 11
[ERROR:0@27.697] global parallel_impl.cpp:244 WorkerThread 123: Can't spawn new thread: res = 11
[ERROR:0@27.697] global parallel_impl.cpp:244 WorkerThread 106: Can't spawn new thread: res = 11
[ERROR:0@27.697] global parallel_impl.cpp:244 WorkerThread 79: Can't spawn new thread: res = 11
[ERROR:0@27.697] global parallel_impl.cpp:244 WorkerThread 104: Can't spawn new thread: res = 11
[ERROR:0@27.697] global parallel_impl.cpp:244 WorkerThread 114: Can't spawn new thread: res = 11
[ERROR:0@27.697] global parallel_impl.cpp:244 WorkerThread 108: Can't spawn new thread: res = 11
[ERROR:0@27.697] global parallel_impl.cpp:244 WorkerThread 105: Can't spawn new thread: res = 11
[ERROR:0@27.697] global parallel_impl.cpp:244 WorkerThread 123: Can't spawn new thread: res = 11
[ERROR:0@27.697] global parallel_impl.cpp:244 WorkerThread 76: Can't spawn new thread: res = 11
[ERROR:0@27.697] global parallel_impl.cpp:244 WorkerThread 119: Can't spawn new thread: res = 11
[ERROR:0@27.697] global parallel_impl.cpp:244 WorkerThread 124: Can't spawn new thread: res = 11
[ERROR:0@27.697] global parallel_impl.cpp:244 WorkerThread 73: Can't spawn new thread: res = 11
[ERROR:0@27.697] global parallel_impl.cpp:244 WorkerThread 107: Can't spawn new thread: res = 11
[ERROR:0@27.697] global parallel_impl.cpp:244 WorkerThread 105: Can't spawn new thread: res = 11
[ERROR:0@27.697] global parallel_impl.cpp:244 WorkerThread 109: Can't spawn new thread: res = 11
[ERROR:0@27.697] global parallel_impl.cpp:244 WorkerThread 106: Can't spawn new thread: res = 11
[ERROR:0@27.697] global parallel_impl.cpp:244 WorkerThread 80: Can't spawn new thread: res = 11
[ERROR:0@27.697] global parallel_impl.cpp:244 WorkerThread 120: Can't spawn new thread: res = 11
[ERROR:0@27.697] global parallel_impl.cpp:244 WorkerThread 115: Can't spawn new thread: res = 11
[ERROR:0@27.697] global parallel_impl.cpp:244 WorkerThread 77: Can't spawn new thread: res = 11
[ERROR:0@27.697] global parallel_impl.cpp:244 WorkerThread 124: Can't spawn new thread: res = 11
[ERROR:0@27.697] global parallel_impl.cpp:244 WorkerThread 125: Can't spawn new thread: res = 11
[ERROR:0@27.697] global parallel_impl.cpp:244 WorkerThread 74: Can't spawn new thread: res = 11
[ERROR:0@27.697] global parallel_impl.cpp:244 WorkerThread 108: Can't spawn new thread: res = 11
[ERROR:0@27.697] global parallel_impl.cpp:244 WorkerThread 107: Can't spawn new thread: res = 11
[ERROR:0@27.697] global parallel_impl.cpp:244 WorkerThread 106: Can't spawn new thread: res = 11
[ERROR:0@27.697] global parallel_impl.cpp:244 WorkerThread 110: Can't spawn new thread: res = 11
[ERROR:0@27.697] global parallel_impl.cpp:244 WorkerThread 121: Can't spawn new thread: res = 11
[ERROR:0@27.697] global parallel_impl.cpp:244 WorkerThread 81: Can't spawn new thread: res = 11
[ERROR:0@27.697] global parallel_impl.cpp:244 WorkerThread 126: Can't spawn new thread: res = 11
[ERROR:0@27.697] global parallel_impl.cpp:244 WorkerThread 116: Can't spawn new thread: res = 11
[ERROR:0@27.697] global parallel_impl.cpp:244 WorkerThread 109: Can't spawn new thread: res = 11
[ERROR:0@27.697] global parallel_impl.cpp:244 WorkerThread 78: Can't spawn new thread: res = 11
[ERROR:0@27.697] global parallel_impl.cpp:244 WorkerThread 75: Can't spawn new thread: res = 11
[ERROR:0@27.697] global parallel_impl.cpp:244 WorkerThread 125: Can't spawn new thread: res = 11
[ERROR:0@27.697] global parallel_impl.cpp:244 WorkerThread 108: Can't spawn new thread: res = 11
[ERROR:0@27.697] global parallel_impl.cpp:244 WorkerThread 122: Can't spawn new thread: res = 11
[ERROR:0@27.697] global parallel_impl.cpp:244 WorkerThread 107: Can't spawn new thread: res = 11
[ERROR:0@27.697] global parallel_impl.cpp:244 WorkerThread 111: Can't spawn new thread: res = 11
[ERROR:0@27.697] global parallel_impl.cpp:244 WorkerThread 82: Can't spawn new thread: res = 11
[ERROR:0@27.697] global parallel_impl.cpp:244 WorkerThread 117: Can't spawn new thread: res = 11
[ERROR:0@27.697] global parallel_impl.cpp:244 WorkerThread 79: Can't spawn new thread: res = 11
[ERROR:0@27.697] global parallel_impl.cpp:244 WorkerThread 110: Can't spawn new thread: res = 11
[ERROR:0@27.697] global parallel_impl.cpp:244 WorkerThread 76: Can't spawn new thread: res = 11
[ERROR:0@27.697] global parallel_impl.cpp:244 WorkerThread 123: Can't spawn new thread: res = 11
[ERROR:0@27.697] global parallel_impl.cpp:244 WorkerThread 126: Can't spawn new thread: res = 11
[ERROR:0@27.697] global parallel_impl.cpp:244 WorkerThread 109: Can't spawn new thread: res = 11
[ERROR:0@27.697] global parallel_impl.cpp:244 WorkerThread 112: Can't spawn new thread: res = 11
[ERROR:0@27.697] global parallel_impl.cpp:244 WorkerThread 108: Can't spawn new thread: res = 11
[ERROR:0@27.697] global parallel_impl.cpp:244 WorkerThread 83: Can't spawn new thread: res = 11
[ERROR:0@27.697] global parallel_impl.cpp:244 WorkerThread 111: Can't spawn new thread: res = 11
[ERROR:0@27.697] global parallel_impl.cpp:244 WorkerThread 80: Can't spawn new thread: res = 11
[ERROR:0@27.697] global parallel_impl.cpp:244 WorkerThread 77: Can't spawn new thread: res = 11
[ERROR:0@27.697] global parallel_impl.cpp:244 WorkerThread 124: Can't spawn new thread: res = 11
[ERROR:0@27.697] global parallel_impl.cpp:244 WorkerThread 118: Can't spawn new thread: res = 11
[ERROR:0@27.697] global parallel_impl.cpp:244 WorkerThread 113: Can't spawn new thread: res = 11
[ERROR:0@27.697] global parallel_impl.cpp:244 WorkerThread 110: Can't spawn new thread: res = 11
[ERROR:0@27.697] global parallel_impl.cpp:244 WorkerThread 109: Can't spawn new thread: res = 11
[ERROR:0@27.697] global parallel_impl.cpp:244 WorkerThread 84: Can't spawn new thread: res = 11
[ERROR:0@27.697] global parallel_impl.cpp:244 WorkerThread 81: Can't spawn new thread: res = 11
[ERROR:0@27.697] global parallel_impl.cpp:244 WorkerThread 125: Can't spawn new thread: res = 11
[ERROR:0@27.697] global parallel_impl.cpp:244 WorkerThread 112: Can't spawn new thread: res = 11
[ERROR:0@27.697] global parallel_impl.cpp:244 WorkerThread 78: Can't spawn new thread: res = 11
[ERROR:0@27.697] global parallel_impl.cpp:244 WorkerThread 114: Can't spawn new thread: res = 11
[ERROR:0@27.697] global parallel_impl.cpp:244 WorkerThread 119: Can't spawn new thread: res = 11
[ERROR:0@27.697] global parallel_impl.cpp:244 WorkerThread 111: Can't spawn new thread: res = 11
[ERROR:0@27.697] global parallel_impl.cpp:244 WorkerThread 110: Can't spawn new thread: res = 11
[ERROR:0@27.697] global parallel_impl.cpp:244 WorkerThread 126: Can't spawn new thread: res = 11
[ERROR:0@27.697] global parallel_impl.cpp:244 WorkerThread 82: Can't spawn new thread: res = 11
[ERROR:0@27.697] global parallel_impl.cpp:244 WorkerThread 113: Can't spawn new thread: res = 11
[ERROR:0@27.697] global parallel_impl.cpp:244 WorkerThread 85: Can't spawn new thread: res = 11
[ERROR:0@27.697] global parallel_impl.cpp:244 WorkerThread 79: Can't spawn new thread: res = 11
[ERROR:0@27.697] global parallel_impl.cpp:244 WorkerThread 112: Can't spawn new thread: res = 11
[ERROR:0@27.697] global parallel_impl.cpp:244 WorkerThread 115: Can't spawn new thread: res = 11
[ERROR:0@27.697] global parallel_impl.cpp:244 WorkerThread 114: Can't spawn new thread: res = 11
[ERROR:0@27.697] global parallel_impl.cpp:244 WorkerThread 120: Can't spawn new thread: res = 11
[ERROR:0@27.697] global parallel_impl.cpp:244 WorkerThread 111: Can't spawn new thread: res = 11
[ERROR:0@27.697] global parallel_impl.cpp:244 WorkerThread 86: Can't spawn new thread: res = 11
[ERROR:0@27.697] global parallel_impl.cpp:244 WorkerThread 83: Can't spawn new thread: res = 11
[ERROR:0@27.697] global parallel_impl.cpp:244 WorkerThread 113: Can't spawn new thread: res = 11
[ERROR:0@27.697] global parallel_impl.cpp:244 WorkerThread 80: Can't spawn new thread: res = 11
[ERROR:0@27.697] global parallel_impl.cpp:244 WorkerThread 116: Can't spawn new thread: res = 11
[ERROR:0@27.697] global parallel_impl.cpp:244 WorkerThread 115: Can't spawn new thread: res = 11
[ERROR:0@27.697] global parallel_impl.cpp:244 WorkerThread 112: Can't spawn new thread: res = 11
[ERROR:0@27.697] global parallel_impl.cpp:244 WorkerThread 87: Can't spawn new thread: res = 11
[ERROR:0@27.697] global parallel_impl.cpp:244 WorkerThread 121: Can't spawn new thread: res = 11
[ERROR:0@27.697] global parallel_impl.cpp:244 WorkerThread 84: Can't spawn new thread: res = 11
[ERROR:0@27.697] global parallel_impl.cpp:244 WorkerThread 81: Can't spawn new thread: res = 11
[ERROR:0@27.697] global parallel_impl.cpp:244 WorkerThread 117: Can't spawn new thread: res = 11
[ERROR:0@27.697] global parallel_impl.cpp:244 WorkerThread 114: Can't spawn new thread: res = 11
[ERROR:0@27.697] global parallel_impl.cpp:244 WorkerThread 116: Can't spawn new thread: res = 11
[ERROR:0@27.697] global parallel_impl.cpp:244 WorkerThread 113: Can't spawn new thread: res = 11
[ERROR:0@27.697] global parallel_impl.cpp:244 WorkerThread 88: Can't spawn new thread: res = 11
[ERROR:0@27.697] global parallel_impl.cpp:244 WorkerThread 85: Can't spawn new thread: res = 11
[ERROR:0@27.697] global parallel_impl.cpp:244 WorkerThread 122: Can't spawn new thread: res = 11
[ERROR:0@27.697] global parallel_impl.cpp:244 WorkerThread 82: Can't spawn new thread: res = 11
[ERROR:0@27.697] global parallel_impl.cpp:244 WorkerThread 118: Can't spawn new thread: res = 11
[ERROR:0@27.697] global parallel_impl.cpp:244 WorkerThread 115: Can't spawn new thread: res = 11
[ERROR:0@27.697] global parallel_impl.cpp:244 WorkerThread 114: Can't spawn new thread: res = 11
[ERROR:0@27.697] global parallel_impl.cpp:244 WorkerThread 117: Can't spawn new thread: res = 11
[ERROR:0@27.697] global parallel_impl.cpp:244 WorkerThread 89: Can't spawn new thread: res = 11
[ERROR:0@27.697] global parallel_impl.cpp:244 WorkerThread 86: Can't spawn new thread: res = 11
[ERROR:0@27.697] global parallel_impl.cpp:244 WorkerThread 83: Can't spawn new thread: res = 11
[ERROR:0@27.697] global parallel_impl.cpp:244 WorkerThread 119: Can't spawn new thread: res = 11
[ERROR:0@27.697] global parallel_impl.cpp:244 WorkerThread 123: Can't spawn new thread: res = 11
[ERROR:0@27.697] global parallel_impl.cpp:244 WorkerThread 116: Can't spawn new thread: res = 11
[ERROR:0@27.697] global parallel_impl.cpp:244 WorkerThread 118: Can't spawn new thread: res = 11
[ERROR:0@27.697] global parallel_impl.cpp:244 WorkerThread 115: Can't spawn new thread: res = 11
[ERROR:0@27.697] global parallel_impl.cpp:244 WorkerThread 90: Can't spawn new thread: res = 11
[ERROR:0@27.697] global parallel_impl.cpp:244 WorkerThread 87: Can't spawn new thread: res = 11
[ERROR:0@27.697] global parallel_impl.cpp:244 WorkerThread 84: Can't spawn new thread: res = 11
[ERROR:0@27.697] global parallel_impl.cpp:244 WorkerThread 120: Can't spawn new thread: res = 11
[ERROR:0@27.697] global parallel_impl.cpp:244 WorkerThread 117: Can't spawn new thread: res = 11
[ERROR:0@27.697] global parallel_impl.cpp:244 WorkerThread 124: Can't spawn new thread: res = 11
[ERROR:0@27.697] global parallel_impl.cpp:244 WorkerThread 119: Can't spawn new thread: res = 11
[ERROR:0@27.697] global parallel_impl.cpp:244 WorkerThread 116: Can't spawn new thread: res = 11
[ERROR:0@27.697] global parallel_impl.cpp:244 WorkerThread 91: Can't spawn new thread: res = 11
[ERROR:0@27.697] global parallel_impl.cpp:244 WorkerThread 88: Can't spawn new thread: res = 11
[ERROR:0@27.697] global parallel_impl.cpp:244 WorkerThread 85: Can't spawn new thread: res = 11
[ERROR:0@27.697] global parallel_impl.cpp:244 WorkerThread 118: Can't spawn new thread: res = 11
[ERROR:0@27.697] global parallel_impl.cpp:244 WorkerThread 121: Can't spawn new thread: res = 11
[ERROR:0@27.697] global parallel_impl.cpp:244 WorkerThread 117: Can't spawn new thread: res = 11
[ERROR:0@27.697] global parallel_impl.cpp:244 WorkerThread 125: Can't spawn new thread: res = 11
[ERROR:0@27.697] global parallel_impl.cpp:244 WorkerThread 120: Can't spawn new thread: res = 11
[ERROR:0@27.697] global parallel_impl.cpp:244 WorkerThread 92: Can't spawn new thread: res = 11
[ERROR:0@27.697] global parallel_impl.cpp:244 WorkerThread 86: Can't spawn new thread: res = 11
[ERROR:0@27.697] global parallel_impl.cpp:244 WorkerThread 89: Can't spawn new thread: res = 11
[ERROR:0@27.697] global parallel_impl.cpp:244 WorkerThread 122: Can't spawn new thread: res = 11
[ERROR:0@27.697] global parallel_impl.cpp:244 WorkerThread 119: Can't spawn new thread: res = 11
[ERROR:0@27.697] global parallel_impl.cpp:244 WorkerThread 118: Can't spawn new thread: res = 11
[ERROR:0@27.697] global parallel_impl.cpp:244 WorkerThread 121: Can't spawn new thread: res = 11
[ERROR:0@27.697] global parallel_impl.cpp:244 WorkerThread 126: Can't spawn new thread: res = 11
[ERROR:0@27.697] global parallel_impl.cpp:244 WorkerThread 90: Can't spawn new thread: res = 11
[ERROR:0@27.697] global parallel_impl.cpp:244 WorkerThread 93: Can't spawn new thread: res = 11
[ERROR:0@27.697] global parallel_impl.cpp:244 WorkerThread 87: Can't spawn new thread: res = 11
[ERROR:0@27.697] global parallel_impl.cpp:244 WorkerThread 123: Can't spawn new thread: res = 11
[ERROR:0@27.697] global parallel_impl.cpp:244 WorkerThread 120: Can't spawn new thread: res = 11
[ERROR:0@27.697] global parallel_impl.cpp:244 WorkerThread 119: Can't spawn new thread: res = 11
[ERROR:0@27.697] global parallel_impl.cpp:244 WorkerThread 122: Can't spawn new thread: res = 11
[ERROR:0@27.697] global parallel_impl.cpp:244 WorkerThread 91: Can't spawn new thread: res = 11
[ERROR:0@27.697] global parallel_impl.cpp:244 WorkerThread 94: Can't spawn new thread: res = 11
[ERROR:0@27.697] global parallel_impl.cpp:244 WorkerThread 88: Can't spawn new thread: res = 11
[ERROR:0@27.697] global parallel_impl.cpp:244 WorkerThread 124: Can't spawn new thread: res = 11
[ERROR:0@27.697] global parallel_impl.cpp:244 WorkerThread 121: Can't spawn new thread: res = 11
[ERROR:0@27.697] global parallel_impl.cpp:244 WorkerThread 120: Can't spawn new thread: res = 11
[ERROR:0@27.697] global parallel_impl.cpp:244 WorkerThread 123: Can't spawn new thread: res = 11
[ERROR:0@27.697] global parallel_impl.cpp:244 WorkerThread 92: Can't spawn new thread: res = 11
[ERROR:0@27.697] global parallel_impl.cpp:244 WorkerThread 89: Can't spawn new thread: res = 11
[ERROR:0@27.697] global parallel_impl.cpp:244 WorkerThread 95: Can't spawn new thread: res = 11
[ERROR:0@27.697] global parallel_impl.cpp:244 WorkerThread 122: Can't spawn new thread: res = 11
[ERROR:0@27.697] global parallel_impl.cpp:244 WorkerThread 124: Can't spawn new thread: res = 11
[ERROR:0@27.697] global parallel_impl.cpp:244 WorkerThread 121: Can't spawn new thread: res = 11
[ERROR:0@27.697] global parallel_impl.cpp:244 WorkerThread 93: Can't spawn new thread: res = 11
[ERROR:0@27.697] global parallel_impl.cpp:244 WorkerThread 125: Can't spawn new thread: res = 11
[ERROR:0@27.697] global parallel_impl.cpp:244 WorkerThread 96: Can't spawn new thread: res = 11
[ERROR:0@27.697] global parallel_impl.cpp:244 WorkerThread 123: Can't spawn new thread: res = 11
[ERROR:0@27.697] global parallel_impl.cpp:244 WorkerThread 90: Can't spawn new thread: res = 11
[ERROR:0@27.697] global parallel_impl.cpp:244 WorkerThread 125: Can't spawn new thread: res = 11
[ERROR:0@27.697] global parallel_impl.cpp:244 WorkerThread 122: Can't spawn new thread: res = 11
[ERROR:0@27.697] global parallel_impl.cpp:244 WorkerThread 94: Can't spawn new thread: res = 11
[ERROR:0@27.697] global parallel_impl.cpp:244 WorkerThread 126: Can't spawn new thread: res = 11
[ERROR:0@27.697] global parallel_impl.cpp:244 WorkerThread 97: Can't spawn new thread: res = 11
[ERROR:0@27.698] global parallel_impl.cpp:244 WorkerThread 91: Can't spawn new thread: res = 11
[ERROR:0@27.698] global parallel_impl.cpp:244 WorkerThread 126: Can't spawn new thread: res = 11
[ERROR:0@27.697] global parallel_impl.cpp:244 WorkerThread 124: Can't spawn new thread: res = 11
[ERROR:0@27.698] global parallel_impl.cpp:244 WorkerThread 95: Can't spawn new thread: res = 11
[ERROR:0@27.698] global parallel_impl.cpp:244 WorkerThread 123: Can't spawn new thread: res = 11
[ERROR:0@27.697] global parallel_impl.cpp:244 WorkerThread 98: Can't spawn new thread: res = 11
[ERROR:0@27.698] global parallel_impl.cpp:244 WorkerThread 92: Can't spawn new thread: res = 11
[ERROR:0@27.698] global parallel_impl.cpp:244 WorkerThread 96: Can't spawn new thread: res = 11
[ERROR:0@27.698] global parallel_impl.cpp:244 WorkerThread 124: Can't spawn new thread: res = 11
[ERROR:0@27.698] global parallel_impl.cpp:244 WorkerThread 99: Can't spawn new thread: res = 11
[ERROR:0@27.698] global parallel_impl.cpp:244 WorkerThread 93: Can't spawn new thread: res = 11
[ERROR:0@27.698] global parallel_impl.cpp:244 WorkerThread 97: Can't spawn new thread: res = 11
[ERROR:0@27.698] global parallel_impl.cpp:244 WorkerThread 125: Can't spawn new thread: res = 11
[ERROR:0@27.698] global parallel_impl.cpp:244 WorkerThread 100: Can't spawn new thread: res = 11
[ERROR:0@27.698] global parallel_impl.cpp:244 WorkerThread 125: Can't spawn new thread: res = 11
[ERROR:0@27.698] global parallel_impl.cpp:244 WorkerThread 94: Can't spawn new thread: res = 11
[ERROR:0@27.698] global parallel_impl.cpp:244 WorkerThread 98: Can't spawn new thread: res = 11
[ERROR:0@27.698] global parallel_impl.cpp:244 WorkerThread 126: Can't spawn new thread: res = 11
[ERROR:0@27.698] global parallel_impl.cpp:244 WorkerThread 101: Can't spawn new thread: res = 11
[ERROR:0@27.698] global parallel_impl.cpp:244 WorkerThread 126: Can't spawn new thread: res = 11
[ERROR:0@27.698] global parallel_impl.cpp:244 WorkerThread 95: Can't spawn new thread: res = 11
[ERROR:0@27.698] global parallel_impl.cpp:244 WorkerThread 99: Can't spawn new thread: res = 11
[ERROR:0@27.698] global parallel_impl.cpp:244 WorkerThread 102: Can't spawn new thread: res = 11
[ERROR:0@27.698] global parallel_impl.cpp:244 WorkerThread 96: Can't spawn new thread: res = 11
[ERROR:0@27.698] global parallel_impl.cpp:244 WorkerThread 100: Can't spawn new thread: res = 11
[ERROR:0@27.698] global parallel_impl.cpp:244 WorkerThread 103: Can't spawn new thread: res = 11
[ERROR:0@27.698] global parallel_impl.cpp:244 WorkerThread 97: Can't spawn new thread: res = 11
[ERROR:0@27.698] global parallel_impl.cpp:244 WorkerThread 101: Can't spawn new thread: res = 11
[ERROR:0@27.698] global parallel_impl.cpp:244 WorkerThread 104: Can't spawn new thread: res = 11
[ERROR:0@27.698] global parallel_impl.cpp:244 WorkerThread 98: Can't spawn new thread: res = 11
[ERROR:0@27.698] global parallel_impl.cpp:244 WorkerThread 102: Can't spawn new thread: res = 11
[ERROR:0@27.698] global parallel_impl.cpp:244 WorkerThread 105: Can't spawn new thread: res = 11
[ERROR:0@27.698] global parallel_impl.cpp:244 WorkerThread 99: Can't spawn new thread: res = 11
[ERROR:0@27.698] global parallel_impl.cpp:244 WorkerThread 106: Can't spawn new thread: res = 11
[ERROR:0@27.698] global parallel_impl.cpp:244 WorkerThread 103: Can't spawn new thread: res = 11
[ERROR:0@27.698] global parallel_impl.cpp:244 WorkerThread 100: Can't spawn new thread: res = 11
[ERROR:0@27.698] global parallel_impl.cpp:244 WorkerThread 107: Can't spawn new thread: res = 11
[ERROR:0@27.698] global parallel_impl.cpp:244 WorkerThread 104: Can't spawn new thread: res = 11
[ERROR:0@27.698] global parallel_impl.cpp:244 WorkerThread 101: Can't spawn new thread: res = 11
[ERROR:0@27.698] global parallel_impl.cpp:244 WorkerThread 108: Can't spawn new thread: res = 11
[ERROR:0@27.698] global parallel_impl.cpp:244 WorkerThread 105: Can't spawn new thread: res = 11
[ERROR:0@27.698] global parallel_impl.cpp:244 WorkerThread 102: Can't spawn new thread: res = 11
[ERROR:0@27.698] global parallel_impl.cpp:244 WorkerThread 109: Can't spawn new thread: res = 11
[ERROR:0@27.698] global parallel_impl.cpp:244 WorkerThread 106: Can't spawn new thread: res = 11
[ERROR:0@27.698] global parallel_impl.cpp:244 WorkerThread 103: Can't spawn new thread: res = 11
[ERROR:0@27.698] global parallel_impl.cpp:244 WorkerThread 107: Can't spawn new thread: res = 11
[ERROR:0@27.698] global parallel_impl.cpp:244 WorkerThread 104: Can't spawn new thread: res = 11
[ERROR:0@27.698] global parallel_impl.cpp:244 WorkerThread 110: Can't spawn new thread: res = 11
[ERROR:0@27.698] global parallel_impl.cpp:244 WorkerThread 108: Can't spawn new thread: res = 11
[ERROR:0@27.698] global parallel_impl.cpp:244 WorkerThread 105: Can't spawn new thread: res = 11
[ERROR:0@27.698] global parallel_impl.cpp:244 WorkerThread 111: Can't spawn new thread: res = 11
[ERROR:0@27.698] global parallel_impl.cpp:244 WorkerThread 109: Can't spawn new thread: res = 11
[ERROR:0@27.698] global parallel_impl.cpp:244 WorkerThread 106: Can't spawn new thread: res = 11
[ERROR:0@27.698] global parallel_impl.cpp:244 WorkerThread 112: Can't spawn new thread: res = 11
[ERROR:0@27.698] global parallel_impl.cpp:244 WorkerThread 110: Can't spawn new thread: res = 11
[ERROR:0@27.698] global parallel_impl.cpp:244 WorkerThread 107: Can't spawn new thread: res = 11
[ERROR:0@27.698] global parallel_impl.cpp:244 WorkerThread 113: Can't spawn new thread: res = 11
[ERROR:0@27.698] global parallel_impl.cpp:244 WorkerThread 111: Can't spawn new thread: res = 11
[ERROR:0@27.698] global parallel_impl.cpp:244 WorkerThread 108: Can't spawn new thread: res = 11
[ERROR:0@27.698] global parallel_impl.cpp:244 WorkerThread 114: Can't spawn new thread: res = 11
[ERROR:0@27.698] global parallel_impl.cpp:244 WorkerThread 112: Can't spawn new thread: res = 11
[ERROR:0@27.698] global parallel_impl.cpp:244 WorkerThread 109: Can't spawn new thread: res = 11
[ERROR:0@27.698] global parallel_impl.cpp:244 WorkerThread 115: Can't spawn new thread: res = 11
[ERROR:0@27.698] global parallel_impl.cpp:244 WorkerThread 113: Can't spawn new thread: res = 11
[ERROR:0@27.698] global parallel_impl.cpp:244 WorkerThread 110: Can't spawn new thread: res = 11
[ERROR:0@27.698] global parallel_impl.cpp:244 WorkerThread 116: Can't spawn new thread: res = 11
[ERROR:0@27.698] global parallel_impl.cpp:244 WorkerThread 114: Can't spawn new thread: res = 11
[ERROR:0@27.698] global parallel_impl.cpp:244 WorkerThread 111: Can't spawn new thread: res = 11
[ERROR:0@27.698] global parallel_impl.cpp:244 WorkerThread 117: Can't spawn new thread: res = 11
[ERROR:0@27.698] global parallel_impl.cpp:244 WorkerThread 112: Can't spawn new thread: res = 11
[ERROR:0@27.698] global parallel_impl.cpp:244 WorkerThread 115: Can't spawn new thread: res = 11
[ERROR:0@27.698] global parallel_impl.cpp:244 WorkerThread 118: Can't spawn new thread: res = 11
[ERROR:0@27.698] global parallel_impl.cpp:244 WorkerThread 113: Can't spawn new thread: res = 11
[ERROR:0@27.698] global parallel_impl.cpp:244 WorkerThread 116: Can't spawn new thread: res = 11
[ERROR:0@27.698] global parallel_impl.cpp:244 WorkerThread 119: Can't spawn new thread: res = 11
[ERROR:0@27.698] global parallel_impl.cpp:244 WorkerThread 114: Can't spawn new thread: res = 11
[ERROR:0@27.698] global parallel_impl.cpp:244 WorkerThread 117: Can't spawn new thread: res = 11
[ERROR:0@27.698] global parallel_impl.cpp:244 WorkerThread 120: Can't spawn new thread: res = 11
[ERROR:0@27.698] global parallel_impl.cpp:244 WorkerThread 115: Can't spawn new thread: res = 11
[ERROR:0@27.698] global parallel_impl.cpp:244 WorkerThread 118: Can't spawn new thread: res = 11
[ERROR:0@27.698] global parallel_impl.cpp:244 WorkerThread 121: Can't spawn new thread: res = 11
[ERROR:0@27.698] global parallel_impl.cpp:244 WorkerThread 116: Can't spawn new thread: res = 11
[ERROR:0@27.698] global parallel_impl.cpp:244 WorkerThread 119: Can't spawn new thread: res = 11
[ERROR:0@27.698] global parallel_impl.cpp:244 WorkerThread 122: Can't spawn new thread: res = 11
[ERROR:0@27.698] global parallel_impl.cpp:244 WorkerThread 117: Can't spawn new thread: res = 11
[ERROR:0@27.698] global parallel_impl.cpp:244 WorkerThread 120: Can't spawn new thread: res = 11
[ERROR:0@27.698] global parallel_impl.cpp:244 WorkerThread 123: Can't spawn new thread: res = 11
[ERROR:0@27.698] global parallel_impl.cpp:244 WorkerThread 118: Can't spawn new thread: res = 11
[ERROR:0@27.698] global parallel_impl.cpp:244 WorkerThread 121: Can't spawn new thread: res = 11
[ERROR:0@27.698] global parallel_impl.cpp:244 WorkerThread 124: Can't spawn new thread: res = 11
[ERROR:0@27.698] global parallel_impl.cpp:244 WorkerThread 119: Can't spawn new thread: res = 11
[ERROR:0@27.698] global parallel_impl.cpp:244 WorkerThread 122: Can't spawn new thread: res = 11
[ERROR:0@27.698] global parallel_impl.cpp:244 WorkerThread 125: Can't spawn new thread: res = 11
[ERROR:0@27.698] global parallel_impl.cpp:244 WorkerThread 120: Can't spawn new thread: res = 11
[ERROR:0@27.698] global parallel_impl.cpp:244 WorkerThread 123: Can't spawn new thread: res = 11
[ERROR:0@27.698] global parallel_impl.cpp:244 WorkerThread 126: Can't spawn new thread: res = 11
[ERROR:0@27.698] global parallel_impl.cpp:244 WorkerThread 121: Can't spawn new thread: res = 11
[ERROR:0@27.698] global parallel_impl.cpp:244 WorkerThread 124: Can't spawn new thread: res = 11
[ERROR:0@27.698] global parallel_impl.cpp:244 WorkerThread 122: Can't spawn new thread: res = 11
[ERROR:0@27.698] global parallel_impl.cpp:244 WorkerThread 125: Can't spawn new thread: res = 11
[ERROR:0@27.698] global parallel_impl.cpp:244 WorkerThread 123: Can't spawn new thread: res = 11
[ERROR:0@27.698] global parallel_impl.cpp:244 WorkerThread 126: Can't spawn new thread: res = 11
[ERROR:0@27.698] global parallel_impl.cpp:244 WorkerThread 124: Can't spawn new thread: res = 11
[ERROR:0@27.698] global parallel_impl.cpp:244 WorkerThread 125: Can't spawn new thread: res = 11
[ERROR:0@27.698] global parallel_impl.cpp:244 WorkerThread 126: Can't spawn new thread: res = 11
[ERROR:0@27.667] global parallel_impl.cpp:244 WorkerThread 33: Can't spawn new thread: res = 11
[ERROR:0@27.699] global parallel_impl.cpp:244 WorkerThread 34: Can't spawn new thread: res = 11
[ERROR:0@27.699] global parallel_impl.cpp:244 WorkerThread 35: Can't spawn new thread: res = 11
[ERROR:0@27.699] global parallel_impl.cpp:244 WorkerThread 36: Can't spawn new thread: res = 11
[ERROR:0@27.699] global parallel_impl.cpp:244 WorkerThread 37: Can't spawn new thread: res = 11
[ERROR:0@27.699] global parallel_impl.cpp:244 WorkerThread 38: Can't spawn new thread: res = 11
[ERROR:0@27.699] global parallel_impl.cpp:244 WorkerThread 39: Can't spawn new thread: res = 11
[ERROR:0@27.699] global parallel_impl.cpp:244 WorkerThread 40: Can't spawn new thread: res = 11
[ERROR:0@27.699] global parallel_impl.cpp:244 WorkerThread 41: Can't spawn new thread: res = 11
[ERROR:0@27.699] global parallel_impl.cpp:244 WorkerThread 42: Can't spawn new thread: res = 11
[ERROR:0@27.699] global parallel_impl.cpp:244 WorkerThread 43: Can't spawn new thread: res = 11
[ERROR:0@27.699] global parallel_impl.cpp:244 WorkerThread 44: Can't spawn new thread: res = 11
[ERROR:0@27.699] global parallel_impl.cpp:244 WorkerThread 45: Can't spawn new thread: res = 11
[ERROR:0@27.699] global parallel_impl.cpp:244 WorkerThread 46: Can't spawn new thread: res = 11
[ERROR:0@27.699] global parallel_impl.cpp:244 WorkerThread 47: Can't spawn new thread: res = 11
[ERROR:0@27.699] global parallel_impl.cpp:244 WorkerThread 48: Can't spawn new thread: res = 11
[ERROR:0@27.699] global parallel_impl.cpp:244 WorkerThread 49: Can't spawn new thread: res = 11
[ERROR:0@27.699] global parallel_impl.cpp:244 WorkerThread 50: Can't spawn new thread: res = 11
[ERROR:0@27.699] global parallel_impl.cpp:244 WorkerThread 51: Can't spawn new thread: res = 11
[ERROR:0@27.699] global parallel_impl.cpp:244 WorkerThread 52: Can't spawn new thread: res = 11
[ERROR:0@27.699] global parallel_impl.cpp:244 WorkerThread 53: Can't spawn new thread: res = 11
[ERROR:0@27.699] global parallel_impl.cpp:244 WorkerThread 54: Can't spawn new thread: res = 11
[ERROR:0@27.699] global parallel_impl.cpp:244 WorkerThread 55: Can't spawn new thread: res = 11
[ERROR:0@27.699] global parallel_impl.cpp:244 WorkerThread 56: Can't spawn new thread: res = 11
[ERROR:0@27.699] global parallel_impl.cpp:244 WorkerThread 57: Can't spawn new thread: res = 11
[ERROR:0@27.699] global parallel_impl.cpp:244 WorkerThread 58: Can't spawn new thread: res = 11
[ERROR:0@27.699] global parallel_impl.cpp:244 WorkerThread 59: Can't spawn new thread: res = 11
[ERROR:0@27.699] global parallel_impl.cpp:244 WorkerThread 60: Can't spawn new thread: res = 11
[ERROR:0@27.699] global parallel_impl.cpp:244 WorkerThread 61: Can't spawn new thread: res = 11
[ERROR:0@27.699] global parallel_impl.cpp:244 WorkerThread 62: Can't spawn new thread: res = 11
[ERROR:0@27.699] global parallel_impl.cpp:244 WorkerThread 63: Can't spawn new thread: res = 11
[ERROR:0@27.699] global parallel_impl.cpp:244 WorkerThread 64: Can't spawn new thread: res = 11
[ERROR:0@27.699] global parallel_impl.cpp:244 WorkerThread 65: Can't spawn new thread: res = 11
[ERROR:0@27.699] global parallel_impl.cpp:244 WorkerThread 66: Can't spawn new thread: res = 11
[ERROR:0@27.699] global parallel_impl.cpp:244 WorkerThread 67: Can't spawn new thread: res = 11
[ERROR:0@27.699] global parallel_impl.cpp:244 WorkerThread 68: Can't spawn new thread: res = 11
[ERROR:0@27.699] global parallel_impl.cpp:244 WorkerThread 69: Can't spawn new thread: res = 11
[ERROR:0@27.699] global parallel_impl.cpp:244 WorkerThread 70: Can't spawn new thread: res = 11
[ERROR:0@27.699] global parallel_impl.cpp:244 WorkerThread 71: Can't spawn new thread: res = 11
[ERROR:0@27.699] global parallel_impl.cpp:244 WorkerThread 72: Can't spawn new thread: res = 11
[ERROR:0@27.699] global parallel_impl.cpp:244 WorkerThread 73: Can't spawn new thread: res = 11
[ERROR:0@27.699] global parallel_impl.cpp:244 WorkerThread 74: Can't spawn new thread: res = 11
[ERROR:0@27.699] global parallel_impl.cpp:244 WorkerThread 75: Can't spawn new thread: res = 11
[ERROR:0@27.699] global parallel_impl.cpp:244 WorkerThread 76: Can't spawn new thread: res = 11
[ERROR:0@27.699] global parallel_impl.cpp:244 WorkerThread 77: Can't spawn new thread: res = 11
[ERROR:0@27.699] global parallel_impl.cpp:244 WorkerThread 78: Can't spawn new thread: res = 11
[ERROR:0@27.699] global parallel_impl.cpp:244 WorkerThread 79: Can't spawn new thread: res = 11
[ERROR:0@27.699] global parallel_impl.cpp:244 WorkerThread 80: Can't spawn new thread: res = 11
[ERROR:0@27.699] global parallel_impl.cpp:244 WorkerThread 81: Can't spawn new thread: res = 11
[ERROR:0@27.699] global parallel_impl.cpp:244 WorkerThread 82: Can't spawn new thread: res = 11
[ERROR:0@27.699] global parallel_impl.cpp:244 WorkerThread 83: Can't spawn new thread: res = 11
[ERROR:0@27.699] global parallel_impl.cpp:244 WorkerThread 84: Can't spawn new thread: res = 11
[ERROR:0@27.699] global parallel_impl.cpp:244 WorkerThread 85: Can't spawn new thread: res = 11
[ERROR:0@27.699] global parallel_impl.cpp:244 WorkerThread 86: Can't spawn new thread: res = 11
[ERROR:0@27.699] global parallel_impl.cpp:244 WorkerThread 87: Can't spawn new thread: res = 11
[ERROR:0@27.699] global parallel_impl.cpp:244 WorkerThread 88: Can't spawn new thread: res = 11
[ERROR:0@27.699] global parallel_impl.cpp:244 WorkerThread 89: Can't spawn new thread: res = 11
[ERROR:0@27.699] global parallel_impl.cpp:244 WorkerThread 90: Can't spawn new thread: res = 11
[ERROR:0@27.699] global parallel_impl.cpp:244 WorkerThread 91: Can't spawn new thread: res = 11
[ERROR:0@27.699] global parallel_impl.cpp:244 WorkerThread 92: Can't spawn new thread: res = 11
[ERROR:0@27.699] global parallel_impl.cpp:244 WorkerThread 93: Can't spawn new thread: res = 11
[ERROR:0@27.700] global parallel_impl.cpp:244 WorkerThread 94: Can't spawn new thread: res = 11
[ERROR:0@27.700] global parallel_impl.cpp:244 WorkerThread 95: Can't spawn new thread: res = 11
[ERROR:0@27.700] global parallel_impl.cpp:244 WorkerThread 96: Can't spawn new thread: res = 11
[ERROR:0@27.700] global parallel_impl.cpp:244 WorkerThread 97: Can't spawn new thread: res = 11
[ERROR:0@27.700] global parallel_impl.cpp:244 WorkerThread 98: Can't spawn new thread: res = 11
[ERROR:0@27.700] global parallel_impl.cpp:244 WorkerThread 99: Can't spawn new thread: res = 11
[ERROR:0@27.700] global parallel_impl.cpp:244 WorkerThread 100: Can't spawn new thread: res = 11
[ERROR:0@27.700] global parallel_impl.cpp:244 WorkerThread 101: Can't spawn new thread: res = 11
[ERROR:0@27.700] global parallel_impl.cpp:244 WorkerThread 102: Can't spawn new thread: res = 11
[ERROR:0@27.700] global parallel_impl.cpp:244 WorkerThread 103: Can't spawn new thread: res = 11
[ERROR:0@27.700] global parallel_impl.cpp:244 WorkerThread 104: Can't spawn new thread: res = 11
[ERROR:0@27.700] global parallel_impl.cpp:244 WorkerThread 105: Can't spawn new thread: res = 11
[ERROR:0@27.700] global parallel_impl.cpp:244 WorkerThread 106: Can't spawn new thread: res = 11
[ERROR:0@27.700] global parallel_impl.cpp:244 WorkerThread 107: Can't spawn new thread: res = 11
[ERROR:0@27.700] global parallel_impl.cpp:244 WorkerThread 108: Can't spawn new thread: res = 11
[ERROR:0@27.700] global parallel_impl.cpp:244 WorkerThread 109: Can't spawn new thread: res = 11
[ERROR:0@27.700] global parallel_impl.cpp:244 WorkerThread 110: Can't spawn new thread: res = 11
[ERROR:0@27.700] global parallel_impl.cpp:244 WorkerThread 111: Can't spawn new thread: res = 11
[ERROR:0@27.700] global parallel_impl.cpp:244 WorkerThread 112: Can't spawn new thread: res = 11
[ERROR:0@27.700] global parallel_impl.cpp:244 WorkerThread 113: Can't spawn new thread: res = 11
[ERROR:0@27.700] global parallel_impl.cpp:244 WorkerThread 114: Can't spawn new thread: res = 11
[ERROR:0@27.700] global parallel_impl.cpp:244 WorkerThread 115: Can't spawn new thread: res = 11
[ERROR:0@27.700] global parallel_impl.cpp:244 WorkerThread 116: Can't spawn new thread: res = 11
[ERROR:0@27.700] global parallel_impl.cpp:244 WorkerThread 117: Can't spawn new thread: res = 11
[ERROR:0@27.700] global parallel_impl.cpp:244 WorkerThread 118: Can't spawn new thread: res = 11
[ERROR:0@27.700] global parallel_impl.cpp:244 WorkerThread 119: Can't spawn new thread: res = 11
[ERROR:0@27.700] global parallel_impl.cpp:244 WorkerThread 120: Can't spawn new thread: res = 11
[ERROR:0@27.700] global parallel_impl.cpp:244 WorkerThread 121: Can't spawn new thread: res = 11
[ERROR:0@27.700] global parallel_impl.cpp:244 WorkerThread 122: Can't spawn new thread: res = 11
[ERROR:0@27.700] global parallel_impl.cpp:244 WorkerThread 123: Can't spawn new thread: res = 11
[ERROR:0@27.700] global parallel_impl.cpp:244 WorkerThread 124: Can't spawn new thread: res = 11
[ERROR:0@27.700] global parallel_impl.cpp:244 WorkerThread 125: Can't spawn new thread: res = 11
[ERROR:0@27.700] global parallel_impl.cpp:244 WorkerThread 126: Can't spawn new thread: res = 11
[ERROR:0@27.667] global parallel_impl.cpp:244 WorkerThread 50: Can't spawn new thread: res = 11
[ERROR:0@27.700] global parallel_impl.cpp:244 WorkerThread 51: Can't spawn new thread: res = 11
[ERROR:0@27.700] global parallel_impl.cpp:244 WorkerThread 52: Can't spawn new thread: res = 11
[ERROR:0@27.700] global parallel_impl.cpp:244 WorkerThread 53: Can't spawn new thread: res = 11
[ERROR:0@27.700] global parallel_impl.cpp:244 WorkerThread 54: Can't spawn new thread: res = 11
[ERROR:0@27.700] global parallel_impl.cpp:244 WorkerThread 55: Can't spawn new thread: res = 11
[ERROR:0@27.700] global parallel_impl.cpp:244 WorkerThread 56: Can't spawn new thread: res = 11
[ERROR:0@27.700] global parallel_impl.cpp:244 WorkerThread 57: Can't spawn new thread: res = 11
[ERROR:0@27.700] global parallel_impl.cpp:244 WorkerThread 58: Can't spawn new thread: res = 11
[ERROR:0@27.700] global parallel_impl.cpp:244 WorkerThread 59: Can't spawn new thread: res = 11
[ERROR:0@27.700] global parallel_impl.cpp:244 WorkerThread 60: Can't spawn new thread: res = 11
[ERROR:0@27.700] global parallel_impl.cpp:244 WorkerThread 61: Can't spawn new thread: res = 11
[ERROR:0@27.700] global parallel_impl.cpp:244 WorkerThread 62: Can't spawn new thread: res = 11
[ERROR:0@27.700] global parallel_impl.cpp:244 WorkerThread 63: Can't spawn new thread: res = 11
[ERROR:0@27.700] global parallel_impl.cpp:244 WorkerThread 64: Can't spawn new thread: res = 11
[ERROR:0@27.700] global parallel_impl.cpp:244 WorkerThread 65: Can't spawn new thread: res = 11
[ERROR:0@27.700] global parallel_impl.cpp:244 WorkerThread 66: Can't spawn new thread: res = 11
[ERROR:0@27.700] global parallel_impl.cpp:244 WorkerThread 67: Can't spawn new thread: res = 11
[ERROR:0@27.700] global parallel_impl.cpp:244 WorkerThread 68: Can't spawn new thread: res = 11
[ERROR:0@27.700] global parallel_impl.cpp:244 WorkerThread 69: Can't spawn new thread: res = 11
[ERROR:0@27.700] global parallel_impl.cpp:244 WorkerThread 70: Can't spawn new thread: res = 11
[ERROR:0@27.701] global parallel_impl.cpp:244 WorkerThread 71: Can't spawn new thread: res = 11
[ERROR:0@27.701] global parallel_impl.cpp:244 WorkerThread 72: Can't spawn new thread: res = 11
[ERROR:0@27.701] global parallel_impl.cpp:244 WorkerThread 73: Can't spawn new thread: res = 11
[ERROR:0@27.701] global parallel_impl.cpp:244 WorkerThread 74: Can't spawn new thread: res = 11
[ERROR:0@27.701] global parallel_impl.cpp:244 WorkerThread 75: Can't spawn new thread: res = 11
[ERROR:0@27.701] global parallel_impl.cpp:244 WorkerThread 76: Can't spawn new thread: res = 11
[ERROR:0@27.701] global parallel_impl.cpp:244 WorkerThread 77: Can't spawn new thread: res = 11
[ERROR:0@27.701] global parallel_impl.cpp:244 WorkerThread 78: Can't spawn new thread: res = 11
[ERROR:0@27.701] global parallel_impl.cpp:244 WorkerThread 79: Can't spawn new thread: res = 11
[ERROR:0@27.701] global parallel_impl.cpp:244 WorkerThread 80: Can't spawn new thread: res = 11
[ERROR:0@27.701] global parallel_impl.cpp:244 WorkerThread 81: Can't spawn new thread: res = 11
[ERROR:0@27.701] global parallel_impl.cpp:244 WorkerThread 82: Can't spawn new thread: res = 11
[ERROR:0@27.701] global parallel_impl.cpp:244 WorkerThread 83: Can't spawn new thread: res = 11
[ERROR:0@27.701] global parallel_impl.cpp:244 WorkerThread 84: Can't spawn new thread: res = 11
[ERROR:0@27.701] global parallel_impl.cpp:244 WorkerThread 85: Can't spawn new thread: res = 11
[ERROR:0@27.701] global parallel_impl.cpp:244 WorkerThread 86: Can't spawn new thread: res = 11
[ERROR:0@27.701] global parallel_impl.cpp:244 WorkerThread 87: Can't spawn new thread: res = 11
[ERROR:0@27.701] global parallel_impl.cpp:244 WorkerThread 88: Can't spawn new thread: res = 11
[ERROR:0@27.701] global parallel_impl.cpp:244 WorkerThread 89: Can't spawn new thread: res = 11
[ERROR:0@27.701] global parallel_impl.cpp:244 WorkerThread 90: Can't spawn new thread: res = 11
[ERROR:0@27.701] global parallel_impl.cpp:244 WorkerThread 91: Can't spawn new thread: res = 11
[ERROR:0@27.701] global parallel_impl.cpp:244 WorkerThread 92: Can't spawn new thread: res = 11
[ERROR:0@27.701] global parallel_impl.cpp:244 WorkerThread 93: Can't spawn new thread: res = 11
[ERROR:0@27.701] global parallel_impl.cpp:244 WorkerThread 94: Can't spawn new thread: res = 11
[ERROR:0@27.701] global parallel_impl.cpp:244 WorkerThread 95: Can't spawn new thread: res = 11
[ERROR:0@27.701] global parallel_impl.cpp:244 WorkerThread 96: Can't spawn new thread: res = 11
[ERROR:0@27.701] global parallel_impl.cpp:244 WorkerThread 97: Can't spawn new thread: res = 11
[ERROR:0@27.701] global parallel_impl.cpp:244 WorkerThread 98: Can't spawn new thread: res = 11
[ERROR:0@27.701] global parallel_impl.cpp:244 WorkerThread 99: Can't spawn new thread: res = 11
[ERROR:0@27.701] global parallel_impl.cpp:244 WorkerThread 100: Can't spawn new thread: res = 11
[ERROR:0@27.701] global parallel_impl.cpp:244 WorkerThread 101: Can't spawn new thread: res = 11
[ERROR:0@27.701] global parallel_impl.cpp:244 WorkerThread 102: Can't spawn new thread: res = 11
[ERROR:0@27.701] global parallel_impl.cpp:244 WorkerThread 103: Can't spawn new thread: res = 11
[ERROR:0@27.701] global parallel_impl.cpp:244 WorkerThread 104: Can't spawn new thread: res = 11
[ERROR:0@27.701] global parallel_impl.cpp:244 WorkerThread 105: Can't spawn new thread: res = 11
[ERROR:0@27.701] global parallel_impl.cpp:244 WorkerThread 106: Can't spawn new thread: res = 11
[ERROR:0@27.701] global parallel_impl.cpp:244 WorkerThread 107: Can't spawn new thread: res = 11
[ERROR:0@27.701] global parallel_impl.cpp:244 WorkerThread 108: Can't spawn new thread: res = 11
[ERROR:0@27.701] global parallel_impl.cpp:244 WorkerThread 109: Can't spawn new thread: res = 11
[ERROR:0@27.701] global parallel_impl.cpp:244 WorkerThread 110: Can't spawn new thread: res = 11
[ERROR:0@27.701] global parallel_impl.cpp:244 WorkerThread 111: Can't spawn new thread: res = 11
[ERROR:0@27.701] global parallel_impl.cpp:244 WorkerThread 112: Can't spawn new thread: res = 11
[ERROR:0@27.701] global parallel_impl.cpp:244 WorkerThread 113: Can't spawn new thread: res = 11
[ERROR:0@27.701] global parallel_impl.cpp:244 WorkerThread 114: Can't spawn new thread: res = 11
[ERROR:0@27.701] global parallel_impl.cpp:244 WorkerThread 115: Can't spawn new thread: res = 11
[ERROR:0@27.701] global parallel_impl.cpp:244 WorkerThread 116: Can't spawn new thread: res = 11
[ERROR:0@27.701] global parallel_impl.cpp:244 WorkerThread 117: Can't spawn new thread: res = 11
[ERROR:0@27.701] global parallel_impl.cpp:244 WorkerThread 118: Can't spawn new thread: res = 11
[ERROR:0@27.701] global parallel_impl.cpp:244 WorkerThread 119: Can't spawn new thread: res = 11
[ERROR:0@27.701] global parallel_impl.cpp:244 WorkerThread 120: Can't spawn new thread: res = 11
[ERROR:0@27.701] global parallel_impl.cpp:244 WorkerThread 121: Can't spawn new thread: res = 11
[ERROR:0@27.701] global parallel_impl.cpp:244 WorkerThread 122: Can't spawn new thread: res = 11
[ERROR:0@27.701] global parallel_impl.cpp:244 WorkerThread 123: Can't spawn new thread: res = 11
[ERROR:0@27.701] global parallel_impl.cpp:244 WorkerThread 124: Can't spawn new thread: res = 11
[ERROR:0@27.701] global parallel_impl.cpp:244 WorkerThread 125: Can't spawn new thread: res = 11
[ERROR:0@27.701] global parallel_impl.cpp:244 WorkerThread 126: Can't spawn new thread: res = 11
[ERROR:0@27.668] global parallel_impl.cpp:244 WorkerThread 3: Can't spawn new thread: res = 11
[ERROR:0@27.702] global parallel_impl.cpp:244 WorkerThread 4: Can't spawn new thread: res = 11
[ERROR:0@27.702] global parallel_impl.cpp:244 WorkerThread 5: Can't spawn new thread: res = 11
[ERROR:0@27.702] global parallel_impl.cpp:244 WorkerThread 6: Can't spawn new thread: res = 11
[ERROR:0@27.702] global parallel_impl.cpp:244 WorkerThread 7: Can't spawn new thread: res = 11
[ERROR:0@27.702] global parallel_impl.cpp:244 WorkerThread 8: Can't spawn new thread: res = 11
[ERROR:0@27.702] global parallel_impl.cpp:244 WorkerThread 9: Can't spawn new thread: res = 11
[ERROR:0@27.702] global parallel_impl.cpp:244 WorkerThread 10: Can't spawn new thread: res = 11
[ERROR:0@27.702] global parallel_impl.cpp:244 WorkerThread 11: Can't spawn new thread: res = 11
[ERROR:0@27.702] global parallel_impl.cpp:244 WorkerThread 12: Can't spawn new thread: res = 11
[ERROR:0@27.702] global parallel_impl.cpp:244 WorkerThread 13: Can't spawn new thread: res = 11
[ERROR:0@27.702] global parallel_impl.cpp:244 WorkerThread 14: Can't spawn new thread: res = 11
[ERROR:0@27.702] global parallel_impl.cpp:244 WorkerThread 15: Can't spawn new thread: res = 11
[ERROR:0@27.702] global parallel_impl.cpp:244 WorkerThread 16: Can't spawn new thread: res = 11
[ERROR:0@27.702] global parallel_impl.cpp:244 WorkerThread 17: Can't spawn new thread: res = 11
[ERROR:0@27.702] global parallel_impl.cpp:244 WorkerThread 18: Can't spawn new thread: res = 11
[ERROR:0@27.702] global parallel_impl.cpp:244 WorkerThread 19: Can't spawn new thread: res = 11
[ERROR:0@27.702] global parallel_impl.cpp:244 WorkerThread 20: Can't spawn new thread: res = 11
[ERROR:0@27.702] global parallel_impl.cpp:244 WorkerThread 21: Can't spawn new thread: res = 11
[ERROR:0@27.702] global parallel_impl.cpp:244 WorkerThread 22: Can't spawn new thread: res = 11
[ERROR:0@27.702] global parallel_impl.cpp:244 WorkerThread 23: Can't spawn new thread: res = 11
[ERROR:0@27.702] global parallel_impl.cpp:244 WorkerThread 24: Can't spawn new thread: res = 11
[ERROR:0@27.702] global parallel_impl.cpp:244 WorkerThread 25: Can't spawn new thread: res = 11
[ERROR:0@27.702] global parallel_impl.cpp:244 WorkerThread 26: Can't spawn new thread: res = 11
[ERROR:0@27.702] global parallel_impl.cpp:244 WorkerThread 27: Can't spawn new thread: res = 11
[ERROR:0@27.702] global parallel_impl.cpp:244 WorkerThread 28: Can't spawn new thread: res = 11
[ERROR:0@27.668] global parallel_impl.cpp:244 WorkerThread 32: Can't spawn new thread: res = 11
[ERROR:0@27.702] global parallel_impl.cpp:244 WorkerThread 29: Can't spawn new thread: res = 11
[ERROR:0@27.702] global parallel_impl.cpp:244 WorkerThread 30: Can't spawn new thread: res = 11
[ERROR:0@27.702] global parallel_impl.cpp:244 WorkerThread 31: Can't spawn new thread: res = 11
[ERROR:0@27.702] global parallel_impl.cpp:244 WorkerThread 32: Can't spawn new thread: res = 11
[ERROR:0@27.702] global parallel_impl.cpp:244 WorkerThread 33: Can't spawn new thread: res = 11
[ERROR:0@27.702] global parallel_impl.cpp:244 WorkerThread 34: Can't spawn new thread: res = 11
[ERROR:0@27.702] global parallel_impl.cpp:244 WorkerThread 35: Can't spawn new thread: res = 11
[ERROR:0@27.702] global parallel_impl.cpp:244 WorkerThread 33: Can't spawn new thread: res = 11
[ERROR:0@27.702] global parallel_impl.cpp:244 WorkerThread 36: Can't spawn new thread: res = 11
[ERROR:0@27.702] global parallel_impl.cpp:244 WorkerThread 34: Can't spawn new thread: res = 11
[ERROR:0@27.702] global parallel_impl.cpp:244 WorkerThread 37: Can't spawn new thread: res = 11
[ERROR:0@27.702] global parallel_impl.cpp:244 WorkerThread 38: Can't spawn new thread: res = 11
[ERROR:0@27.702] global parallel_impl.cpp:244 WorkerThread 35: Can't spawn new thread: res = 11
[ERROR:0@27.702] global parallel_impl.cpp:244 WorkerThread 36: Can't spawn new thread: res = 11
[ERROR:0@27.702] global parallel_impl.cpp:244 WorkerThread 39: Can't spawn new thread: res = 11
[ERROR:0@27.702] global parallel_impl.cpp:244 WorkerThread 40: Can't spawn new thread: res = 11
[ERROR:0@27.702] global parallel_impl.cpp:244 WorkerThread 37: Can't spawn new thread: res = 11
[ERROR:0@27.702] global parallel_impl.cpp:244 WorkerThread 41: Can't spawn new thread: res = 11
[ERROR:0@27.702] global parallel_impl.cpp:244 WorkerThread 38: Can't spawn new thread: res = 11
[ERROR:0@27.702] global parallel_impl.cpp:244 WorkerThread 42: Can't spawn new thread: res = 11
[ERROR:0@27.702] global parallel_impl.cpp:244 WorkerThread 39: Can't spawn new thread: res = 11
[ERROR:0@27.702] global parallel_impl.cpp:244 WorkerThread 43: Can't spawn new thread: res = 11
[ERROR:0@27.702] global parallel_impl.cpp:244 WorkerThread 40: Can't spawn new thread: res = 11
[ERROR:0@27.702] global parallel_impl.cpp:244 WorkerThread 44: Can't spawn new thread: res = 11
[ERROR:0@27.702] global parallel_impl.cpp:244 WorkerThread 41: Can't spawn new thread: res = 11
[ERROR:0@27.702] global parallel_impl.cpp:244 WorkerThread 45: Can't spawn new thread: res = 11
[ERROR:0@27.702] global parallel_impl.cpp:244 WorkerThread 46: Can't spawn new thread: res = 11
[ERROR:0@27.702] global parallel_impl.cpp:244 WorkerThread 42: Can't spawn new thread: res = 11
[ERROR:0@27.702] global parallel_impl.cpp:244 WorkerThread 47: Can't spawn new thread: res = 11
[ERROR:0@27.702] global parallel_impl.cpp:244 WorkerThread 43: Can't spawn new thread: res = 11
[ERROR:0@27.702] global parallel_impl.cpp:244 WorkerThread 44: Can't spawn new thread: res = 11
[ERROR:0@27.702] global parallel_impl.cpp:244 WorkerThread 48: Can't spawn new thread: res = 11
[ERROR:0@27.702] global parallel_impl.cpp:244 WorkerThread 49: Can't spawn new thread: res = 11
[ERROR:0@27.702] global parallel_impl.cpp:244 WorkerThread 45: Can't spawn new thread: res = 11
[ERROR:0@27.702] global parallel_impl.cpp:244 WorkerThread 50: Can't spawn new thread: res = 11
[ERROR:0@27.702] global parallel_impl.cpp:244 WorkerThread 51: Can't spawn new thread: res = 11
[ERROR:0@27.702] global parallel_impl.cpp:244 WorkerThread 46: Can't spawn new thread: res = 11
[ERROR:0@27.702] global parallel_impl.cpp:244 WorkerThread 52: Can't spawn new thread: res = 11
[ERROR:0@27.702] global parallel_impl.cpp:244 WorkerThread 47: Can't spawn new thread: res = 11
[ERROR:0@27.702] global parallel_impl.cpp:244 WorkerThread 53: Can't spawn new thread: res = 11
[ERROR:0@27.702] global parallel_impl.cpp:244 WorkerThread 48: Can't spawn new thread: res = 11
[ERROR:0@27.702] global parallel_impl.cpp:244 WorkerThread 54: Can't spawn new thread: res = 11
[ERROR:0@27.702] global parallel_impl.cpp:244 WorkerThread 49: Can't spawn new thread: res = 11
[ERROR:0@27.702] global parallel_impl.cpp:244 WorkerThread 55: Can't spawn new thread: res = 11
[ERROR:0@27.702] global parallel_impl.cpp:244 WorkerThread 56: Can't spawn new thread: res = 11
[ERROR:0@27.702] global parallel_impl.cpp:244 WorkerThread 50: Can't spawn new thread: res = 11
[ERROR:0@27.702] global parallel_impl.cpp:244 WorkerThread 57: Can't spawn new thread: res = 11
[ERROR:0@27.702] global parallel_impl.cpp:244 WorkerThread 58: Can't spawn new thread: res = 11
[ERROR:0@27.702] global parallel_impl.cpp:244 WorkerThread 51: Can't spawn new thread: res = 11
[ERROR:0@27.702] global parallel_impl.cpp:244 WorkerThread 52: Can't spawn new thread: res = 11
[ERROR:0@27.702] global parallel_impl.cpp:244 WorkerThread 59: Can't spawn new thread: res = 11
[ERROR:0@27.702] global parallel_impl.cpp:244 WorkerThread 53: Can't spawn new thread: res = 11
[ERROR:0@27.702] global parallel_impl.cpp:244 WorkerThread 60: Can't spawn new thread: res = 11
[ERROR:0@27.702] global parallel_impl.cpp:244 WorkerThread 54: Can't spawn new thread: res = 11
[ERROR:0@27.702] global parallel_impl.cpp:244 WorkerThread 61: Can't spawn new thread: res = 11
[ERROR:0@27.702] global parallel_impl.cpp:244 WorkerThread 62: Can't spawn new thread: res = 11
[ERROR:0@27.703] global parallel_impl.cpp:244 WorkerThread 55: Can't spawn new thread: res = 11
[ERROR:0@27.702] global parallel_impl.cpp:244 WorkerThread 63: Can't spawn new thread: res = 11
[ERROR:0@27.703] global parallel_impl.cpp:244 WorkerThread 56: Can't spawn new thread: res = 11
[ERROR:0@27.703] global parallel_impl.cpp:244 WorkerThread 57: Can't spawn new thread: res = 11
[ERROR:0@27.702] global parallel_impl.cpp:244 WorkerThread 64: Can't spawn new thread: res = 11
[ERROR:0@27.703] global parallel_impl.cpp:244 WorkerThread 58: Can't spawn new thread: res = 11
[ERROR:0@27.703] global parallel_impl.cpp:244 WorkerThread 59: Can't spawn new thread: res = 11
[ERROR:0@27.703] global parallel_impl.cpp:244 WorkerThread 65: Can't spawn new thread: res = 11
[ERROR:0@27.703] global parallel_impl.cpp:244 WorkerThread 66: Can't spawn new thread: res = 11
[ERROR:0@27.703] global parallel_impl.cpp:244 WorkerThread 67: Can't spawn new thread: res = 11
[ERROR:0@27.703] global parallel_impl.cpp:244 WorkerThread 60: Can't spawn new thread: res = 11
[ERROR:0@27.703] global parallel_impl.cpp:244 WorkerThread 68: Can't spawn new thread: res = 11
[ERROR:0@27.703] global parallel_impl.cpp:244 WorkerThread 61: Can't spawn new thread: res = 11
[ERROR:0@27.703] global parallel_impl.cpp:244 WorkerThread 69: Can't spawn new thread: res = 11
[ERROR:0@27.703] global parallel_impl.cpp:244 WorkerThread 62: Can't spawn new thread: res = 11
[ERROR:0@27.703] global parallel_impl.cpp:244 WorkerThread 70: Can't spawn new thread: res = 11
[ERROR:0@27.703] global parallel_impl.cpp:244 WorkerThread 63: Can't spawn new thread: res = 11
[ERROR:0@27.703] global parallel_impl.cpp:244 WorkerThread 71: Can't spawn new thread: res = 11
[ERROR:0@27.703] global parallel_impl.cpp:244 WorkerThread 64: Can't spawn new thread: res = 11
[ERROR:0@27.703] global parallel_impl.cpp:244 WorkerThread 72: Can't spawn new thread: res = 11
[ERROR:0@27.703] global parallel_impl.cpp:244 WorkerThread 73: Can't spawn new thread: res = 11
[ERROR:0@27.703] global parallel_impl.cpp:244 WorkerThread 65: Can't spawn new thread: res = 11
[ERROR:0@27.703] global parallel_impl.cpp:244 WorkerThread 66: Can't spawn new thread: res = 11
[ERROR:0@27.703] global parallel_impl.cpp:244 WorkerThread 74: Can't spawn new thread: res = 11
[ERROR:0@27.703] global parallel_impl.cpp:244 WorkerThread 67: Can't spawn new thread: res = 11
[ERROR:0@27.703] global parallel_impl.cpp:244 WorkerThread 75: Can't spawn new thread: res = 11
[ERROR:0@27.703] global parallel_impl.cpp:244 WorkerThread 76: Can't spawn new thread: res = 11
[ERROR:0@27.703] global parallel_impl.cpp:244 WorkerThread 68: Can't spawn new thread: res = 11
[ERROR:0@27.703] global parallel_impl.cpp:244 WorkerThread 77: Can't spawn new thread: res = 11
[ERROR:0@27.703] global parallel_impl.cpp:244 WorkerThread 69: Can't spawn new thread: res = 11
[ERROR:0@27.703] global parallel_impl.cpp:244 WorkerThread 78: Can't spawn new thread: res = 11
[ERROR:0@27.703] global parallel_impl.cpp:244 WorkerThread 70: Can't spawn new thread: res = 11
[ERROR:0@27.703] global parallel_impl.cpp:244 WorkerThread 71: Can't spawn new thread: res = 11
[ERROR:0@27.703] global parallel_impl.cpp:244 WorkerThread 79: Can't spawn new thread: res = 11
[ERROR:0@27.703] global parallel_impl.cpp:244 WorkerThread 72: Can't spawn new thread: res = 11
[ERROR:0@27.703] global parallel_impl.cpp:244 WorkerThread 80: Can't spawn new thread: res = 11
[ERROR:0@27.703] global parallel_impl.cpp:244 WorkerThread 73: Can't spawn new thread: res = 11
[ERROR:0@27.703] global parallel_impl.cpp:244 WorkerThread 74: Can't spawn new thread: res = 11
[ERROR:0@27.703] global parallel_impl.cpp:244 WorkerThread 81: Can't spawn new thread: res = 11
[ERROR:0@27.703] global parallel_impl.cpp:244 WorkerThread 82: Can't spawn new thread: res = 11
[ERROR:0@27.703] global parallel_impl.cpp:244 WorkerThread 75: Can't spawn new thread: res = 11
[ERROR:0@27.703] global parallel_impl.cpp:244 WorkerThread 83: Can't spawn new thread: res = 11
[ERROR:0@27.703] global parallel_impl.cpp:244 WorkerThread 76: Can't spawn new thread: res = 11
[ERROR:0@27.703] global parallel_impl.cpp:244 WorkerThread 77: Can't spawn new thread: res = 11
[ERROR:0@27.703] global parallel_impl.cpp:244 WorkerThread 84: Can't spawn new thread: res = 11
[ERROR:0@27.703] global parallel_impl.cpp:244 WorkerThread 78: Can't spawn new thread: res = 11
[ERROR:0@27.703] global parallel_impl.cpp:244 WorkerThread 85: Can't spawn new thread: res = 11
[ERROR:0@27.703] global parallel_impl.cpp:244 WorkerThread 86: Can't spawn new thread: res = 11
[ERROR:0@27.703] global parallel_impl.cpp:244 WorkerThread 79: Can't spawn new thread: res = 11
[ERROR:0@27.703] global parallel_impl.cpp:244 WorkerThread 87: Can't spawn new thread: res = 11
[ERROR:0@27.703] global parallel_impl.cpp:244 WorkerThread 88: Can't spawn new thread: res = 11
[ERROR:0@27.703] global parallel_impl.cpp:244 WorkerThread 80: Can't spawn new thread: res = 11
[ERROR:0@27.703] global parallel_impl.cpp:244 WorkerThread 89: Can't spawn new thread: res = 11
[ERROR:0@27.703] global parallel_impl.cpp:244 WorkerThread 81: Can't spawn new thread: res = 11
[ERROR:0@27.703] global parallel_impl.cpp:244 WorkerThread 90: Can't spawn new thread: res = 11
[ERROR:0@27.703] global parallel_impl.cpp:244 WorkerThread 82: Can't spawn new thread: res = 11
[ERROR:0@27.703] global parallel_impl.cpp:244 WorkerThread 91: Can't spawn new thread: res = 11
[ERROR:0@27.703] global parallel_impl.cpp:244 WorkerThread 83: Can't spawn new thread: res = 11
[ERROR:0@27.703] global parallel_impl.cpp:244 WorkerThread 92: Can't spawn new thread: res = 11
[ERROR:0@27.703] global parallel_impl.cpp:244 WorkerThread 84: Can't spawn new thread: res = 11
[ERROR:0@27.703] global parallel_impl.cpp:244 WorkerThread 93: Can't spawn new thread: res = 11
[ERROR:0@27.703] global parallel_impl.cpp:244 WorkerThread 85: Can't spawn new thread: res = 11
[ERROR:0@27.703] global parallel_impl.cpp:244 WorkerThread 94: Can't spawn new thread: res = 11
[ERROR:0@27.703] global parallel_impl.cpp:244 WorkerThread 86: Can't spawn new thread: res = 11
[ERROR:0@27.703] global parallel_impl.cpp:244 WorkerThread 87: Can't spawn new thread: res = 11
[ERROR:0@27.703] global parallel_impl.cpp:244 WorkerThread 95: Can't spawn new thread: res = 11
[ERROR:0@27.703] global parallel_impl.cpp:244 WorkerThread 96: Can't spawn new thread: res = 11
[ERROR:0@27.703] global parallel_impl.cpp:244 WorkerThread 88: Can't spawn new thread: res = 11
[ERROR:0@27.703] global parallel_impl.cpp:244 WorkerThread 97: Can't spawn new thread: res = 11
[ERROR:0@27.703] global parallel_impl.cpp:244 WorkerThread 98: Can't spawn new thread: res = 11
[ERROR:0@27.703] global parallel_impl.cpp:244 WorkerThread 89: Can't spawn new thread: res = 11
[ERROR:0@27.703] global parallel_impl.cpp:244 WorkerThread 99: Can't spawn new thread: res = 11
[ERROR:0@27.703] global parallel_impl.cpp:244 WorkerThread 90: Can't spawn new thread: res = 11
[ERROR:0@27.703] global parallel_impl.cpp:244 WorkerThread 100: Can't spawn new thread: res = 11
[ERROR:0@27.703] global parallel_impl.cpp:244 WorkerThread 91: Can't spawn new thread: res = 11
[ERROR:0@27.703] global parallel_impl.cpp:244 WorkerThread 101: Can't spawn new thread: res = 11
[ERROR:0@27.703] global parallel_impl.cpp:244 WorkerThread 92: Can't spawn new thread: res = 11
[ERROR:0@27.703] global parallel_impl.cpp:244 WorkerThread 102: Can't spawn new thread: res = 11
[ERROR:0@27.703] global parallel_impl.cpp:244 WorkerThread 93: Can't spawn new thread: res = 11
[ERROR:0@27.703] global parallel_impl.cpp:244 WorkerThread 94: Can't spawn new thread: res = 11
[ERROR:0@27.703] global parallel_impl.cpp:244 WorkerThread 103: Can't spawn new thread: res = 11
[ERROR:0@27.703] global parallel_impl.cpp:244 WorkerThread 95: Can't spawn new thread: res = 11
[ERROR:0@27.703] global parallel_impl.cpp:244 WorkerThread 104: Can't spawn new thread: res = 11
[ERROR:0@27.703] global parallel_impl.cpp:244 WorkerThread 96: Can't spawn new thread: res = 11
[ERROR:0@27.703] global parallel_impl.cpp:244 WorkerThread 105: Can't spawn new thread: res = 11
[ERROR:0@27.703] global parallel_impl.cpp:244 WorkerThread 97: Can't spawn new thread: res = 11
[ERROR:0@27.703] global parallel_impl.cpp:244 WorkerThread 106: Can't spawn new thread: res = 11
[ERROR:0@27.703] global parallel_impl.cpp:244 WorkerThread 98: Can't spawn new thread: res = 11
[ERROR:0@27.703] global parallel_impl.cpp:244 WorkerThread 107: Can't spawn new thread: res = 11
[ERROR:0@27.703] global parallel_impl.cpp:244 WorkerThread 108: Can't spawn new thread: res = 11
[ERROR:0@27.703] global parallel_impl.cpp:244 WorkerThread 99: Can't spawn new thread: res = 11
[ERROR:0@27.703] global parallel_impl.cpp:244 WorkerThread 109: Can't spawn new thread: res = 11
[ERROR:0@27.703] global parallel_impl.cpp:244 WorkerThread 100: Can't spawn new thread: res = 11
[ERROR:0@27.703] global parallel_impl.cpp:244 WorkerThread 110: Can't spawn new thread: res = 11
[ERROR:0@27.703] global parallel_impl.cpp:244 WorkerThread 111: Can't spawn new thread: res = 11
[ERROR:0@27.703] global parallel_impl.cpp:244 WorkerThread 101: Can't spawn new thread: res = 11
[ERROR:0@27.703] global parallel_impl.cpp:244 WorkerThread 102: Can't spawn new thread: res = 11
[ERROR:0@27.703] global parallel_impl.cpp:244 WorkerThread 112: Can't spawn new thread: res = 11
[ERROR:0@27.703] global parallel_impl.cpp:244 WorkerThread 103: Can't spawn new thread: res = 11
[ERROR:0@27.703] global parallel_impl.cpp:244 WorkerThread 113: Can't spawn new thread: res = 11
[ERROR:0@27.703] global parallel_impl.cpp:244 WorkerThread 104: Can't spawn new thread: res = 11
[ERROR:0@27.703] global parallel_impl.cpp:244 WorkerThread 114: Can't spawn new thread: res = 11
[ERROR:0@27.703] global parallel_impl.cpp:244 WorkerThread 105: Can't spawn new thread: res = 11
[ERROR:0@27.703] global parallel_impl.cpp:244 WorkerThread 115: Can't spawn new thread: res = 11
[ERROR:0@27.703] global parallel_impl.cpp:244 WorkerThread 106: Can't spawn new thread: res = 11
[ERROR:0@27.703] global parallel_impl.cpp:244 WorkerThread 116: Can't spawn new thread: res = 11
[ERROR:0@27.704] global parallel_impl.cpp:244 WorkerThread 107: Can't spawn new thread: res = 11
[ERROR:0@27.704] global parallel_impl.cpp:244 WorkerThread 108: Can't spawn new thread: res = 11
[ERROR:0@27.703] global parallel_impl.cpp:244 WorkerThread 117: Can't spawn new thread: res = 11
[ERROR:0@27.703] global parallel_impl.cpp:244 WorkerThread 118: Can't spawn new thread: res = 11
[ERROR:0@27.704] global parallel_impl.cpp:244 WorkerThread 109: Can't spawn new thread: res = 11
[ERROR:0@27.703] global parallel_impl.cpp:244 WorkerThread 119: Can't spawn new thread: res = 11
[ERROR:0@27.704] global parallel_impl.cpp:244 WorkerThread 120: Can't spawn new thread: res = 11
[ERROR:0@27.704] global parallel_impl.cpp:244 WorkerThread 110: Can't spawn new thread: res = 11
[ERROR:0@27.704] global parallel_impl.cpp:244 WorkerThread 121: Can't spawn new thread: res = 11
[ERROR:0@27.704] global parallel_impl.cpp:244 WorkerThread 111: Can't spawn new thread: res = 11
[ERROR:0@27.704] global parallel_impl.cpp:244 WorkerThread 122: Can't spawn new thread: res = 11
[ERROR:0@27.704] global parallel_impl.cpp:244 WorkerThread 112: Can't spawn new thread: res = 11
[ERROR:0@27.704] global parallel_impl.cpp:244 WorkerThread 123: Can't spawn new thread: res = 11
[ERROR:0@27.704] global parallel_impl.cpp:244 WorkerThread 113: Can't spawn new thread: res = 11
[ERROR:0@27.704] global parallel_impl.cpp:244 WorkerThread 114: Can't spawn new thread: res = 11
[ERROR:0@27.704] global parallel_impl.cpp:244 WorkerThread 124: Can't spawn new thread: res = 11
[ERROR:0@27.704] global parallel_impl.cpp:244 WorkerThread 125: Can't spawn new thread: res = 11
[ERROR:0@27.704] global parallel_impl.cpp:244 WorkerThread 115: Can't spawn new thread: res = 11
[ERROR:0@27.704] global parallel_impl.cpp:244 WorkerThread 126: Can't spawn new thread: res = 11
[ERROR:0@27.704] global parallel_impl.cpp:244 WorkerThread 116: Can't spawn new thread: res = 11
[ERROR:0@27.704] global parallel_impl.cpp:244 WorkerThread 117: Can't spawn new thread: res = 11
[ERROR:0@27.704] global parallel_impl.cpp:244 WorkerThread 118: Can't spawn new thread: res = 11
[ERROR:0@27.704] global parallel_impl.cpp:244 WorkerThread 119: Can't spawn new thread: res = 11
[ERROR:0@27.704] global parallel_impl.cpp:244 WorkerThread 120: Can't spawn new thread: res = 11
[ERROR:0@27.704] global parallel_impl.cpp:244 WorkerThread 121: Can't spawn new thread: res = 11
[ERROR:0@27.704] global parallel_impl.cpp:244 WorkerThread 122: Can't spawn new thread: res = 11
[ERROR:0@27.704] global parallel_impl.cpp:244 WorkerThread 123: Can't spawn new thread: res = 11
[ERROR:0@27.704] global parallel_impl.cpp:244 WorkerThread 124: Can't spawn new thread: res = 11
[ERROR:0@27.704] global parallel_impl.cpp:244 WorkerThread 125: Can't spawn new thread: res = 11
[ERROR:0@27.704] global parallel_impl.cpp:244 WorkerThread 126: Can't spawn new thread: res = 11
[ERROR:0@27.668] global parallel_impl.cpp:244 WorkerThread 85: Can't spawn new thread: res = 11
[ERROR:0@27.667] global parallel_impl.cpp:244 WorkerThread 63: Can't spawn new thread: res = 11
[ERROR:0@27.668] global parallel_impl.cpp:244 WorkerThread 78: Can't spawn new thread: res = 11
[ERROR:0@27.668] global parallel_impl.cpp:244 WorkerThread 0: Can't spawn new thread: res = 11
[ERROR:0@27.706] global parallel_impl.cpp:244 WorkerThread 64: Can't spawn new thread: res = 11
[ERROR:0@27.706] global parallel_impl.cpp:244 WorkerThread 65: Can't spawn new thread: res = 11
[ERROR:0@27.706] global parallel_impl.cpp:244 WorkerThread 66: Can't spawn new thread: res = 11
[ERROR:0@27.706] global parallel_impl.cpp:244 WorkerThread 79: Can't spawn new thread: res = 11
[ERROR:0@27.706] global parallel_impl.cpp:244 WorkerThread 67: Can't spawn new thread: res = 11
[ERROR:0@27.706] global parallel_impl.cpp:244 WorkerThread 1: Can't spawn new thread: res = 11
[ERROR:0@27.706] global parallel_impl.cpp:244 WorkerThread 80: Can't spawn new thread: res = 11
[ERROR:0@27.706] global parallel_impl.cpp:244 WorkerThread 68: Can't spawn new thread: res = 11
[ERROR:0@27.706] global parallel_impl.cpp:244 WorkerThread 2: Can't spawn new thread: res = 11
[ERROR:0@27.706] global parallel_impl.cpp:244 WorkerThread 81: Can't spawn new thread: res = 11
[ERROR:0@27.706] global parallel_impl.cpp:244 WorkerThread 86: Can't spawn new thread: res = 11
[ERROR:0@27.668] global parallel_impl.cpp:244 WorkerThread 0: Can't spawn new thread: res = 11
[ERROR:0@27.706] global parallel_impl.cpp:244 WorkerThread 82: Can't spawn new thread: res = 11
[ERROR:0@27.706] global parallel_impl.cpp:244 WorkerThread 69: Can't spawn new thread: res = 11
[ERROR:0@27.706] global parallel_impl.cpp:244 WorkerThread 3: Can't spawn new thread: res = 11
[ERROR:0@27.706] global parallel_impl.cpp:244 WorkerThread 87: Can't spawn new thread: res = 11
[ERROR:0@27.707] global parallel_impl.cpp:244 WorkerThread 70: Can't spawn new thread: res = 11
[ERROR:0@27.707] global parallel_impl.cpp:244 WorkerThread 4: Can't spawn new thread: res = 11
[ERROR:0@27.707] global parallel_impl.cpp:244 WorkerThread 71: Can't spawn new thread: res = 11
[ERROR:0@27.668] global parallel_impl.cpp:244 WorkerThread 0: Can't spawn new thread: res = 11
[ERROR:0@27.707] global parallel_impl.cpp:244 WorkerThread 83: Can't spawn new thread: res = 11
[ERROR:0@27.707] global parallel_impl.cpp:244 WorkerThread 5: Can't spawn new thread: res = 11
[ERROR:0@27.707] global parallel_impl.cpp:244 WorkerThread 72: Can't spawn new thread: res = 11
[ERROR:0@27.707] global parallel_impl.cpp:244 WorkerThread 88: Can't spawn new thread: res = 11
[ERROR:0@27.668] global parallel_impl.cpp:244 WorkerThread 19: Can't spawn new thread: res = 11
[ERROR:0@27.707] global parallel_impl.cpp:244 WorkerThread 73: Can't spawn new thread: res = 11
[ERROR:0@27.707] global parallel_impl.cpp:244 WorkerThread 84: Can't spawn new thread: res = 11
[ERROR:0@27.707] global parallel_impl.cpp:244 WorkerThread 89: Can't spawn new thread: res = 11
[ERROR:0@27.707] global parallel_impl.cpp:244 WorkerThread 6: Can't spawn new thread: res = 11
[ERROR:0@27.707] global parallel_impl.cpp:244 WorkerThread 85: Can't spawn new thread: res = 11
[ERROR:0@27.707] global parallel_impl.cpp:244 WorkerThread 7: Can't spawn new thread: res = 11
[ERROR:0@27.667] global parallel_impl.cpp:244 WorkerThread 49: Can't spawn new thread: res = 11
[ERROR:0@27.707] global parallel_impl.cpp:244 WorkerThread 74: Can't spawn new thread: res = 11
[ERROR:0@27.707] global parallel_impl.cpp:244 WorkerThread 90: Can't spawn new thread: res = 11
[ERROR:0@27.707] global parallel_impl.cpp:244 WorkerThread 86: Can't spawn new thread: res = 11
[ERROR:0@27.707] global parallel_impl.cpp:244 WorkerThread 8: Can't spawn new thread: res = 11
[ERROR:0@27.707] global parallel_impl.cpp:244 WorkerThread 75: Can't spawn new thread: res = 11
[ERROR:0@27.707] global parallel_impl.cpp:244 WorkerThread 87: Can't spawn new thread: res = 11
[ERROR:0@27.707] global parallel_impl.cpp:244 WorkerThread 9: Can't spawn new thread: res = 11
[ERROR:0@27.668] global parallel_impl.cpp:244 WorkerThread 0: Can't spawn new thread: res = 11
[ERROR:0@27.707] global parallel_impl.cpp:244 WorkerThread 76: Can't spawn new thread: res = 11
[ERROR:0@27.707] global parallel_impl.cpp:244 WorkerThread 10: Can't spawn new thread: res = 11
[ERROR:0@27.707] global parallel_impl.cpp:244 WorkerThread 88: Can't spawn new thread: res = 11
[ERROR:0@27.707] global parallel_impl.cpp:244 WorkerThread 91: Can't spawn new thread: res = 11
[ERROR:0@27.707] global parallel_impl.cpp:244 WorkerThread 77: Can't spawn new thread: res = 11
[ERROR:0@27.707] global parallel_impl.cpp:244 WorkerThread 11: Can't spawn new thread: res = 11
[ERROR:0@27.707] global parallel_impl.cpp:244 WorkerThread 89: Can't spawn new thread: res = 11
[ERROR:0@27.707] global parallel_impl.cpp:244 WorkerThread 92: Can't spawn new thread: res = 11
[ERROR:0@27.707] global parallel_impl.cpp:244 WorkerThread 78: Can't spawn new thread: res = 11
[ERROR:0@27.707] global parallel_impl.cpp:244 WorkerThread 12: Can't spawn new thread: res = 11
[ERROR:0@27.707] global parallel_impl.cpp:244 WorkerThread 90: Can't spawn new thread: res = 11
[ERROR:0@27.707] global parallel_impl.cpp:244 WorkerThread 79: Can't spawn new thread: res = 11
[ERROR:0@27.707] global parallel_impl.cpp:244 WorkerThread 13: Can't spawn new thread: res = 11
[ERROR:0@27.707] global parallel_impl.cpp:244 WorkerThread 1: Can't spawn new thread: res = 11
[ERROR:0@27.707] global parallel_impl.cpp:244 WorkerThread 20: Can't spawn new thread: res = 11
[ERROR:0@27.707] global parallel_impl.cpp:244 WorkerThread 91: Can't spawn new thread: res = 11
[ERROR:0@27.707] global parallel_impl.cpp:244 WorkerThread 80: Can't spawn new thread: res = 11
[ERROR:0@27.707] global parallel_impl.cpp:244 WorkerThread 14: Can't spawn new thread: res = 11
[ERROR:0@27.707] global parallel_impl.cpp:244 WorkerThread 93: Can't spawn new thread: res = 11
[ERROR:0@27.707] global parallel_impl.cpp:244 WorkerThread 92: Can't spawn new thread: res = 11
[ERROR:0@27.707] global parallel_impl.cpp:244 WorkerThread 81: Can't spawn new thread: res = 11
[ERROR:0@27.707] global parallel_impl.cpp:244 WorkerThread 15: Can't spawn new thread: res = 11
[ERROR:0@27.707] global parallel_impl.cpp:244 WorkerThread 94: Can't spawn new thread: res = 11
[ERROR:0@27.707] global parallel_impl.cpp:244 WorkerThread 21: Can't spawn new thread: res = 11
[ERROR:0@27.707] global parallel_impl.cpp:244 WorkerThread 2: Can't spawn new thread: res = 11
[ERROR:0@27.707] global parallel_impl.cpp:244 WorkerThread 82: Can't spawn new thread: res = 11
[ERROR:0@27.707] global parallel_impl.cpp:244 WorkerThread 16: Can't spawn new thread: res = 11
[ERROR:0@27.707] global parallel_impl.cpp:244 WorkerThread 93: Can't spawn new thread: res = 11
[ERROR:0@27.707] global parallel_impl.cpp:244 WorkerThread 83: Can't spawn new thread: res = 11
[ERROR:0@27.707] global parallel_impl.cpp:244 WorkerThread 95: Can't spawn new thread: res = 11
[ERROR:0@27.707] global parallel_impl.cpp:244 WorkerThread 50: Can't spawn new thread: res = 11
[ERROR:0@27.707] global parallel_impl.cpp:244 WorkerThread 17: Can't spawn new thread: res = 11
[ERROR:0@27.707] global parallel_impl.cpp:244 WorkerThread 94: Can't spawn new thread: res = 11
[ERROR:0@27.707] global parallel_impl.cpp:244 WorkerThread 3: Can't spawn new thread: res = 11
[ERROR:0@27.707] global parallel_impl.cpp:244 WorkerThread 22: Can't spawn new thread: res = 11
[ERROR:0@27.707] global parallel_impl.cpp:244 WorkerThread 84: Can't spawn new thread: res = 11
[ERROR:0@27.707] global parallel_impl.cpp:244 WorkerThread 95: Can't spawn new thread: res = 11
[ERROR:0@27.707] global parallel_impl.cpp:244 WorkerThread 96: Can't spawn new thread: res = 11
[ERROR:0@27.707] global parallel_impl.cpp:244 WorkerThread 18: Can't spawn new thread: res = 11
[ERROR:0@27.707] global parallel_impl.cpp:244 WorkerThread 1: Can't spawn new thread: res = 11
[ERROR:0@27.707] global parallel_impl.cpp:244 WorkerThread 85: Can't spawn new thread: res = 11
[ERROR:0@27.707] global parallel_impl.cpp:244 WorkerThread 96: Can't spawn new thread: res = 11
[ERROR:0@27.707] global parallel_impl.cpp:244 WorkerThread 4: Can't spawn new thread: res = 11
[ERROR:0@27.707] global parallel_impl.cpp:244 WorkerThread 51: Can't spawn new thread: res = 11
[ERROR:0@27.707] global parallel_impl.cpp:244 WorkerThread 23: Can't spawn new thread: res = 11
[ERROR:0@27.707] global parallel_impl.cpp:244 WorkerThread 19: Can't spawn new thread: res = 11
[ERROR:0@27.707] global parallel_impl.cpp:244 WorkerThread 97: Can't spawn new thread: res = 11
[ERROR:0@27.707] global parallel_impl.cpp:244 WorkerThread 97: Can't spawn new thread: res = 11
[ERROR:0@27.707] global parallel_impl.cpp:244 WorkerThread 86: Can't spawn new thread: res = 11
[ERROR:0@27.707] global parallel_impl.cpp:244 WorkerThread 2: Can't spawn new thread: res = 11
[ERROR:0@27.707] global parallel_impl.cpp:244 WorkerThread 24: Can't spawn new thread: res = 11
[ERROR:0@27.707] global parallel_impl.cpp:244 WorkerThread 20: Can't spawn new thread: res = 11
[ERROR:0@27.707] global parallel_impl.cpp:244 WorkerThread 52: Can't spawn new thread: res = 11
[ERROR:0@27.707] global parallel_impl.cpp:244 WorkerThread 98: Can't spawn new thread: res = 11
[ERROR:0@27.707] global parallel_impl.cpp:244 WorkerThread 87: Can't spawn new thread: res = 11
[ERROR:0@27.707] global parallel_impl.cpp:244 WorkerThread 5: Can't spawn new thread: res = 11
[ERROR:0@27.707] global parallel_impl.cpp:244 WorkerThread 21: Can't spawn new thread: res = 11
[ERROR:0@27.707] global parallel_impl.cpp:244 WorkerThread 25: Can't spawn new thread: res = 11
[ERROR:0@27.707] global parallel_impl.cpp:244 WorkerThread 3: Can't spawn new thread: res = 11
[ERROR:0@27.707] global parallel_impl.cpp:244 WorkerThread 99: Can't spawn new thread: res = 11
[ERROR:0@27.707] global parallel_impl.cpp:244 WorkerThread 88: Can't spawn new thread: res = 11
[ERROR:0@27.707] global parallel_impl.cpp:244 WorkerThread 98: Can't spawn new thread: res = 11
[ERROR:0@27.707] global parallel_impl.cpp:244 WorkerThread 53: Can't spawn new thread: res = 11
[ERROR:0@27.707] global parallel_impl.cpp:244 WorkerThread 22: Can't spawn new thread: res = 11
[ERROR:0@27.707] global parallel_impl.cpp:244 WorkerThread 100: Can't spawn new thread: res = 11
[ERROR:0@27.707] global parallel_impl.cpp:244 WorkerThread 26: Can't spawn new thread: res = 11
[ERROR:0@27.707] global parallel_impl.cpp:244 WorkerThread 89: Can't spawn new thread: res = 11
[ERROR:0@27.707] global parallel_impl.cpp:244 WorkerThread 23: Can't spawn new thread: res = 11
[ERROR:0@27.707] global parallel_impl.cpp:244 WorkerThread 101: Can't spawn new thread: res = 11
[ERROR:0@27.707] global parallel_impl.cpp:244 WorkerThread 90: Can't spawn new thread: res = 11
[ERROR:0@27.707] global parallel_impl.cpp:244 WorkerThread 6: Can't spawn new thread: res = 11
[ERROR:0@27.707] global parallel_impl.cpp:244 WorkerThread 54: Can't spawn new thread: res = 11
[ERROR:0@27.707] global parallel_impl.cpp:244 WorkerThread 4: Can't spawn new thread: res = 11
[ERROR:0@27.707] global parallel_impl.cpp:244 WorkerThread 24: Can't spawn new thread: res = 11
[ERROR:0@27.707] global parallel_impl.cpp:244 WorkerThread 102: Can't spawn new thread: res = 11
[ERROR:0@27.707] global parallel_impl.cpp:244 WorkerThread 91: Can't spawn new thread: res = 11
[ERROR:0@27.707] global parallel_impl.cpp:244 WorkerThread 99: Can't spawn new thread: res = 11
[ERROR:0@27.707] global parallel_impl.cpp:244 WorkerThread 25: Can't spawn new thread: res = 11
[ERROR:0@27.707] global parallel_impl.cpp:244 WorkerThread 27: Can't spawn new thread: res = 11
[ERROR:0@27.707] global parallel_impl.cpp:244 WorkerThread 92: Can't spawn new thread: res = 11
[ERROR:0@27.707] global parallel_impl.cpp:244 WorkerThread 7: Can't spawn new thread: res = 11
[ERROR:0@27.707] global parallel_impl.cpp:244 WorkerThread 103: Can't spawn new thread: res = 11
[ERROR:0@27.707] global parallel_impl.cpp:244 WorkerThread 55: Can't spawn new thread: res = 11
[ERROR:0@27.707] global parallel_impl.cpp:244 WorkerThread 5: Can't spawn new thread: res = 11
[ERROR:0@27.707] global parallel_impl.cpp:244 WorkerThread 26: Can't spawn new thread: res = 11
[ERROR:0@27.707] global parallel_impl.cpp:244 WorkerThread 100: Can't spawn new thread: res = 11
[ERROR:0@27.707] global parallel_impl.cpp:244 WorkerThread 93: Can't spawn new thread: res = 11
[ERROR:0@27.707] global parallel_impl.cpp:244 WorkerThread 8: Can't spawn new thread: res = 11
[ERROR:0@27.707] global parallel_impl.cpp:244 WorkerThread 28: Can't spawn new thread: res = 11
[ERROR:0@27.707] global parallel_impl.cpp:244 WorkerThread 1: Can't spawn new thread: res = 11
[ERROR:0@27.707] global parallel_impl.cpp:244 WorkerThread 104: Can't spawn new thread: res = 11
[ERROR:0@27.707] global parallel_impl.cpp:244 WorkerThread 27: Can't spawn new thread: res = 11
[ERROR:0@27.707] global parallel_impl.cpp:244 WorkerThread 56: Can't spawn new thread: res = 11
[ERROR:0@27.707] global parallel_impl.cpp:244 WorkerThread 6: Can't spawn new thread: res = 11
[ERROR:0@27.707] global parallel_impl.cpp:244 WorkerThread 94: Can't spawn new thread: res = 11
[ERROR:0@27.707] global parallel_impl.cpp:244 WorkerThread 101: Can't spawn new thread: res = 11
[ERROR:0@27.707] global parallel_impl.cpp:244 WorkerThread 9: Can't spawn new thread: res = 11
[ERROR:0@27.707] global parallel_impl.cpp:244 WorkerThread 29: Can't spawn new thread: res = 11
[ERROR:0@27.707] global parallel_impl.cpp:244 WorkerThread 105: Can't spawn new thread: res = 11
[ERROR:0@27.707] global parallel_impl.cpp:244 WorkerThread 28: Can't spawn new thread: res = 11
[ERROR:0@27.707] global parallel_impl.cpp:244 WorkerThread 95: Can't spawn new thread: res = 11
[ERROR:0@27.707] global parallel_impl.cpp:244 WorkerThread 7: Can't spawn new thread: res = 11
[ERROR:0@27.707] global parallel_impl.cpp:244 WorkerThread 57: Can't spawn new thread: res = 11
[ERROR:0@27.707] global parallel_impl.cpp:244 WorkerThread 2: Can't spawn new thread: res = 11
[ERROR:0@27.707] global parallel_impl.cpp:244 WorkerThread 102: Can't spawn new thread: res = 11
[ERROR:0@27.707] global parallel_impl.cpp:244 WorkerThread 10: Can't spawn new thread: res = 11
[ERROR:0@27.707] global parallel_impl.cpp:244 WorkerThread 30: Can't spawn new thread: res = 11
[ERROR:0@27.707] global parallel_impl.cpp:244 WorkerThread 106: Can't spawn new thread: res = 11
[ERROR:0@27.707] global parallel_impl.cpp:244 WorkerThread 29: Can't spawn new thread: res = 11
[ERROR:0@27.707] global parallel_impl.cpp:244 WorkerThread 96: Can't spawn new thread: res = 11
[ERROR:0@27.707] global parallel_impl.cpp:244 WorkerThread 8: Can't spawn new thread: res = 11
[ERROR:0@27.707] global parallel_impl.cpp:244 WorkerThread 58: Can't spawn new thread: res = 11
[ERROR:0@27.707] global parallel_impl.cpp:244 WorkerThread 107: Can't spawn new thread: res = 11
[ERROR:0@27.707] global parallel_impl.cpp:244 WorkerThread 97: Can't spawn new thread: res = 11
[ERROR:0@27.707] global parallel_impl.cpp:244 WorkerThread 30: Can't spawn new thread: res = 11
[ERROR:0@27.707] global parallel_impl.cpp:244 WorkerThread 31: Can't spawn new thread: res = 11
[ERROR:0@27.707] global parallel_impl.cpp:244 WorkerThread 103: Can't spawn new thread: res = 11
[ERROR:0@27.707] global parallel_impl.cpp:244 WorkerThread 98: Can't spawn new thread: res = 11
[ERROR:0@27.707] global parallel_impl.cpp:244 WorkerThread 31: Can't spawn new thread: res = 11
[ERROR:0@27.707] global parallel_impl.cpp:244 WorkerThread 11: Can't spawn new thread: res = 11
[ERROR:0@27.707] global parallel_impl.cpp:244 WorkerThread 108: Can't spawn new thread: res = 11
[ERROR:0@27.707] global parallel_impl.cpp:244 WorkerThread 9: Can't spawn new thread: res = 11
[ERROR:0@27.707] global parallel_impl.cpp:244 WorkerThread 104: Can't spawn new thread: res = 11
[ERROR:0@27.707] global parallel_impl.cpp:244 WorkerThread 3: Can't spawn new thread: res = 11
[ERROR:0@27.707] global parallel_impl.cpp:244 WorkerThread 32: Can't spawn new thread: res = 11
[ERROR:0@27.707] global parallel_impl.cpp:244 WorkerThread 32: Can't spawn new thread: res = 11
[ERROR:0@27.707] global parallel_impl.cpp:244 WorkerThread 99: Can't spawn new thread: res = 11
[ERROR:0@27.707] global parallel_impl.cpp:244 WorkerThread 59: Can't spawn new thread: res = 11
[ERROR:0@27.707] global parallel_impl.cpp:244 WorkerThread 10: Can't spawn new thread: res = 11
[ERROR:0@27.707] global parallel_impl.cpp:244 WorkerThread 109: Can't spawn new thread: res = 11
[ERROR:0@27.707] global parallel_impl.cpp:244 WorkerThread 12: Can't spawn new thread: res = 11
[ERROR:0@27.707] global parallel_impl.cpp:244 WorkerThread 105: Can't spawn new thread: res = 11
[ERROR:0@27.707] global parallel_impl.cpp:244 WorkerThread 33: Can't spawn new thread: res = 11
[ERROR:0@27.707] global parallel_impl.cpp:244 WorkerThread 100: Can't spawn new thread: res = 11
[ERROR:0@27.707] global parallel_impl.cpp:244 WorkerThread 33: Can't spawn new thread: res = 11
[ERROR:0@27.707] global parallel_impl.cpp:244 WorkerThread 4: Can't spawn new thread: res = 11
[ERROR:0@27.707] global parallel_impl.cpp:244 WorkerThread 11: Can't spawn new thread: res = 11
[ERROR:0@27.707] global parallel_impl.cpp:244 WorkerThread 60: Can't spawn new thread: res = 11
[ERROR:0@27.707] global parallel_impl.cpp:244 WorkerThread 110: Can't spawn new thread: res = 11
[ERROR:0@27.707] global parallel_impl.cpp:244 WorkerThread 34: Can't spawn new thread: res = 11
[ERROR:0@27.707] global parallel_impl.cpp:244 WorkerThread 101: Can't spawn new thread: res = 11
[ERROR:0@27.707] global parallel_impl.cpp:244 WorkerThread 13: Can't spawn new thread: res = 11
[ERROR:0@27.707] global parallel_impl.cpp:244 WorkerThread 106: Can't spawn new thread: res = 11
[ERROR:0@27.707] global parallel_impl.cpp:244 WorkerThread 34: Can't spawn new thread: res = 11
[ERROR:0@27.707] global parallel_impl.cpp:244 WorkerThread 12: Can't spawn new thread: res = 11
[ERROR:0@27.707] global parallel_impl.cpp:244 WorkerThread 61: Can't spawn new thread: res = 11
[ERROR:0@27.707] global parallel_impl.cpp:244 WorkerThread 35: Can't spawn new thread: res = 11
[ERROR:0@27.707] global parallel_impl.cpp:244 WorkerThread 111: Can't spawn new thread: res = 11
[ERROR:0@27.707] global parallel_impl.cpp:244 WorkerThread 14: Can't spawn new thread: res = 11
[ERROR:0@27.707] global parallel_impl.cpp:244 WorkerThread 107: Can't spawn new thread: res = 11
[ERROR:0@27.707] global parallel_impl.cpp:244 WorkerThread 102: Can't spawn new thread: res = 11
[ERROR:0@27.707] global parallel_impl.cpp:244 WorkerThread 13: Can't spawn new thread: res = 11
[ERROR:0@27.707] global parallel_impl.cpp:244 WorkerThread 36: Can't spawn new thread: res = 11
[ERROR:0@27.707] global parallel_impl.cpp:244 WorkerThread 112: Can't spawn new thread: res = 11
[ERROR:0@27.707] global parallel_impl.cpp:244 WorkerThread 5: Can't spawn new thread: res = 11
[ERROR:0@27.707] global parallel_impl.cpp:244 WorkerThread 62: Can't spawn new thread: res = 11
[ERROR:0@27.707] global parallel_impl.cpp:244 WorkerThread 35: Can't spawn new thread: res = 11
[ERROR:0@27.707] global parallel_impl.cpp:244 WorkerThread 15: Can't spawn new thread: res = 11
[ERROR:0@27.707] global parallel_impl.cpp:244 WorkerThread 103: Can't spawn new thread: res = 11
[ERROR:0@27.707] global parallel_impl.cpp:244 WorkerThread 37: Can't spawn new thread: res = 11
[ERROR:0@27.707] global parallel_impl.cpp:244 WorkerThread 113: Can't spawn new thread: res = 11
[ERROR:0@27.707] global parallel_impl.cpp:244 WorkerThread 108: Can't spawn new thread: res = 11
[ERROR:0@27.707] global parallel_impl.cpp:244 WorkerThread 14: Can't spawn new thread: res = 11
[ERROR:0@27.707] global parallel_impl.cpp:244 WorkerThread 63: Can't spawn new thread: res = 11
[ERROR:0@27.707] global parallel_impl.cpp:244 WorkerThread 36: Can't spawn new thread: res = 11
[ERROR:0@27.707] global parallel_impl.cpp:244 WorkerThread 114: Can't spawn new thread: res = 11
[ERROR:0@27.707] global parallel_impl.cpp:244 WorkerThread 104: Can't spawn new thread: res = 11
[ERROR:0@27.707] global parallel_impl.cpp:244 WorkerThread 38: Can't spawn new thread: res = 11
[ERROR:0@27.707] global parallel_impl.cpp:244 WorkerThread 115: Can't spawn new thread: res = 11
[ERROR:0@27.707] global parallel_impl.cpp:244 WorkerThread 15: Can't spawn new thread: res = 11
[ERROR:0@27.707] global parallel_impl.cpp:244 WorkerThread 109: Can't spawn new thread: res = 11
[ERROR:0@27.707] global parallel_impl.cpp:244 WorkerThread 16: Can't spawn new thread: res = 11
[ERROR:0@27.707] global parallel_impl.cpp:244 WorkerThread 105: Can't spawn new thread: res = 11
[ERROR:0@27.707] global parallel_impl.cpp:244 WorkerThread 39: Can't spawn new thread: res = 11
[ERROR:0@27.707] global parallel_impl.cpp:244 WorkerThread 116: Can't spawn new thread: res = 11
[ERROR:0@27.707] global parallel_impl.cpp:244 WorkerThread 64: Can't spawn new thread: res = 11
[ERROR:0@27.707] global parallel_impl.cpp:244 WorkerThread 37: Can't spawn new thread: res = 11
[ERROR:0@27.707] global parallel_impl.cpp:244 WorkerThread 106: Can't spawn new thread: res = 11
[ERROR:0@27.707] global parallel_impl.cpp:244 WorkerThread 40: Can't spawn new thread: res = 11
[ERROR:0@27.707] global parallel_impl.cpp:244 WorkerThread 16: Can't spawn new thread: res = 11
[ERROR:0@27.707] global parallel_impl.cpp:244 WorkerThread 110: Can't spawn new thread: res = 11
[ERROR:0@27.707] global parallel_impl.cpp:244 WorkerThread 117: Can't spawn new thread: res = 11
[ERROR:0@27.707] global parallel_impl.cpp:244 WorkerThread 17: Can't spawn new thread: res = 11
[ERROR:0@27.707] global parallel_impl.cpp:244 WorkerThread 6: Can't spawn new thread: res = 11
[ERROR:0@27.707] global parallel_impl.cpp:244 WorkerThread 38: Can't spawn new thread: res = 11
[ERROR:0@27.707] global parallel_impl.cpp:244 WorkerThread 65: Can't spawn new thread: res = 11
[ERROR:0@27.707] global parallel_impl.cpp:244 WorkerThread 107: Can't spawn new thread: res = 11
[ERROR:0@27.707] global parallel_impl.cpp:244 WorkerThread 41: Can't spawn new thread: res = 11
[ERROR:0@27.707] global parallel_impl.cpp:244 WorkerThread 111: Can't spawn new thread: res = 11
[ERROR:0@27.707] global parallel_impl.cpp:244 WorkerThread 17: Can't spawn new thread: res = 11
[ERROR:0@27.707] global parallel_impl.cpp:244 WorkerThread 18: Can't spawn new thread: res = 11
[ERROR:0@27.707] global parallel_impl.cpp:244 WorkerThread 118: Can't spawn new thread: res = 11
[ERROR:0@27.668] global parallel_impl.cpp:244 WorkerThread 27: Can't spawn new thread: res = 11
[ERROR:0@27.707] global parallel_impl.cpp:244 WorkerThread 42: Can't spawn new thread: res = 11
[ERROR:0@27.707] global parallel_impl.cpp:244 WorkerThread 39: Can't spawn new thread: res = 11
[ERROR:0@27.707] global parallel_impl.cpp:244 WorkerThread 119: Can't spawn new thread: res = 11
[ERROR:0@27.707] global parallel_impl.cpp:244 WorkerThread 66: Can't spawn new thread: res = 11
[ERROR:0@27.707] global parallel_impl.cpp:244 WorkerThread 108: Can't spawn new thread: res = 11
[ERROR:0@27.707] global parallel_impl.cpp:244 WorkerThread 112: Can't spawn new thread: res = 11
[ERROR:0@27.707] global parallel_impl.cpp:244 WorkerThread 18: Can't spawn new thread: res = 11
[ERROR:0@27.707] global parallel_impl.cpp:244 WorkerThread 19: Can't spawn new thread: res = 11
[ERROR:0@27.707] global parallel_impl.cpp:244 WorkerThread 7: Can't spawn new thread: res = 11
[ERROR:0@27.707] global parallel_impl.cpp:244 WorkerThread 120: Can't spawn new thread: res = 11
[ERROR:0@27.707] global parallel_impl.cpp:244 WorkerThread 43: Can't spawn new thread: res = 11
[ERROR:0@27.707] global parallel_impl.cpp:244 WorkerThread 109: Can't spawn new thread: res = 11
[ERROR:0@27.707] global parallel_impl.cpp:244 WorkerThread 40: Can't spawn new thread: res = 11
[ERROR:0@27.707] global parallel_impl.cpp:244 WorkerThread 67: Can't spawn new thread: res = 11
[ERROR:0@27.707] global parallel_impl.cpp:244 WorkerThread 20: Can't spawn new thread: res = 11
[ERROR:0@27.707] global parallel_impl.cpp:244 WorkerThread 121: Can't spawn new thread: res = 11
[ERROR:0@27.707] global parallel_impl.cpp:244 WorkerThread 44: Can't spawn new thread: res = 11
[ERROR:0@27.707] global parallel_impl.cpp:244 WorkerThread 110: Can't spawn new thread: res = 11
[ERROR:0@27.707] global parallel_impl.cpp:244 WorkerThread 113: Can't spawn new thread: res = 11
[ERROR:0@27.707] global parallel_impl.cpp:244 WorkerThread 19: Can't spawn new thread: res = 11
[ERROR:0@27.707] global parallel_impl.cpp:244 WorkerThread 122: Can't spawn new thread: res = 11
[ERROR:0@27.707] global parallel_impl.cpp:244 WorkerThread 8: Can't spawn new thread: res = 11
[ERROR:0@27.707] global parallel_impl.cpp:244 WorkerThread 68: Can't spawn new thread: res = 11
[ERROR:0@27.707] global parallel_impl.cpp:244 WorkerThread 41: Can't spawn new thread: res = 11
[ERROR:0@27.707] global parallel_impl.cpp:244 WorkerThread 45: Can't spawn new thread: res = 11
[ERROR:0@27.708] global parallel_impl.cpp:244 WorkerThread 111: Can't spawn new thread: res = 11
[ERROR:0@27.708] global parallel_impl.cpp:244 WorkerThread 21: Can't spawn new thread: res = 11
[ERROR:0@27.707] global parallel_impl.cpp:244 WorkerThread 20: Can't spawn new thread: res = 11
[ERROR:0@27.707] global parallel_impl.cpp:244 WorkerThread 114: Can't spawn new thread: res = 11
[ERROR:0@27.708] global parallel_impl.cpp:244 WorkerThread 123: Can't spawn new thread: res = 11
[ERROR:0@27.708] global parallel_impl.cpp:244 WorkerThread 112: Can't spawn new thread: res = 11
[ERROR:0@27.707] global parallel_impl.cpp:244 WorkerThread 46: Can't spawn new thread: res = 11
[ERROR:0@27.708] global parallel_impl.cpp:244 WorkerThread 124: Can't spawn new thread: res = 11
[ERROR:0@27.707] global parallel_impl.cpp:244 WorkerThread 69: Can't spawn new thread: res = 11
[ERROR:0@27.708] global parallel_impl.cpp:244 WorkerThread 22: Can't spawn new thread: res = 11
[ERROR:0@27.707] global parallel_impl.cpp:244 WorkerThread 21: Can't spawn new thread: res = 11
[ERROR:0@27.707] global parallel_impl.cpp:244 WorkerThread 47: Can't spawn new thread: res = 11
[ERROR:0@27.708] global parallel_impl.cpp:244 WorkerThread 113: Can't spawn new thread: res = 11
[ERROR:0@27.708] global parallel_impl.cpp:244 WorkerThread 115: Can't spawn new thread: res = 11
[ERROR:0@27.708] global parallel_impl.cpp:244 WorkerThread 42: Can't spawn new thread: res = 11
[ERROR:0@27.708] global parallel_impl.cpp:244 WorkerThread 28: Can't spawn new thread: res = 11
[ERROR:0@27.708] global parallel_impl.cpp:244 WorkerThread 9: Can't spawn new thread: res = 11
[ERROR:0@27.708] global parallel_impl.cpp:244 WorkerThread 125: Can't spawn new thread: res = 11
[ERROR:0@27.707] global parallel_impl.cpp:244 WorkerThread 22: Can't spawn new thread: res = 11
[ERROR:0@27.707] global parallel_impl.cpp:244 WorkerThread 70: Can't spawn new thread: res = 11
[ERROR:0@27.708] global parallel_impl.cpp:244 WorkerThread 23: Can't spawn new thread: res = 11
[ERROR:0@27.708] global parallel_impl.cpp:244 WorkerThread 48: Can't spawn new thread: res = 11
[ERROR:0@27.708] global parallel_impl.cpp:244 WorkerThread 114: Can't spawn new thread: res = 11
[ERROR:0@27.708] global parallel_impl.cpp:244 WorkerThread 116: Can't spawn new thread: res = 11
[ERROR:0@27.708] global parallel_impl.cpp:244 WorkerThread 43: Can't spawn new thread: res = 11
[ERROR:0@27.708] global parallel_impl.cpp:244 WorkerThread 29: Can't spawn new thread: res = 11
[ERROR:0@27.708] global parallel_impl.cpp:244 WorkerThread 23: Can't spawn new thread: res = 11
[ERROR:0@27.708] global parallel_impl.cpp:244 WorkerThread 24: Can't spawn new thread: res = 11
[ERROR:0@27.708] global parallel_impl.cpp:244 WorkerThread 126: Can't spawn new thread: res = 11
[ERROR:0@27.708] global parallel_impl.cpp:244 WorkerThread 71: Can't spawn new thread: res = 11
[ERROR:0@27.708] global parallel_impl.cpp:244 WorkerThread 49: Can't spawn new thread: res = 11
[ERROR:0@27.708] global parallel_impl.cpp:244 WorkerThread 115: Can't spawn new thread: res = 11
[ERROR:0@27.708] global parallel_impl.cpp:244 WorkerThread 10: Can't spawn new thread: res = 11
[ERROR:0@27.708] global parallel_impl.cpp:244 WorkerThread 30: Can't spawn new thread: res = 11
[ERROR:0@27.708] global parallel_impl.cpp:244 WorkerThread 117: Can't spawn new thread: res = 11
[ERROR:0@27.708] global parallel_impl.cpp:244 WorkerThread 44: Can't spawn new thread: res = 11
[ERROR:0@27.708] global parallel_impl.cpp:244 WorkerThread 25: Can't spawn new thread: res = 11
[ERROR:0@27.708] global parallel_impl.cpp:244 WorkerThread 72: Can't spawn new thread: res = 11
[ERROR:0@27.708] global parallel_impl.cpp:244 WorkerThread 116: Can't spawn new thread: res = 11
[ERROR:0@27.708] global parallel_impl.cpp:244 WorkerThread 50: Can't spawn new thread: res = 11
[ERROR:0@27.708] global parallel_impl.cpp:244 WorkerThread 24: Can't spawn new thread: res = 11
[ERROR:0@27.708] global parallel_impl.cpp:244 WorkerThread 31: Can't spawn new thread: res = 11
[ERROR:0@27.708] global parallel_impl.cpp:244 WorkerThread 45: Can't spawn new thread: res = 11
[ERROR:0@27.708] global parallel_impl.cpp:244 WorkerThread 117: Can't spawn new thread: res = 11
[ERROR:0@27.708] global parallel_impl.cpp:244 WorkerThread 51: Can't spawn new thread: res = 11
[ERROR:0@27.708] global parallel_impl.cpp:244 WorkerThread 26: Can't spawn new thread: res = 11
[ERROR:0@27.708] global parallel_impl.cpp:244 WorkerThread 25: Can't spawn new thread: res = 11
[ERROR:0@27.708] global parallel_impl.cpp:244 WorkerThread 118: Can't spawn new thread: res = 11
[ERROR:0@27.708] global parallel_impl.cpp:244 WorkerThread 73: Can't spawn new thread: res = 11
[ERROR:0@27.708] global parallel_impl.cpp:244 WorkerThread 46: Can't spawn new thread: res = 11
[ERROR:0@27.708] global parallel_impl.cpp:244 WorkerThread 32: Can't spawn new thread: res = 11
[ERROR:0@27.708] global parallel_impl.cpp:244 WorkerThread 118: Can't spawn new thread: res = 11
[ERROR:0@27.708] global parallel_impl.cpp:244 WorkerThread 52: Can't spawn new thread: res = 11
[ERROR:0@27.708] global parallel_impl.cpp:244 WorkerThread 11: Can't spawn new thread: res = 11
[ERROR:0@27.708] global parallel_impl.cpp:244 WorkerThread 27: Can't spawn new thread: res = 11
[ERROR:0@27.708] global parallel_impl.cpp:244 WorkerThread 26: Can't spawn new thread: res = 11
[ERROR:0@27.708] global parallel_impl.cpp:244 WorkerThread 119: Can't spawn new thread: res = 11
[ERROR:0@27.708] global parallel_impl.cpp:244 WorkerThread 74: Can't spawn new thread: res = 11
[ERROR:0@27.708] global parallel_impl.cpp:244 WorkerThread 119: Can't spawn new thread: res = 11
[ERROR:0@27.708] global parallel_impl.cpp:244 WorkerThread 53: Can't spawn new thread: res = 11
[ERROR:0@27.708] global parallel_impl.cpp:244 WorkerThread 33: Can't spawn new thread: res = 11
[ERROR:0@27.708] global parallel_impl.cpp:244 WorkerThread 47: Can't spawn new thread: res = 11
[ERROR:0@27.708] global parallel_impl.cpp:244 WorkerThread 28: Can't spawn new thread: res = 11
[ERROR:0@27.708] global parallel_impl.cpp:244 WorkerThread 27: Can't spawn new thread: res = 11
[ERROR:0@27.708] global parallel_impl.cpp:244 WorkerThread 120: Can't spawn new thread: res = 11
[ERROR:0@27.708] global parallel_impl.cpp:244 WorkerThread 12: Can't spawn new thread: res = 11
[ERROR:0@27.708] global parallel_impl.cpp:244 WorkerThread 75: Can't spawn new thread: res = 11
[ERROR:0@27.708] global parallel_impl.cpp:244 WorkerThread 54: Can't spawn new thread: res = 11
[ERROR:0@27.708] global parallel_impl.cpp:244 WorkerThread 120: Can't spawn new thread: res = 11
[ERROR:0@27.708] global parallel_impl.cpp:244 WorkerThread 29: Can't spawn new thread: res = 11
[ERROR:0@27.708] global parallel_impl.cpp:244 WorkerThread 28: Can't spawn new thread: res = 11
[ERROR:0@27.708] global parallel_impl.cpp:244 WorkerThread 34: Can't spawn new thread: res = 11
[ERROR:0@27.708] global parallel_impl.cpp:244 WorkerThread 48: Can't spawn new thread: res = 11
[ERROR:0@27.708] global parallel_impl.cpp:244 WorkerThread 55: Can't spawn new thread: res = 11
[ERROR:0@27.708] global parallel_impl.cpp:244 WorkerThread 121: Can't spawn new thread: res = 11
[ERROR:0@27.708] global parallel_impl.cpp:244 WorkerThread 121: Can't spawn new thread: res = 11
[ERROR:0@27.708] global parallel_impl.cpp:244 WorkerThread 76: Can't spawn new thread: res = 11
[ERROR:0@27.708] global parallel_impl.cpp:244 WorkerThread 49: Can't spawn new thread: res = 11
[ERROR:0@27.708] global parallel_impl.cpp:244 WorkerThread 30: Can't spawn new thread: res = 11
[ERROR:0@27.708] global parallel_impl.cpp:244 WorkerThread 13: Can't spawn new thread: res = 11
[ERROR:0@27.708] global parallel_impl.cpp:244 WorkerThread 56: Can't spawn new thread: res = 11
[ERROR:0@27.708] global parallel_impl.cpp:244 WorkerThread 122: Can't spawn new thread: res = 11
[ERROR:0@27.708] global parallel_impl.cpp:244 WorkerThread 122: Can't spawn new thread: res = 11
[ERROR:0@27.708] global parallel_impl.cpp:244 WorkerThread 77: Can't spawn new thread: res = 11
[ERROR:0@27.708] global parallel_impl.cpp:244 WorkerThread 29: Can't spawn new thread: res = 11
[ERROR:0@27.708] global parallel_impl.cpp:244 WorkerThread 50: Can't spawn new thread: res = 11
[ERROR:0@27.708] global parallel_impl.cpp:244 WorkerThread 35: Can't spawn new thread: res = 11
[ERROR:0@27.708] global parallel_impl.cpp:244 WorkerThread 57: Can't spawn new thread: res = 11
[ERROR:0@27.708] global parallel_impl.cpp:244 WorkerThread 123: Can't spawn new thread: res = 11
[ERROR:0@27.708] global parallel_impl.cpp:244 WorkerThread 14: Can't spawn new thread: res = 11
[ERROR:0@27.708] global parallel_impl.cpp:244 WorkerThread 31: Can't spawn new thread: res = 11
[ERROR:0@27.708] global parallel_impl.cpp:244 WorkerThread 78: Can't spawn new thread: res = 11
[ERROR:0@27.708] global parallel_impl.cpp:244 WorkerThread 51: Can't spawn new thread: res = 11
[ERROR:0@27.708] global parallel_impl.cpp:244 WorkerThread 123: Can't spawn new thread: res = 11
[ERROR:0@27.708] global parallel_impl.cpp:244 WorkerThread 36: Can't spawn new thread: res = 11
[ERROR:0@27.708] global parallel_impl.cpp:244 WorkerThread 30: Can't spawn new thread: res = 11
[ERROR:0@27.708] global parallel_impl.cpp:244 WorkerThread 58: Can't spawn new thread: res = 11
[ERROR:0@27.708] global parallel_impl.cpp:244 WorkerThread 124: Can't spawn new thread: res = 11
[ERROR:0@27.708] global parallel_impl.cpp:244 WorkerThread 15: Can't spawn new thread: res = 11
[ERROR:0@27.708] global parallel_impl.cpp:244 WorkerThread 32: Can't spawn new thread: res = 11
[ERROR:0@27.708] global parallel_impl.cpp:244 WorkerThread 124: Can't spawn new thread: res = 11
[ERROR:0@27.708] global parallel_impl.cpp:244 WorkerThread 37: Can't spawn new thread: res = 11
[ERROR:0@27.708] global parallel_impl.cpp:244 WorkerThread 31: Can't spawn new thread: res = 11
[ERROR:0@27.708] global parallel_impl.cpp:244 WorkerThread 59: Can't spawn new thread: res = 11
[ERROR:0@27.708] global parallel_impl.cpp:244 WorkerThread 125: Can't spawn new thread: res = 11
[ERROR:0@27.708] global parallel_impl.cpp:244 WorkerThread 79: Can't spawn new thread: res = 11
[ERROR:0@27.708] global parallel_impl.cpp:244 WorkerThread 52: Can't spawn new thread: res = 11
[ERROR:0@27.708] global parallel_impl.cpp:244 WorkerThread 125: Can't spawn new thread: res = 11
[ERROR:0@27.708] global parallel_impl.cpp:244 WorkerThread 38: Can't spawn new thread: res = 11
[ERROR:0@27.708] global parallel_impl.cpp:244 WorkerThread 33: Can't spawn new thread: res = 11
[ERROR:0@27.708] global parallel_impl.cpp:244 WorkerThread 32: Can't spawn new thread: res = 11
[ERROR:0@27.708] global parallel_impl.cpp:244 WorkerThread 60: Can't spawn new thread: res = 11
[ERROR:0@27.708] global parallel_impl.cpp:244 WorkerThread 126: Can't spawn new thread: res = 11
[ERROR:0@27.708] global parallel_impl.cpp:244 WorkerThread 53: Can't spawn new thread: res = 11
[ERROR:0@27.708] global parallel_impl.cpp:244 WorkerThread 126: Can't spawn new thread: res = 11
[ERROR:0@27.708] global parallel_impl.cpp:244 WorkerThread 80: Can't spawn new thread: res = 11
[ERROR:0@27.708] global parallel_impl.cpp:244 WorkerThread 39: Can't spawn new thread: res = 11
[ERROR:0@27.708] global parallel_impl.cpp:244 WorkerThread 34: Can't spawn new thread: res = 11
[ERROR:0@27.708] global parallel_impl.cpp:244 WorkerThread 16: Can't spawn new thread: res = 11
[ERROR:0@27.708] global parallel_impl.cpp:244 WorkerThread 54: Can't spawn new thread: res = 11
[ERROR:0@27.708] global parallel_impl.cpp:244 WorkerThread 61: Can't spawn new thread: res = 11
[ERROR:0@27.708] global parallel_impl.cpp:244 WorkerThread 33: Can't spawn new thread: res = 11
[ERROR:0@27.708] global parallel_impl.cpp:244 WorkerThread 35: Can't spawn new thread: res = 11
[ERROR:0@27.708] global parallel_impl.cpp:244 WorkerThread 81: Can't spawn new thread: res = 11
[ERROR:0@27.708] global parallel_impl.cpp:244 WorkerThread 40: Can't spawn new thread: res = 11
[ERROR:0@27.708] global parallel_impl.cpp:244 WorkerThread 55: Can't spawn new thread: res = 11
[ERROR:0@27.708] global parallel_impl.cpp:244 WorkerThread 41: Can't spawn new thread: res = 11
[ERROR:0@27.708] global parallel_impl.cpp:244 WorkerThread 62: Can't spawn new thread: res = 11
[ERROR:0@27.708] global parallel_impl.cpp:244 WorkerThread 36: Can't spawn new thread: res = 11
[ERROR:0@27.708] global parallel_impl.cpp:244 WorkerThread 82: Can't spawn new thread: res = 11
[ERROR:0@27.708] global parallel_impl.cpp:244 WorkerThread 34: Can't spawn new thread: res = 11
[ERROR:0@27.708] global parallel_impl.cpp:244 WorkerThread 56: Can't spawn new thread: res = 11
[ERROR:0@27.708] global parallel_impl.cpp:244 WorkerThread 42: Can't spawn new thread: res = 11
[ERROR:0@27.708] global parallel_impl.cpp:244 WorkerThread 17: Can't spawn new thread: res = 11
[ERROR:0@27.708] global parallel_impl.cpp:244 WorkerThread 37: Can't spawn new thread: res = 11
[ERROR:0@27.708] global parallel_impl.cpp:244 WorkerThread 35: Can't spawn new thread: res = 11
[ERROR:0@27.708] global parallel_impl.cpp:244 WorkerThread 83: Can't spawn new thread: res = 11
[ERROR:0@27.708] global parallel_impl.cpp:244 WorkerThread 43: Can't spawn new thread: res = 11
[ERROR:0@27.708] global parallel_impl.cpp:244 WorkerThread 63: Can't spawn new thread: res = 11
[ERROR:0@27.708] global parallel_impl.cpp:244 WorkerThread 57: Can't spawn new thread: res = 11
[ERROR:0@27.708] global parallel_impl.cpp:244 WorkerThread 38: Can't spawn new thread: res = 11
[ERROR:0@27.708] global parallel_impl.cpp:244 WorkerThread 36: Can't spawn new thread: res = 11
[ERROR:0@27.708] global parallel_impl.cpp:244 WorkerThread 44: Can't spawn new thread: res = 11
[ERROR:0@27.708] global parallel_impl.cpp:244 WorkerThread 18: Can't spawn new thread: res = 11
[ERROR:0@27.708] global parallel_impl.cpp:244 WorkerThread 58: Can't spawn new thread: res = 11
[ERROR:0@27.708] global parallel_impl.cpp:244 WorkerThread 84: Can't spawn new thread: res = 11
[ERROR:0@27.708] global parallel_impl.cpp:244 WorkerThread 64: Can't spawn new thread: res = 11
[ERROR:0@27.708] global parallel_impl.cpp:244 WorkerThread 39: Can't spawn new thread: res = 11
[ERROR:0@27.708] global parallel_impl.cpp:244 WorkerThread 37: Can't spawn new thread: res = 11
[ERROR:0@27.708] global parallel_impl.cpp:244 WorkerThread 59: Can't spawn new thread: res = 11
[ERROR:0@27.708] global parallel_impl.cpp:244 WorkerThread 40: Can't spawn new thread: res = 11
[ERROR:0@27.708] global parallel_impl.cpp:244 WorkerThread 85: Can't spawn new thread: res = 11
[ERROR:0@27.708] global parallel_impl.cpp:244 WorkerThread 45: Can't spawn new thread: res = 11
[ERROR:0@27.708] global parallel_impl.cpp:244 WorkerThread 65: Can't spawn new thread: res = 11
[ERROR:0@27.708] global parallel_impl.cpp:244 WorkerThread 60: Can't spawn new thread: res = 11
[ERROR:0@27.708] global parallel_impl.cpp:244 WorkerThread 38: Can't spawn new thread: res = 11
[ERROR:0@27.708] global parallel_impl.cpp:244 WorkerThread 46: Can't spawn new thread: res = 11
[ERROR:0@27.708] global parallel_impl.cpp:244 WorkerThread 19: Can't spawn new thread: res = 11
[ERROR:0@27.708] global parallel_impl.cpp:244 WorkerThread 86: Can't spawn new thread: res = 11
[ERROR:0@27.708] global parallel_impl.cpp:244 WorkerThread 41: Can't spawn new thread: res = 11
[ERROR:0@27.708] global parallel_impl.cpp:244 WorkerThread 61: Can't spawn new thread: res = 11
[ERROR:0@27.708] global parallel_impl.cpp:244 WorkerThread 66: Can't spawn new thread: res = 11
[ERROR:0@27.708] global parallel_impl.cpp:244 WorkerThread 47: Can't spawn new thread: res = 11
[ERROR:0@27.708] global parallel_impl.cpp:244 WorkerThread 87: Can't spawn new thread: res = 11
[ERROR:0@27.708] global parallel_impl.cpp:244 WorkerThread 42: Can't spawn new thread: res = 11
[ERROR:0@27.708] global parallel_impl.cpp:244 WorkerThread 39: Can't spawn new thread: res = 11
[ERROR:0@27.708] global parallel_impl.cpp:244 WorkerThread 20: Can't spawn new thread: res = 11
[ERROR:0@27.708] global parallel_impl.cpp:244 WorkerThread 48: Can't spawn new thread: res = 11
[ERROR:0@27.708] global parallel_impl.cpp:244 WorkerThread 67: Can't spawn new thread: res = 11
[ERROR:0@27.708] global parallel_impl.cpp:244 WorkerThread 88: Can't spawn new thread: res = 11
[ERROR:0@27.708] global parallel_impl.cpp:244 WorkerThread 43: Can't spawn new thread: res = 11
[ERROR:0@27.708] global parallel_impl.cpp:244 WorkerThread 62: Can't spawn new thread: res = 11
[ERROR:0@27.708] global parallel_impl.cpp:244 WorkerThread 40: Can't spawn new thread: res = 11
[ERROR:0@27.708] global parallel_impl.cpp:244 WorkerThread 49: Can't spawn new thread: res = 11
[ERROR:0@27.708] global parallel_impl.cpp:244 WorkerThread 44: Can't spawn new thread: res = 11
[ERROR:0@27.708] global parallel_impl.cpp:244 WorkerThread 63: Can't spawn new thread: res = 11
[ERROR:0@27.708] global parallel_impl.cpp:244 WorkerThread 41: Can't spawn new thread: res = 11
[ERROR:0@27.708] global parallel_impl.cpp:244 WorkerThread 21: Can't spawn new thread: res = 11
[ERROR:0@27.708] global parallel_impl.cpp:244 WorkerThread 68: Can't spawn new thread: res = 11
[ERROR:0@27.708] global parallel_impl.cpp:244 WorkerThread 64: Can't spawn new thread: res = 11
[ERROR:0@27.708] global parallel_impl.cpp:244 WorkerThread 89: Can't spawn new thread: res = 11
[ERROR:0@27.708] global parallel_impl.cpp:244 WorkerThread 45: Can't spawn new thread: res = 11
[ERROR:0@27.708] global parallel_impl.cpp:244 WorkerThread 50: Can't spawn new thread: res = 11
[ERROR:0@27.708] global parallel_impl.cpp:244 WorkerThread 42: Can't spawn new thread: res = 11
[ERROR:0@27.708] global parallel_impl.cpp:244 WorkerThread 22: Can't spawn new thread: res = 11
[ERROR:0@27.708] global parallel_impl.cpp:244 WorkerThread 65: Can't spawn new thread: res = 11
[ERROR:0@27.708] global parallel_impl.cpp:244 WorkerThread 90: Can't spawn new thread: res = 11
[ERROR:0@27.708] global parallel_impl.cpp:244 WorkerThread 69: Can't spawn new thread: res = 11
[ERROR:0@27.708] global parallel_impl.cpp:244 WorkerThread 51: Can't spawn new thread: res = 11
[ERROR:0@27.708] global parallel_impl.cpp:244 WorkerThread 43: Can't spawn new thread: res = 11
[ERROR:0@27.708] global parallel_impl.cpp:244 WorkerThread 46: Can't spawn new thread: res = 11
[ERROR:0@27.708] global parallel_impl.cpp:244 WorkerThread 23: Can't spawn new thread: res = 11
[ERROR:0@27.708] global parallel_impl.cpp:244 WorkerThread 66: Can't spawn new thread: res = 11
[ERROR:0@27.708] global parallel_impl.cpp:244 WorkerThread 91: Can't spawn new thread: res = 11
[ERROR:0@27.708] global parallel_impl.cpp:244 WorkerThread 52: Can't spawn new thread: res = 11
[ERROR:0@27.708] global parallel_impl.cpp:244 WorkerThread 47: Can't spawn new thread: res = 11
[ERROR:0@27.708] global parallel_impl.cpp:244 WorkerThread 70: Can't spawn new thread: res = 11
[ERROR:0@27.708] global parallel_impl.cpp:244 WorkerThread 44: Can't spawn new thread: res = 11
[ERROR:0@27.708] global parallel_impl.cpp:244 WorkerThread 92: Can't spawn new thread: res = 11
[ERROR:0@27.708] global parallel_impl.cpp:244 WorkerThread 24: Can't spawn new thread: res = 11
[ERROR:0@27.708] global parallel_impl.cpp:244 WorkerThread 48: Can't spawn new thread: res = 11
[ERROR:0@27.708] global parallel_impl.cpp:244 WorkerThread 67: Can't spawn new thread: res = 11
[ERROR:0@27.708] global parallel_impl.cpp:244 WorkerThread 53: Can't spawn new thread: res = 11
[ERROR:0@27.708] global parallel_impl.cpp:244 WorkerThread 93: Can't spawn new thread: res = 11
[ERROR:0@27.708] global parallel_impl.cpp:244 WorkerThread 71: Can't spawn new thread: res = 11
[ERROR:0@27.708] global parallel_impl.cpp:244 WorkerThread 45: Can't spawn new thread: res = 11
[ERROR:0@27.708] global parallel_impl.cpp:244 WorkerThread 49: Can't spawn new thread: res = 11
[ERROR:0@27.708] global parallel_impl.cpp:244 WorkerThread 54: Can't spawn new thread: res = 11
[ERROR:0@27.708] global parallel_impl.cpp:244 WorkerThread 68: Can't spawn new thread: res = 11
[ERROR:0@27.708] global parallel_impl.cpp:244 WorkerThread 25: Can't spawn new thread: res = 11
[ERROR:0@27.708] global parallel_impl.cpp:244 WorkerThread 72: Can't spawn new thread: res = 11
[ERROR:0@27.708] global parallel_impl.cpp:244 WorkerThread 46: Can't spawn new thread: res = 11
[ERROR:0@27.708] global parallel_impl.cpp:244 WorkerThread 50: Can't spawn new thread: res = 11
[ERROR:0@27.708] global parallel_impl.cpp:244 WorkerThread 69: Can't spawn new thread: res = 11
[ERROR:0@27.708] global parallel_impl.cpp:244 WorkerThread 94: Can't spawn new thread: res = 11
[ERROR:0@27.708] global parallel_impl.cpp:244 WorkerThread 55: Can't spawn new thread: res = 11
[ERROR:0@27.708] global parallel_impl.cpp:244 WorkerThread 70: Can't spawn new thread: res = 11
[ERROR:0@27.708] global parallel_impl.cpp:244 WorkerThread 47: Can't spawn new thread: res = 11
[ERROR:0@27.708] global parallel_impl.cpp:244 WorkerThread 56: Can't spawn new thread: res = 11
[ERROR:0@27.708] global parallel_impl.cpp:244 WorkerThread 95: Can't spawn new thread: res = 11
[ERROR:0@27.708] global parallel_impl.cpp:244 WorkerThread 73: Can't spawn new thread: res = 11
[ERROR:0@27.708] global parallel_impl.cpp:244 WorkerThread 71: Can't spawn new thread: res = 11
[ERROR:0@27.708] global parallel_impl.cpp:244 WorkerThread 48: Can't spawn new thread: res = 11
[ERROR:0@27.708] global parallel_impl.cpp:244 WorkerThread 51: Can't spawn new thread: res = 11
[ERROR:0@27.708] global parallel_impl.cpp:244 WorkerThread 26: Can't spawn new thread: res = 11
[ERROR:0@27.708] global parallel_impl.cpp:244 WorkerThread 57: Can't spawn new thread: res = 11
[ERROR:0@27.708] global parallel_impl.cpp:244 WorkerThread 96: Can't spawn new thread: res = 11
[ERROR:0@27.708] global parallel_impl.cpp:244 WorkerThread 74: Can't spawn new thread: res = 11
[ERROR:0@27.708] global parallel_impl.cpp:244 WorkerThread 52: Can't spawn new thread: res = 11
[ERROR:0@27.708] global parallel_impl.cpp:244 WorkerThread 72: Can't spawn new thread: res = 11
[ERROR:0@27.708] global parallel_impl.cpp:244 WorkerThread 49: Can't spawn new thread: res = 11
[ERROR:0@27.708] global parallel_impl.cpp:244 WorkerThread 58: Can't spawn new thread: res = 11
[ERROR:0@27.708] global parallel_impl.cpp:244 WorkerThread 97: Can't spawn new thread: res = 11
[ERROR:0@27.708] global parallel_impl.cpp:244 WorkerThread 53: Can't spawn new thread: res = 11
[ERROR:0@27.708] global parallel_impl.cpp:244 WorkerThread 73: Can't spawn new thread: res = 11
[ERROR:0@27.708] global parallel_impl.cpp:244 WorkerThread 75: Can't spawn new thread: res = 11
[ERROR:0@27.708] global parallel_impl.cpp:244 WorkerThread 50: Can't spawn new thread: res = 11
[ERROR:0@27.708] global parallel_impl.cpp:244 WorkerThread 98: Can't spawn new thread: res = 11
[ERROR:0@27.708] global parallel_impl.cpp:244 WorkerThread 59: Can't spawn new thread: res = 11
[ERROR:0@27.708] global parallel_impl.cpp:244 WorkerThread 54: Can't spawn new thread: res = 11
[ERROR:0@27.708] global parallel_impl.cpp:244 WorkerThread 27: Can't spawn new thread: res = 11
[ERROR:0@27.708] global parallel_impl.cpp:244 WorkerThread 74: Can't spawn new thread: res = 11
[ERROR:0@27.708] global parallel_impl.cpp:244 WorkerThread 76: Can't spawn new thread: res = 11
[ERROR:0@27.708] global parallel_impl.cpp:244 WorkerThread 51: Can't spawn new thread: res = 11
[ERROR:0@27.708] global parallel_impl.cpp:244 WorkerThread 55: Can't spawn new thread: res = 11
[ERROR:0@27.708] global parallel_impl.cpp:244 WorkerThread 60: Can't spawn new thread: res = 11
[ERROR:0@27.708] global parallel_impl.cpp:244 WorkerThread 99: Can't spawn new thread: res = 11
[ERROR:0@27.708] global parallel_impl.cpp:244 WorkerThread 75: Can't spawn new thread: res = 11
[ERROR:0@27.708] global parallel_impl.cpp:244 WorkerThread 77: Can't spawn new thread: res = 11
[ERROR:0@27.708] global parallel_impl.cpp:244 WorkerThread 52: Can't spawn new thread: res = 11
[ERROR:0@27.708] global parallel_impl.cpp:244 WorkerThread 61: Can't spawn new thread: res = 11
[ERROR:0@27.708] global parallel_impl.cpp:244 WorkerThread 100: Can't spawn new thread: res = 11
[ERROR:0@27.708] global parallel_impl.cpp:244 WorkerThread 56: Can't spawn new thread: res = 11
[ERROR:0@27.708] global parallel_impl.cpp:244 WorkerThread 76: Can't spawn new thread: res = 11
[ERROR:0@27.708] global parallel_impl.cpp:244 WorkerThread 28: Can't spawn new thread: res = 11
[ERROR:0@27.708] global parallel_impl.cpp:244 WorkerThread 57: Can't spawn new thread: res = 11
[ERROR:0@27.708] global parallel_impl.cpp:244 WorkerThread 53: Can't spawn new thread: res = 11
[ERROR:0@27.708] global parallel_impl.cpp:244 WorkerThread 101: Can't spawn new thread: res = 11
[ERROR:0@27.708] global parallel_impl.cpp:244 WorkerThread 62: Can't spawn new thread: res = 11
[ERROR:0@27.708] global parallel_impl.cpp:244 WorkerThread 78: Can't spawn new thread: res = 11
[ERROR:0@27.708] global parallel_impl.cpp:244 WorkerThread 77: Can't spawn new thread: res = 11
[ERROR:0@27.708] global parallel_impl.cpp:244 WorkerThread 58: Can't spawn new thread: res = 11
[ERROR:0@27.708] global parallel_impl.cpp:244 WorkerThread 102: Can't spawn new thread: res = 11
[ERROR:0@27.708] global parallel_impl.cpp:244 WorkerThread 79: Can't spawn new thread: res = 11
[ERROR:0@27.708] global parallel_impl.cpp:244 WorkerThread 29: Can't spawn new thread: res = 11
[ERROR:0@27.708] global parallel_impl.cpp:244 WorkerThread 63: Can't spawn new thread: res = 11
[ERROR:0@27.708] global parallel_impl.cpp:244 WorkerThread 78: Can't spawn new thread: res = 11
[ERROR:0@27.708] global parallel_impl.cpp:244 WorkerThread 59: Can't spawn new thread: res = 11
[ERROR:0@27.708] global parallel_impl.cpp:244 WorkerThread 54: Can't spawn new thread: res = 11
[ERROR:0@27.708] global parallel_impl.cpp:244 WorkerThread 103: Can't spawn new thread: res = 11
[ERROR:0@27.708] global parallel_impl.cpp:244 WorkerThread 80: Can't spawn new thread: res = 11
[ERROR:0@27.709] global parallel_impl.cpp:244 WorkerThread 79: Can't spawn new thread: res = 11
[ERROR:0@27.709] global parallel_impl.cpp:244 WorkerThread 60: Can't spawn new thread: res = 11
[ERROR:0@27.709] global parallel_impl.cpp:244 WorkerThread 64: Can't spawn new thread: res = 11
[ERROR:0@27.708] global parallel_impl.cpp:244 WorkerThread 81: Can't spawn new thread: res = 11
[ERROR:0@27.708] global parallel_impl.cpp:244 WorkerThread 55: Can't spawn new thread: res = 11
[ERROR:0@27.709] global parallel_impl.cpp:244 WorkerThread 30: Can't spawn new thread: res = 11
[ERROR:0@27.708] global parallel_impl.cpp:244 WorkerThread 104: Can't spawn new thread: res = 11
[ERROR:0@27.709] global parallel_impl.cpp:244 WorkerThread 80: Can't spawn new thread: res = 11
[ERROR:0@27.708] global parallel_impl.cpp:244 WorkerThread 82: Can't spawn new thread: res = 11
[ERROR:0@27.708] global parallel_impl.cpp:244 WorkerThread 56: Can't spawn new thread: res = 11
[ERROR:0@27.709] global parallel_impl.cpp:244 WorkerThread 65: Can't spawn new thread: res = 11
[ERROR:0@27.708] global parallel_impl.cpp:244 WorkerThread 105: Can't spawn new thread: res = 11
[ERROR:0@27.709] global parallel_impl.cpp:244 WorkerThread 81: Can't spawn new thread: res = 11
[ERROR:0@27.709] global parallel_impl.cpp:244 WorkerThread 83: Can't spawn new thread: res = 11
[ERROR:0@27.709] global parallel_impl.cpp:244 WorkerThread 61: Can't spawn new thread: res = 11
[ERROR:0@27.709] global parallel_impl.cpp:244 WorkerThread 57: Can't spawn new thread: res = 11
[ERROR:0@27.709] global parallel_impl.cpp:244 WorkerThread 84: Can't spawn new thread: res = 11
[ERROR:0@27.709] global parallel_impl.cpp:244 WorkerThread 106: Can't spawn new thread: res = 11
[ERROR:0@27.709] global parallel_impl.cpp:244 WorkerThread 66: Can't spawn new thread: res = 11
[ERROR:0@27.709] global parallel_impl.cpp:244 WorkerThread 31: Can't spawn new thread: res = 11
[ERROR:0@27.709] global parallel_impl.cpp:244 WorkerThread 85: Can't spawn new thread: res = 11
[ERROR:0@27.709] global parallel_impl.cpp:244 WorkerThread 62: Can't spawn new thread: res = 11
[ERROR:0@27.709] global parallel_impl.cpp:244 WorkerThread 58: Can't spawn new thread: res = 11
[ERROR:0@27.709] global parallel_impl.cpp:244 WorkerThread 82: Can't spawn new thread: res = 11
[ERROR:0@27.709] global parallel_impl.cpp:244 WorkerThread 107: Can't spawn new thread: res = 11
[ERROR:0@27.709] global parallel_impl.cpp:244 WorkerThread 86: Can't spawn new thread: res = 11
[ERROR:0@27.709] global parallel_impl.cpp:244 WorkerThread 67: Can't spawn new thread: res = 11
[ERROR:0@27.709] global parallel_impl.cpp:244 WorkerThread 108: Can't spawn new thread: res = 11
[ERROR:0@27.709] global parallel_impl.cpp:244 WorkerThread 83: Can't spawn new thread: res = 11
[ERROR:0@27.709] global parallel_impl.cpp:244 WorkerThread 63: Can't spawn new thread: res = 11
[ERROR:0@27.709] global parallel_impl.cpp:244 WorkerThread 87: Can't spawn new thread: res = 11
[ERROR:0@27.709] global parallel_impl.cpp:244 WorkerThread 32: Can't spawn new thread: res = 11
[ERROR:0@27.709] global parallel_impl.cpp:244 WorkerThread 59: Can't spawn new thread: res = 11
[ERROR:0@27.709] global parallel_impl.cpp:244 WorkerThread 68: Can't spawn new thread: res = 11
[ERROR:0@27.709] global parallel_impl.cpp:244 WorkerThread 64: Can't spawn new thread: res = 11
[ERROR:0@27.709] global parallel_impl.cpp:244 WorkerThread 84: Can't spawn new thread: res = 11
[ERROR:0@27.709] global parallel_impl.cpp:244 WorkerThread 88: Can't spawn new thread: res = 11
[ERROR:0@27.709] global parallel_impl.cpp:244 WorkerThread 109: Can't spawn new thread: res = 11
[ERROR:0@27.709] global parallel_impl.cpp:244 WorkerThread 60: Can't spawn new thread: res = 11
[ERROR:0@27.709] global parallel_impl.cpp:244 WorkerThread 69: Can't spawn new thread: res = 11
[ERROR:0@27.709] global parallel_impl.cpp:244 WorkerThread 33: Can't spawn new thread: res = 11
[ERROR:0@27.709] global parallel_impl.cpp:244 WorkerThread 89: Can't spawn new thread: res = 11
[ERROR:0@27.709] global parallel_impl.cpp:244 WorkerThread 65: Can't spawn new thread: res = 11
[ERROR:0@27.709] global parallel_impl.cpp:244 WorkerThread 85: Can't spawn new thread: res = 11
[ERROR:0@27.709] global parallel_impl.cpp:244 WorkerThread 110: Can't spawn new thread: res = 11
[ERROR:0@27.709] global parallel_impl.cpp:244 WorkerThread 61: Can't spawn new thread: res = 11
[ERROR:0@27.709] global parallel_impl.cpp:244 WorkerThread 90: Can't spawn new thread: res = 11
[ERROR:0@27.709] global parallel_impl.cpp:244 WorkerThread 91: Can't spawn new thread: res = 11
[ERROR:0@27.709] global parallel_impl.cpp:244 WorkerThread 62: Can't spawn new thread: res = 11
[ERROR:0@27.709] global parallel_impl.cpp:244 WorkerThread 86: Can't spawn new thread: res = 11
[ERROR:0@27.709] global parallel_impl.cpp:244 WorkerThread 111: Can't spawn new thread: res = 11
[ERROR:0@27.709] global parallel_impl.cpp:244 WorkerThread 66: Can't spawn new thread: res = 11
[ERROR:0@27.709] global parallel_impl.cpp:244 WorkerThread 70: Can't spawn new thread: res = 11
[ERROR:0@27.709] global parallel_impl.cpp:244 WorkerThread 34: Can't spawn new thread: res = 11
[ERROR:0@27.709] global parallel_impl.cpp:244 WorkerThread 92: Can't spawn new thread: res = 11
[ERROR:0@27.709] global parallel_impl.cpp:244 WorkerThread 63: Can't spawn new thread: res = 11
[ERROR:0@27.709] global parallel_impl.cpp:244 WorkerThread 67: Can't spawn new thread: res = 11
[ERROR:0@27.709] global parallel_impl.cpp:244 WorkerThread 112: Can't spawn new thread: res = 11
[ERROR:0@27.709] global parallel_impl.cpp:244 WorkerThread 71: Can't spawn new thread: res = 11
[ERROR:0@27.709] global parallel_impl.cpp:244 WorkerThread 87: Can't spawn new thread: res = 11
[ERROR:0@27.709] global parallel_impl.cpp:244 WorkerThread 68: Can't spawn new thread: res = 11
[ERROR:0@27.709] global parallel_impl.cpp:244 WorkerThread 93: Can't spawn new thread: res = 11
[ERROR:0@27.709] global parallel_impl.cpp:244 WorkerThread 113: Can't spawn new thread: res = 11
[ERROR:0@27.709] global parallel_impl.cpp:244 WorkerThread 35: Can't spawn new thread: res = 11
[ERROR:0@27.709] global parallel_impl.cpp:244 WorkerThread 72: Can't spawn new thread: res = 11
[ERROR:0@27.709] global parallel_impl.cpp:244 WorkerThread 88: Can't spawn new thread: res = 11
[ERROR:0@27.709] global parallel_impl.cpp:244 WorkerThread 64: Can't spawn new thread: res = 11
[ERROR:0@27.709] global parallel_impl.cpp:244 WorkerThread 94: Can't spawn new thread: res = 11
[ERROR:0@27.709] global parallel_impl.cpp:244 WorkerThread 69: Can't spawn new thread: res = 11
[ERROR:0@27.709] global parallel_impl.cpp:244 WorkerThread 73: Can't spawn new thread: res = 11
[ERROR:0@27.709] global parallel_impl.cpp:244 WorkerThread 89: Can't spawn new thread: res = 11
[ERROR:0@27.709] global parallel_impl.cpp:244 WorkerThread 95: Can't spawn new thread: res = 11
[ERROR:0@27.709] global parallel_impl.cpp:244 WorkerThread 65: Can't spawn new thread: res = 11
[ERROR:0@27.709] global parallel_impl.cpp:244 WorkerThread 114: Can't spawn new thread: res = 11
[ERROR:0@27.709] global parallel_impl.cpp:244 WorkerThread 70: Can't spawn new thread: res = 11
[ERROR:0@27.709] global parallel_impl.cpp:244 WorkerThread 90: Can't spawn new thread: res = 11
[ERROR:0@27.709] global parallel_impl.cpp:244 WorkerThread 74: Can't spawn new thread: res = 11
[ERROR:0@27.709] global parallel_impl.cpp:244 WorkerThread 96: Can't spawn new thread: res = 11
[ERROR:0@27.709] global parallel_impl.cpp:244 WorkerThread 66: Can't spawn new thread: res = 11
[ERROR:0@27.709] global parallel_impl.cpp:244 WorkerThread 36: Can't spawn new thread: res = 11
[ERROR:0@27.709] global parallel_impl.cpp:244 WorkerThread 97: Can't spawn new thread: res = 11
[ERROR:0@27.709] global parallel_impl.cpp:244 WorkerThread 115: Can't spawn new thread: res = 11
[ERROR:0@27.709] global parallel_impl.cpp:244 WorkerThread 71: Can't spawn new thread: res = 11
[ERROR:0@27.709] global parallel_impl.cpp:244 WorkerThread 91: Can't spawn new thread: res = 11
[ERROR:0@27.709] global parallel_impl.cpp:244 WorkerThread 67: Can't spawn new thread: res = 11
[ERROR:0@27.709] global parallel_impl.cpp:244 WorkerThread 75: Can't spawn new thread: res = 11
[ERROR:0@27.709] global parallel_impl.cpp:244 WorkerThread 98: Can't spawn new thread: res = 11
[ERROR:0@27.709] global parallel_impl.cpp:244 WorkerThread 37: Can't spawn new thread: res = 11
[ERROR:0@27.709] global parallel_impl.cpp:244 WorkerThread 68: Can't spawn new thread: res = 11
[ERROR:0@27.709] global parallel_impl.cpp:244 WorkerThread 99: Can't spawn new thread: res = 11
[ERROR:0@27.709] global parallel_impl.cpp:244 WorkerThread 72: Can't spawn new thread: res = 11
[ERROR:0@27.709] global parallel_impl.cpp:244 WorkerThread 116: Can't spawn new thread: res = 11
[ERROR:0@27.709] global parallel_impl.cpp:244 WorkerThread 92: Can't spawn new thread: res = 11
[ERROR:0@27.709] global parallel_impl.cpp:244 WorkerThread 76: Can't spawn new thread: res = 11
[ERROR:0@27.709] global parallel_impl.cpp:244 WorkerThread 100: Can't spawn new thread: res = 11
[ERROR:0@27.709] global parallel_impl.cpp:244 WorkerThread 38: Can't spawn new thread: res = 11
[ERROR:0@27.709] global parallel_impl.cpp:244 WorkerThread 77: Can't spawn new thread: res = 11
[ERROR:0@27.709] global parallel_impl.cpp:244 WorkerThread 101: Can't spawn new thread: res = 11
[ERROR:0@27.709] global parallel_impl.cpp:244 WorkerThread 73: Can't spawn new thread: res = 11
[ERROR:0@27.709] global parallel_impl.cpp:244 WorkerThread 93: Can't spawn new thread: res = 11
[ERROR:0@27.709] global parallel_impl.cpp:244 WorkerThread 117: Can't spawn new thread: res = 11
[ERROR:0@27.709] global parallel_impl.cpp:244 WorkerThread 69: Can't spawn new thread: res = 11
[ERROR:0@27.709] global parallel_impl.cpp:244 WorkerThread 39: Can't spawn new thread: res = 11
[ERROR:0@27.709] global parallel_impl.cpp:244 WorkerThread 102: Can't spawn new thread: res = 11
[ERROR:0@27.709] global parallel_impl.cpp:244 WorkerThread 78: Can't spawn new thread: res = 11
[ERROR:0@27.709] global parallel_impl.cpp:244 WorkerThread 74: Can't spawn new thread: res = 11
[ERROR:0@27.709] global parallel_impl.cpp:244 WorkerThread 94: Can't spawn new thread: res = 11
[ERROR:0@27.709] global parallel_impl.cpp:244 WorkerThread 118: Can't spawn new thread: res = 11
[ERROR:0@27.709] global parallel_impl.cpp:244 WorkerThread 70: Can't spawn new thread: res = 11
[ERROR:0@27.709] global parallel_impl.cpp:244 WorkerThread 40: Can't spawn new thread: res = 11
[ERROR:0@27.709] global parallel_impl.cpp:244 WorkerThread 103: Can't spawn new thread: res = 11
[ERROR:0@27.709] global parallel_impl.cpp:244 WorkerThread 79: Can't spawn new thread: res = 11
[ERROR:0@27.709] global parallel_impl.cpp:244 WorkerThread 71: Can't spawn new thread: res = 11
[ERROR:0@27.709] global parallel_impl.cpp:244 WorkerThread 95: Can't spawn new thread: res = 11
[ERROR:0@27.709] global parallel_impl.cpp:244 WorkerThread 75: Can't spawn new thread: res = 11
[ERROR:0@27.709] global parallel_impl.cpp:244 WorkerThread 119: Can't spawn new thread: res = 11
[ERROR:0@27.709] global parallel_impl.cpp:244 WorkerThread 104: Can't spawn new thread: res = 11
[ERROR:0@27.709] global parallel_impl.cpp:244 WorkerThread 72: Can't spawn new thread: res = 11
[ERROR:0@27.709] global parallel_impl.cpp:244 WorkerThread 96: Can't spawn new thread: res = 11
[ERROR:0@27.709] global parallel_impl.cpp:244 WorkerThread 105: Can't spawn new thread: res = 11
[ERROR:0@27.709] global parallel_impl.cpp:244 WorkerThread 120: Can't spawn new thread: res = 11
[ERROR:0@27.709] global parallel_impl.cpp:244 WorkerThread 80: Can't spawn new thread: res = 11
[ERROR:0@27.709] global parallel_impl.cpp:244 WorkerThread 76: Can't spawn new thread: res = 11
[ERROR:0@27.709] global parallel_impl.cpp:244 WorkerThread 41: Can't spawn new thread: res = 11
[ERROR:0@27.709] global parallel_impl.cpp:244 WorkerThread 73: Can't spawn new thread: res = 11
[ERROR:0@27.709] global parallel_impl.cpp:244 WorkerThread 106: Can't spawn new thread: res = 11
[ERROR:0@27.709] global parallel_impl.cpp:244 WorkerThread 77: Can't spawn new thread: res = 11
[ERROR:0@27.709] global parallel_impl.cpp:244 WorkerThread 121: Can't spawn new thread: res = 11
[ERROR:0@27.709] global parallel_impl.cpp:244 WorkerThread 81: Can't spawn new thread: res = 11
[ERROR:0@27.709] global parallel_impl.cpp:244 WorkerThread 107: Can't spawn new thread: res = 11
[ERROR:0@27.709] global parallel_impl.cpp:244 WorkerThread 97: Can't spawn new thread: res = 11
[ERROR:0@27.709] global parallel_impl.cpp:244 WorkerThread 74: Can't spawn new thread: res = 11
[ERROR:0@27.709] global parallel_impl.cpp:244 WorkerThread 78: Can't spawn new thread: res = 11
[ERROR:0@27.709] global parallel_impl.cpp:244 WorkerThread 82: Can't spawn new thread: res = 11
[ERROR:0@27.709] global parallel_impl.cpp:244 WorkerThread 122: Can't spawn new thread: res = 11
[ERROR:0@27.709] global parallel_impl.cpp:244 WorkerThread 42: Can't spawn new thread: res = 11
[ERROR:0@27.709] global parallel_impl.cpp:244 WorkerThread 108: Can't spawn new thread: res = 11
[ERROR:0@27.709] global parallel_impl.cpp:244 WorkerThread 98: Can't spawn new thread: res = 11
[ERROR:0@27.709] global parallel_impl.cpp:244 WorkerThread 75: Can't spawn new thread: res = 11
[ERROR:0@27.709] global parallel_impl.cpp:244 WorkerThread 79: Can't spawn new thread: res = 11
[ERROR:0@27.709] global parallel_impl.cpp:244 WorkerThread 83: Can't spawn new thread: res = 11
[ERROR:0@27.709] global parallel_impl.cpp:244 WorkerThread 123: Can't spawn new thread: res = 11
[ERROR:0@27.709] global parallel_impl.cpp:244 WorkerThread 109: Can't spawn new thread: res = 11
[ERROR:0@27.709] global parallel_impl.cpp:244 WorkerThread 43: Can't spawn new thread: res = 11
[ERROR:0@27.709] global parallel_impl.cpp:244 WorkerThread 76: Can't spawn new thread: res = 11
[ERROR:0@27.709] global parallel_impl.cpp:244 WorkerThread 80: Can't spawn new thread: res = 11
[ERROR:0@27.709] global parallel_impl.cpp:244 WorkerThread 84: Can't spawn new thread: res = 11
[ERROR:0@27.709] global parallel_impl.cpp:244 WorkerThread 99: Can't spawn new thread: res = 11
[ERROR:0@27.709] global parallel_impl.cpp:244 WorkerThread 110: Can't spawn new thread: res = 11
[ERROR:0@27.709] global parallel_impl.cpp:244 WorkerThread 111: Can't spawn new thread: res = 11
[ERROR:0@27.709] global parallel_impl.cpp:244 WorkerThread 44: Can't spawn new thread: res = 11
[ERROR:0@27.709] global parallel_impl.cpp:244 WorkerThread 124: Can't spawn new thread: res = 11
[ERROR:0@27.709] global parallel_impl.cpp:244 WorkerThread 77: Can't spawn new thread: res = 11
[ERROR:0@27.709] global parallel_impl.cpp:244 WorkerThread 100: Can't spawn new thread: res = 11
[ERROR:0@27.709] global parallel_impl.cpp:244 WorkerThread 81: Can't spawn new thread: res = 11
[ERROR:0@27.709] global parallel_impl.cpp:244 WorkerThread 112: Can't spawn new thread: res = 11
[ERROR:0@27.709] global parallel_impl.cpp:244 WorkerThread 85: Can't spawn new thread: res = 11
[ERROR:0@27.709] global parallel_impl.cpp:244 WorkerThread 82: Can't spawn new thread: res = 11
[ERROR:0@27.709] global parallel_impl.cpp:244 WorkerThread 125: Can't spawn new thread: res = 11
[ERROR:0@27.709] global parallel_impl.cpp:244 WorkerThread 78: Can't spawn new thread: res = 11
[ERROR:0@27.709] global parallel_impl.cpp:244 WorkerThread 113: Can't spawn new thread: res = 11
[ERROR:0@27.709] global parallel_impl.cpp:244 WorkerThread 101: Can't spawn new thread: res = 11
[ERROR:0@27.709] global parallel_impl.cpp:244 WorkerThread 45: Can't spawn new thread: res = 11
[ERROR:0@27.709] global parallel_impl.cpp:244 WorkerThread 86: Can't spawn new thread: res = 11
[ERROR:0@27.709] global parallel_impl.cpp:244 WorkerThread 83: Can't spawn new thread: res = 11
[ERROR:0@27.709] global parallel_impl.cpp:244 WorkerThread 126: Can't spawn new thread: res = 11
[ERROR:0@27.709] global parallel_impl.cpp:244 WorkerThread 114: Can't spawn new thread: res = 11
[ERROR:0@27.709] global parallel_impl.cpp:244 WorkerThread 79: Can't spawn new thread: res = 11
[ERROR:0@27.709] global parallel_impl.cpp:244 WorkerThread 102: Can't spawn new thread: res = 11
[ERROR:0@27.709] global parallel_impl.cpp:244 WorkerThread 84: Can't spawn new thread: res = 11
[ERROR:0@27.709] global parallel_impl.cpp:244 WorkerThread 87: Can't spawn new thread: res = 11
[ERROR:0@27.709] global parallel_impl.cpp:244 WorkerThread 115: Can't spawn new thread: res = 11
[ERROR:0@27.709] global parallel_impl.cpp:244 WorkerThread 103: Can't spawn new thread: res = 11
[ERROR:0@27.709] global parallel_impl.cpp:244 WorkerThread 46: Can't spawn new thread: res = 11
[ERROR:0@27.709] global parallel_impl.cpp:244 WorkerThread 85: Can't spawn new thread: res = 11
[ERROR:0@27.709] global parallel_impl.cpp:244 WorkerThread 80: Can't spawn new thread: res = 11
[ERROR:0@27.709] global parallel_impl.cpp:244 WorkerThread 116: Can't spawn new thread: res = 11
[ERROR:0@27.709] global parallel_impl.cpp:244 WorkerThread 88: Can't spawn new thread: res = 11
[ERROR:0@27.709] global parallel_impl.cpp:244 WorkerThread 104: Can't spawn new thread: res = 11
[ERROR:0@27.709] global parallel_impl.cpp:244 WorkerThread 117: Can't spawn new thread: res = 11
[ERROR:0@27.709] global parallel_impl.cpp:244 WorkerThread 47: Can't spawn new thread: res = 11
[ERROR:0@27.709] global parallel_impl.cpp:244 WorkerThread 105: Can't spawn new thread: res = 11
[ERROR:0@27.709] global parallel_impl.cpp:244 WorkerThread 89: Can't spawn new thread: res = 11
[ERROR:0@27.709] global parallel_impl.cpp:244 WorkerThread 86: Can't spawn new thread: res = 11
[ERROR:0@27.709] global parallel_impl.cpp:244 WorkerThread 81: Can't spawn new thread: res = 11
[ERROR:0@27.709] global parallel_impl.cpp:244 WorkerThread 118: Can't spawn new thread: res = 11
[ERROR:0@27.709] global parallel_impl.cpp:244 WorkerThread 48: Can't spawn new thread: res = 11
[ERROR:0@27.709] global parallel_impl.cpp:244 WorkerThread 119: Can't spawn new thread: res = 11
[ERROR:0@27.709] global parallel_impl.cpp:244 WorkerThread 106: Can't spawn new thread: res = 11
[ERROR:0@27.709] global parallel_impl.cpp:244 WorkerThread 87: Can't spawn new thread: res = 11
[ERROR:0@27.709] global parallel_impl.cpp:244 WorkerThread 82: Can't spawn new thread: res = 11
[ERROR:0@27.709] global parallel_impl.cpp:244 WorkerThread 120: Can't spawn new thread: res = 11
[ERROR:0@27.709] global parallel_impl.cpp:244 WorkerThread 49: Can't spawn new thread: res = 11
[ERROR:0@27.709] global parallel_impl.cpp:244 WorkerThread 90: Can't spawn new thread: res = 11
[ERROR:0@27.709] global parallel_impl.cpp:244 WorkerThread 121: Can't spawn new thread: res = 11
[ERROR:0@27.709] global parallel_impl.cpp:244 WorkerThread 88: Can't spawn new thread: res = 11
[ERROR:0@27.709] global parallel_impl.cpp:244 WorkerThread 107: Can't spawn new thread: res = 11
[ERROR:0@27.709] global parallel_impl.cpp:244 WorkerThread 83: Can't spawn new thread: res = 11
[ERROR:0@27.709] global parallel_impl.cpp:244 WorkerThread 122: Can't spawn new thread: res = 11
[ERROR:0@27.709] global parallel_impl.cpp:244 WorkerThread 50: Can't spawn new thread: res = 11
[ERROR:0@27.709] global parallel_impl.cpp:244 WorkerThread 89: Can't spawn new thread: res = 11
[ERROR:0@27.709] global parallel_impl.cpp:244 WorkerThread 123: Can't spawn new thread: res = 11
[ERROR:0@27.709] global parallel_impl.cpp:244 WorkerThread 108: Can't spawn new thread: res = 11
[ERROR:0@27.709] global parallel_impl.cpp:244 WorkerThread 91: Can't spawn new thread: res = 11
[ERROR:0@27.709] global parallel_impl.cpp:244 WorkerThread 124: Can't spawn new thread: res = 11
[ERROR:0@27.709] global parallel_impl.cpp:244 WorkerThread 90: Can't spawn new thread: res = 11
[ERROR:0@27.709] global parallel_impl.cpp:244 WorkerThread 84: Can't spawn new thread: res = 11
[ERROR:0@27.709] global parallel_impl.cpp:244 WorkerThread 109: Can't spawn new thread: res = 11
[ERROR:0@27.709] global parallel_impl.cpp:244 WorkerThread 125: Can't spawn new thread: res = 11
[ERROR:0@27.709] global parallel_impl.cpp:244 WorkerThread 51: Can't spawn new thread: res = 11
[ERROR:0@27.709] global parallel_impl.cpp:244 WorkerThread 92: Can't spawn new thread: res = 11
[ERROR:0@27.709] global parallel_impl.cpp:244 WorkerThread 85: Can't spawn new thread: res = 11
[ERROR:0@27.709] global parallel_impl.cpp:244 WorkerThread 110: Can't spawn new thread: res = 11
[ERROR:0@27.709] global parallel_impl.cpp:244 WorkerThread 91: Can't spawn new thread: res = 11
[ERROR:0@27.709] global parallel_impl.cpp:244 WorkerThread 126: Can't spawn new thread: res = 11
[ERROR:0@27.709] global parallel_impl.cpp:244 WorkerThread 52: Can't spawn new thread: res = 11
[ERROR:0@27.709] global parallel_impl.cpp:244 WorkerThread 86: Can't spawn new thread: res = 11
[ERROR:0@27.709] global parallel_impl.cpp:244 WorkerThread 111: Can't spawn new thread: res = 11
[ERROR:0@27.709] global parallel_impl.cpp:244 WorkerThread 93: Can't spawn new thread: res = 11
[ERROR:0@27.709] global parallel_impl.cpp:244 WorkerThread 92: Can't spawn new thread: res = 11
[ERROR:0@27.709] global parallel_impl.cpp:244 WorkerThread 53: Can't spawn new thread: res = 11
[ERROR:0@27.709] global parallel_impl.cpp:244 WorkerThread 94: Can't spawn new thread: res = 11
[ERROR:0@27.709] global parallel_impl.cpp:244 WorkerThread 93: Can't spawn new thread: res = 11
[ERROR:0@27.709] global parallel_impl.cpp:244 WorkerThread 87: Can't spawn new thread: res = 11
[ERROR:0@27.709] global parallel_impl.cpp:244 WorkerThread 112: Can't spawn new thread: res = 11
[ERROR:0@27.709] global parallel_impl.cpp:244 WorkerThread 54: Can't spawn new thread: res = 11
[ERROR:0@27.709] global parallel_impl.cpp:244 WorkerThread 88: Can't spawn new thread: res = 11
[ERROR:0@27.709] global parallel_impl.cpp:244 WorkerThread 94: Can't spawn new thread: res = 11
[ERROR:0@27.709] global parallel_impl.cpp:244 WorkerThread 113: Can't spawn new thread: res = 11
[ERROR:0@27.709] global parallel_impl.cpp:244 WorkerThread 55: Can't spawn new thread: res = 11
[ERROR:0@27.709] global parallel_impl.cpp:244 WorkerThread 95: Can't spawn new thread: res = 11
[ERROR:0@27.709] global parallel_impl.cpp:244 WorkerThread 114: Can't spawn new thread: res = 11
[ERROR:0@27.709] global parallel_impl.cpp:244 WorkerThread 95: Can't spawn new thread: res = 11
[ERROR:0@27.709] global parallel_impl.cpp:244 WorkerThread 96: Can't spawn new thread: res = 11
[ERROR:0@27.709] global parallel_impl.cpp:244 WorkerThread 89: Can't spawn new thread: res = 11
[ERROR:0@27.709] global parallel_impl.cpp:244 WorkerThread 56: Can't spawn new thread: res = 11
[ERROR:0@27.709] global parallel_impl.cpp:244 WorkerThread 97: Can't spawn new thread: res = 11
[ERROR:0@27.709] global parallel_impl.cpp:244 WorkerThread 115: Can't spawn new thread: res = 11
[ERROR:0@27.709] global parallel_impl.cpp:244 WorkerThread 90: Can't spawn new thread: res = 11
[ERROR:0@27.709] global parallel_impl.cpp:244 WorkerThread 57: Can't spawn new thread: res = 11
[ERROR:0@27.709] global parallel_impl.cpp:244 WorkerThread 96: Can't spawn new thread: res = 11
[ERROR:0@27.709] global parallel_impl.cpp:244 WorkerThread 98: Can't spawn new thread: res = 11
[ERROR:0@27.709] global parallel_impl.cpp:244 WorkerThread 116: Can't spawn new thread: res = 11
[ERROR:0@27.709] global parallel_impl.cpp:244 WorkerThread 91: Can't spawn new thread: res = 11
[ERROR:0@27.710] global parallel_impl.cpp:244 WorkerThread 58: Can't spawn new thread: res = 11
[ERROR:0@27.709] global parallel_impl.cpp:244 WorkerThread 92: Can't spawn new thread: res = 11
[ERROR:0@27.710] global parallel_impl.cpp:244 WorkerThread 97: Can't spawn new thread: res = 11
[ERROR:0@27.709] global parallel_impl.cpp:244 WorkerThread 99: Can't spawn new thread: res = 11
[ERROR:0@27.710] global parallel_impl.cpp:244 WorkerThread 117: Can't spawn new thread: res = 11
[ERROR:0@27.710] global parallel_impl.cpp:244 WorkerThread 59: Can't spawn new thread: res = 11
[ERROR:0@27.710] global parallel_impl.cpp:244 WorkerThread 98: Can't spawn new thread: res = 11
[ERROR:0@27.710] global parallel_impl.cpp:244 WorkerThread 118: Can't spawn new thread: res = 11
[ERROR:0@27.709] global parallel_impl.cpp:244 WorkerThread 93: Can't spawn new thread: res = 11
[ERROR:0@27.710] global parallel_impl.cpp:244 WorkerThread 60: Can't spawn new thread: res = 11
[ERROR:0@27.710] global parallel_impl.cpp:244 WorkerThread 100: Can't spawn new thread: res = 11
[ERROR:0@27.710] global parallel_impl.cpp:244 WorkerThread 99: Can't spawn new thread: res = 11
[ERROR:0@27.710] global parallel_impl.cpp:244 WorkerThread 119: Can't spawn new thread: res = 11
[ERROR:0@27.709] global parallel_impl.cpp:244 WorkerThread 94: Can't spawn new thread: res = 11
[ERROR:0@27.710] global parallel_impl.cpp:244 WorkerThread 100: Can't spawn new thread: res = 11
[ERROR:0@27.710] global parallel_impl.cpp:244 WorkerThread 101: Can't spawn new thread: res = 11
[ERROR:0@27.710] global parallel_impl.cpp:244 WorkerThread 95: Can't spawn new thread: res = 11
[ERROR:0@27.710] global parallel_impl.cpp:244 WorkerThread 120: Can't spawn new thread: res = 11
[ERROR:0@27.710] global parallel_impl.cpp:244 WorkerThread 61: Can't spawn new thread: res = 11
[ERROR:0@27.710] global parallel_impl.cpp:244 WorkerThread 96: Can't spawn new thread: res = 11
[ERROR:0@27.710] global parallel_impl.cpp:244 WorkerThread 102: Can't spawn new thread: res = 11
[ERROR:0@27.710] global parallel_impl.cpp:244 WorkerThread 121: Can't spawn new thread: res = 11
[ERROR:0@27.710] global parallel_impl.cpp:244 WorkerThread 101: Can't spawn new thread: res = 11
[ERROR:0@27.710] global parallel_impl.cpp:244 WorkerThread 62: Can't spawn new thread: res = 11
[ERROR:0@27.710] global parallel_impl.cpp:244 WorkerThread 97: Can't spawn new thread: res = 11
[ERROR:0@27.710] global parallel_impl.cpp:244 WorkerThread 103: Can't spawn new thread: res = 11
[ERROR:0@27.710] global parallel_impl.cpp:244 WorkerThread 122: Can't spawn new thread: res = 11
[ERROR:0@27.710] global parallel_impl.cpp:244 WorkerThread 102: Can't spawn new thread: res = 11
[ERROR:0@27.710] global parallel_impl.cpp:244 WorkerThread 63: Can't spawn new thread: res = 11
[ERROR:0@27.710] global parallel_impl.cpp:244 WorkerThread 98: Can't spawn new thread: res = 11
[ERROR:0@27.710] global parallel_impl.cpp:244 WorkerThread 104: Can't spawn new thread: res = 11
[ERROR:0@27.710] global parallel_impl.cpp:244 WorkerThread 103: Can't spawn new thread: res = 11
[ERROR:0@27.710] global parallel_impl.cpp:244 WorkerThread 123: Can't spawn new thread: res = 11
[ERROR:0@27.710] global parallel_impl.cpp:244 WorkerThread 64: Can't spawn new thread: res = 11
[ERROR:0@27.710] global parallel_impl.cpp:244 WorkerThread 104: Can't spawn new thread: res = 11
[ERROR:0@27.710] global parallel_impl.cpp:244 WorkerThread 124: Can't spawn new thread: res = 11
[ERROR:0@27.710] global parallel_impl.cpp:244 WorkerThread 105: Can't spawn new thread: res = 11
[ERROR:0@27.710] global parallel_impl.cpp:244 WorkerThread 99: Can't spawn new thread: res = 11
[ERROR:0@27.710] global parallel_impl.cpp:244 WorkerThread 65: Can't spawn new thread: res = 11
[ERROR:0@27.710] global parallel_impl.cpp:244 WorkerThread 106: Can't spawn new thread: res = 11
[ERROR:0@27.710] global parallel_impl.cpp:244 WorkerThread 105: Can't spawn new thread: res = 11
[ERROR:0@27.710] global parallel_impl.cpp:244 WorkerThread 125: Can't spawn new thread: res = 11
[ERROR:0@27.710] global parallel_impl.cpp:244 WorkerThread 100: Can't spawn new thread: res = 11
[ERROR:0@27.710] global parallel_impl.cpp:244 WorkerThread 126: Can't spawn new thread: res = 11
[ERROR:0@27.710] global parallel_impl.cpp:244 WorkerThread 107: Can't spawn new thread: res = 11
[ERROR:0@27.710] global parallel_impl.cpp:244 WorkerThread 101: Can't spawn new thread: res = 11
[ERROR:0@27.710] global parallel_impl.cpp:244 WorkerThread 106: Can't spawn new thread: res = 11
[ERROR:0@27.710] global parallel_impl.cpp:244 WorkerThread 66: Can't spawn new thread: res = 11
[ERROR:0@27.710] global parallel_impl.cpp:244 WorkerThread 108: Can't spawn new thread: res = 11
[ERROR:0@27.710] global parallel_impl.cpp:244 WorkerThread 102: Can't spawn new thread: res = 11
[ERROR:0@27.710] global parallel_impl.cpp:244 WorkerThread 107: Can't spawn new thread: res = 11
[ERROR:0@27.710] global parallel_impl.cpp:244 WorkerThread 103: Can't spawn new thread: res = 11
[ERROR:0@27.710] global parallel_impl.cpp:244 WorkerThread 109: Can't spawn new thread: res = 11
[ERROR:0@27.710] global parallel_impl.cpp:244 WorkerThread 108: Can't spawn new thread: res = 11
[ERROR:0@27.710] global parallel_impl.cpp:244 WorkerThread 67: Can't spawn new thread: res = 11
[ERROR:0@27.710] global parallel_impl.cpp:244 WorkerThread 68: Can't spawn new thread: res = 11
[ERROR:0@27.710] global parallel_impl.cpp:244 WorkerThread 109: Can't spawn new thread: res = 11
[ERROR:0@27.710] global parallel_impl.cpp:244 WorkerThread 104: Can't spawn new thread: res = 11
[ERROR:0@27.710] global parallel_impl.cpp:244 WorkerThread 110: Can't spawn new thread: res = 11
[ERROR:0@27.710] global parallel_impl.cpp:244 WorkerThread 69: Can't spawn new thread: res = 11
[ERROR:0@27.710] global parallel_impl.cpp:244 WorkerThread 110: Can't spawn new thread: res = 11
[ERROR:0@27.710] global parallel_impl.cpp:244 WorkerThread 105: Can't spawn new thread: res = 11
[ERROR:0@27.710] global parallel_impl.cpp:244 WorkerThread 111: Can't spawn new thread: res = 11
[ERROR:0@27.710] global parallel_impl.cpp:244 WorkerThread 70: Can't spawn new thread: res = 11
[ERROR:0@27.710] global parallel_impl.cpp:244 WorkerThread 106: Can't spawn new thread: res = 11
[ERROR:0@27.710] global parallel_impl.cpp:244 WorkerThread 112: Can't spawn new thread: res = 11
[ERROR:0@27.710] global parallel_impl.cpp:244 WorkerThread 111: Can't spawn new thread: res = 11
[ERROR:0@27.710] global parallel_impl.cpp:244 WorkerThread 71: Can't spawn new thread: res = 11
[ERROR:0@27.710] global parallel_impl.cpp:244 WorkerThread 107: Can't spawn new thread: res = 11
[ERROR:0@27.710] global parallel_impl.cpp:244 WorkerThread 113: Can't spawn new thread: res = 11
[ERROR:0@27.710] global parallel_impl.cpp:244 WorkerThread 112: Can't spawn new thread: res = 11
[ERROR:0@27.710] global parallel_impl.cpp:244 WorkerThread 72: Can't spawn new thread: res = 11
[ERROR:0@27.710] global parallel_impl.cpp:244 WorkerThread 108: Can't spawn new thread: res = 11
[ERROR:0@27.710] global parallel_impl.cpp:244 WorkerThread 113: Can't spawn new thread: res = 11
[ERROR:0@27.710] global parallel_impl.cpp:244 WorkerThread 114: Can't spawn new thread: res = 11
[ERROR:0@27.710] global parallel_impl.cpp:244 WorkerThread 73: Can't spawn new thread: res = 11
[ERROR:0@27.710] global parallel_impl.cpp:244 WorkerThread 114: Can't spawn new thread: res = 11
[ERROR:0@27.710] global parallel_impl.cpp:244 WorkerThread 74: Can't spawn new thread: res = 11
[ERROR:0@27.710] global parallel_impl.cpp:244 WorkerThread 115: Can't spawn new thread: res = 11
[ERROR:0@27.710] global parallel_impl.cpp:244 WorkerThread 109: Can't spawn new thread: res = 11
[ERROR:0@27.710] global parallel_impl.cpp:244 WorkerThread 115: Can't spawn new thread: res = 11
[ERROR:0@27.710] global parallel_impl.cpp:244 WorkerThread 75: Can't spawn new thread: res = 11
[ERROR:0@27.710] global parallel_impl.cpp:244 WorkerThread 110: Can't spawn new thread: res = 11
[ERROR:0@27.710] global parallel_impl.cpp:244 WorkerThread 116: Can't spawn new thread: res = 11
[ERROR:0@27.710] global parallel_impl.cpp:244 WorkerThread 116: Can't spawn new thread: res = 11
[ERROR:0@27.710] global parallel_impl.cpp:244 WorkerThread 111: Can't spawn new thread: res = 11
[ERROR:0@27.710] global parallel_impl.cpp:244 WorkerThread 117: Can't spawn new thread: res = 11
[ERROR:0@27.710] global parallel_impl.cpp:244 WorkerThread 117: Can't spawn new thread: res = 11
[ERROR:0@27.710] global parallel_impl.cpp:244 WorkerThread 112: Can't spawn new thread: res = 11
[ERROR:0@27.710] global parallel_impl.cpp:244 WorkerThread 76: Can't spawn new thread: res = 11
[ERROR:0@27.710] global parallel_impl.cpp:244 WorkerThread 118: Can't spawn new thread: res = 11
[ERROR:0@27.710] global parallel_impl.cpp:244 WorkerThread 118: Can't spawn new thread: res = 11
[ERROR:0@27.710] global parallel_impl.cpp:244 WorkerThread 113: Can't spawn new thread: res = 11
[ERROR:0@27.710] global parallel_impl.cpp:244 WorkerThread 77: Can't spawn new thread: res = 11
[ERROR:0@27.710] global parallel_impl.cpp:244 WorkerThread 119: Can't spawn new thread: res = 11
[ERROR:0@27.710] global parallel_impl.cpp:244 WorkerThread 114: Can't spawn new thread: res = 11
[ERROR:0@27.710] global parallel_impl.cpp:244 WorkerThread 119: Can't spawn new thread: res = 11
[ERROR:0@27.710] global parallel_impl.cpp:244 WorkerThread 78: Can't spawn new thread: res = 11
[ERROR:0@27.710] global parallel_impl.cpp:244 WorkerThread 120: Can't spawn new thread: res = 11
[ERROR:0@27.710] global parallel_impl.cpp:244 WorkerThread 115: Can't spawn new thread: res = 11
[ERROR:0@27.710] global parallel_impl.cpp:244 WorkerThread 79: Can't spawn new thread: res = 11
[ERROR:0@27.710] global parallel_impl.cpp:244 WorkerThread 116: Can't spawn new thread: res = 11
[ERROR:0@27.710] global parallel_impl.cpp:244 WorkerThread 121: Can't spawn new thread: res = 11
[ERROR:0@27.710] global parallel_impl.cpp:244 WorkerThread 120: Can't spawn new thread: res = 11
[ERROR:0@27.710] global parallel_impl.cpp:244 WorkerThread 122: Can't spawn new thread: res = 11
[ERROR:0@27.710] global parallel_impl.cpp:244 WorkerThread 117: Can't spawn new thread: res = 11
[ERROR:0@27.710] global parallel_impl.cpp:244 WorkerThread 80: Can't spawn new thread: res = 11
[ERROR:0@27.710] global parallel_impl.cpp:244 WorkerThread 123: Can't spawn new thread: res = 11
[ERROR:0@27.710] global parallel_impl.cpp:244 WorkerThread 121: Can't spawn new thread: res = 11
[ERROR:0@27.710] global parallel_impl.cpp:244 WorkerThread 118: Can't spawn new thread: res = 11
[ERROR:0@27.710] global parallel_impl.cpp:244 WorkerThread 124: Can't spawn new thread: res = 11
[ERROR:0@27.710] global parallel_impl.cpp:244 WorkerThread 122: Can't spawn new thread: res = 11
[ERROR:0@27.710] global parallel_impl.cpp:244 WorkerThread 119: Can't spawn new thread: res = 11
[ERROR:0@27.710] global parallel_impl.cpp:244 WorkerThread 125: Can't spawn new thread: res = 11
[ERROR:0@27.710] global parallel_impl.cpp:244 WorkerThread 123: Can't spawn new thread: res = 11
[ERROR:0@27.710] global parallel_impl.cpp:244 WorkerThread 120: Can't spawn new thread: res = 11
[ERROR:0@27.710] global parallel_impl.cpp:244 WorkerThread 124: Can't spawn new thread: res = 11
[ERROR:0@27.710] global parallel_impl.cpp:244 WorkerThread 126: Can't spawn new thread: res = 11
[ERROR:0@27.710] global parallel_impl.cpp:244 WorkerThread 81: Can't spawn new thread: res = 11
[ERROR:0@27.710] global parallel_impl.cpp:244 WorkerThread 121: Can't spawn new thread: res = 11
[ERROR:0@27.710] global parallel_impl.cpp:244 WorkerThread 122: Can't spawn new thread: res = 11
[ERROR:0@27.710] global parallel_impl.cpp:244 WorkerThread 82: Can't spawn new thread: res = 11
[ERROR:0@27.710] global parallel_impl.cpp:244 WorkerThread 123: Can't spawn new thread: res = 11
[ERROR:0@27.710] global parallel_impl.cpp:244 WorkerThread 125: Can't spawn new thread: res = 11
[ERROR:0@27.710] global parallel_impl.cpp:244 WorkerThread 83: Can't spawn new thread: res = 11
[ERROR:0@27.710] global parallel_impl.cpp:244 WorkerThread 124: Can't spawn new thread: res = 11
[ERROR:0@27.710] global parallel_impl.cpp:244 WorkerThread 126: Can't spawn new thread: res = 11
[ERROR:0@27.710] global parallel_impl.cpp:244 WorkerThread 84: Can't spawn new thread: res = 11
[ERROR:0@27.710] global parallel_impl.cpp:244 WorkerThread 125: Can't spawn new thread: res = 11
[ERROR:0@27.710] global parallel_impl.cpp:244 WorkerThread 85: Can't spawn new thread: res = 11
[ERROR:0@27.710] global parallel_impl.cpp:244 WorkerThread 126: Can't spawn new thread: res = 11
[ERROR:0@27.710] global parallel_impl.cpp:244 WorkerThread 86: Can't spawn new thread: res = 11
[ERROR:0@27.710] global parallel_impl.cpp:244 WorkerThread 87: Can't spawn new thread: res = 11
[ERROR:0@27.710] global parallel_impl.cpp:244 WorkerThread 88: Can't spawn new thread: res = 11
[ERROR:0@27.710] global parallel_impl.cpp:244 WorkerThread 89: Can't spawn new thread: res = 11
[ERROR:0@27.710] global parallel_impl.cpp:244 WorkerThread 90: Can't spawn new thread: res = 11
[ERROR:0@27.711] global parallel_impl.cpp:244 WorkerThread 91: Can't spawn new thread: res = 11
[ERROR:0@27.711] global parallel_impl.cpp:244 WorkerThread 92: Can't spawn new thread: res = 11
[ERROR:0@27.711] global parallel_impl.cpp:244 WorkerThread 93: Can't spawn new thread: res = 11
[ERROR:0@27.711] global parallel_impl.cpp:244 WorkerThread 94: Can't spawn new thread: res = 11
[ERROR:0@27.711] global parallel_impl.cpp:244 WorkerThread 95: Can't spawn new thread: res = 11
[ERROR:0@27.711] global parallel_impl.cpp:244 WorkerThread 96: Can't spawn new thread: res = 11
[ERROR:0@27.711] global parallel_impl.cpp:244 WorkerThread 97: Can't spawn new thread: res = 11
[ERROR:0@27.711] global parallel_impl.cpp:244 WorkerThread 98: Can't spawn new thread: res = 11
[ERROR:0@27.711] global parallel_impl.cpp:244 WorkerThread 99: Can't spawn new thread: res = 11
[ERROR:0@27.711] global parallel_impl.cpp:244 WorkerThread 100: Can't spawn new thread: res = 11
[ERROR:0@27.711] global parallel_impl.cpp:244 WorkerThread 101: Can't spawn new thread: res = 11
[ERROR:0@27.711] global parallel_impl.cpp:244 WorkerThread 102: Can't spawn new thread: res = 11
[ERROR:0@27.711] global parallel_impl.cpp:244 WorkerThread 103: Can't spawn new thread: res = 11
[ERROR:0@27.711] global parallel_impl.cpp:244 WorkerThread 104: Can't spawn new thread: res = 11
[ERROR:0@27.711] global parallel_impl.cpp:244 WorkerThread 105: Can't spawn new thread: res = 11
[ERROR:0@27.711] global parallel_impl.cpp:244 WorkerThread 106: Can't spawn new thread: res = 11
[ERROR:0@27.711] global parallel_impl.cpp:244 WorkerThread 107: Can't spawn new thread: res = 11
[ERROR:0@27.711] global parallel_impl.cpp:244 WorkerThread 108: Can't spawn new thread: res = 11
[ERROR:0@27.711] global parallel_impl.cpp:244 WorkerThread 109: Can't spawn new thread: res = 11
[ERROR:0@27.711] global parallel_impl.cpp:244 WorkerThread 110: Can't spawn new thread: res = 11
[ERROR:0@27.711] global parallel_impl.cpp:244 WorkerThread 111: Can't spawn new thread: res = 11
[ERROR:0@27.711] global parallel_impl.cpp:244 WorkerThread 112: Can't spawn new thread: res = 11
[ERROR:0@27.711] global parallel_impl.cpp:244 WorkerThread 113: Can't spawn new thread: res = 11
[ERROR:0@27.711] global parallel_impl.cpp:244 WorkerThread 114: Can't spawn new thread: res = 11
[ERROR:0@27.711] global parallel_impl.cpp:244 WorkerThread 115: Can't spawn new thread: res = 11
[ERROR:0@27.711] global parallel_impl.cpp:244 WorkerThread 116: Can't spawn new thread: res = 11
[ERROR:0@27.711] global parallel_impl.cpp:244 WorkerThread 117: Can't spawn new thread: res = 11
[ERROR:0@27.711] global parallel_impl.cpp:244 WorkerThread 118: Can't spawn new thread: res = 11
[ERROR:0@27.711] global parallel_impl.cpp:244 WorkerThread 119: Can't spawn new thread: res = 11
[ERROR:0@27.711] global parallel_impl.cpp:244 WorkerThread 120: Can't spawn new thread: res = 11
[ERROR:0@27.711] global parallel_impl.cpp:244 WorkerThread 121: Can't spawn new thread: res = 11
[ERROR:0@27.711] global parallel_impl.cpp:244 WorkerThread 122: Can't spawn new thread: res = 11
[ERROR:0@27.711] global parallel_impl.cpp:244 WorkerThread 123: Can't spawn new thread: res = 11
[ERROR:0@27.711] global parallel_impl.cpp:244 WorkerThread 124: Can't spawn new thread: res = 11
[ERROR:0@27.711] global parallel_impl.cpp:244 WorkerThread 125: Can't spawn new thread: res = 11
[ERROR:0@27.711] global parallel_impl.cpp:244 WorkerThread 126: Can't spawn new thread: res = 11
[ERROR:0@27.668] global parallel_impl.cpp:244 WorkerThread 0: Can't spawn new thread: res = 11
[ERROR:0@27.667] global parallel_impl.cpp:244 WorkerThread 84: Can't spawn new thread: res = 11
[ERROR:0@27.712] global parallel_impl.cpp:244 WorkerThread 1: Can't spawn new thread: res = 11
[ERROR:0@27.712] global parallel_impl.cpp:244 WorkerThread 85: Can't spawn new thread: res = 11
[ERROR:0@27.712] global parallel_impl.cpp:244 WorkerThread 2: Can't spawn new thread: res = 11
[ERROR:0@27.712] global parallel_impl.cpp:244 WorkerThread 3: Can't spawn new thread: res = 11
[ERROR:0@27.712] global parallel_impl.cpp:244 WorkerThread 86: Can't spawn new thread: res = 11
[ERROR:0@27.712] global parallel_impl.cpp:244 WorkerThread 87: Can't spawn new thread: res = 11
[ERROR:0@27.712] global parallel_impl.cpp:244 WorkerThread 88: Can't spawn new thread: res = 11
[ERROR:0@27.712] global parallel_impl.cpp:244 WorkerThread 4: Can't spawn new thread: res = 11
[ERROR:0@27.712] global parallel_impl.cpp:244 WorkerThread 89: Can't spawn new thread: res = 11
[ERROR:0@27.712] global parallel_impl.cpp:244 WorkerThread 90: Can't spawn new thread: res = 11
[ERROR:0@27.712] global parallel_impl.cpp:244 WorkerThread 5: Can't spawn new thread: res = 11
[ERROR:0@27.712] global parallel_impl.cpp:244 WorkerThread 91: Can't spawn new thread: res = 11
[ERROR:0@27.712] global parallel_impl.cpp:244 WorkerThread 92: Can't spawn new thread: res = 11
[ERROR:0@27.712] global parallel_impl.cpp:244 WorkerThread 6: Can't spawn new thread: res = 11
[ERROR:0@27.712] global parallel_impl.cpp:244 WorkerThread 93: Can't spawn new thread: res = 11
[ERROR:0@27.712] global parallel_impl.cpp:244 WorkerThread 7: Can't spawn new thread: res = 11
[ERROR:0@27.712] global parallel_impl.cpp:244 WorkerThread 94: Can't spawn new thread: res = 11
[ERROR:0@27.712] global parallel_impl.cpp:244 WorkerThread 8: Can't spawn new thread: res = 11
[ERROR:0@27.712] global parallel_impl.cpp:244 WorkerThread 95: Can't spawn new thread: res = 11
[ERROR:0@27.712] global parallel_impl.cpp:244 WorkerThread 9: Can't spawn new thread: res = 11
[ERROR:0@27.712] global parallel_impl.cpp:244 WorkerThread 96: Can't spawn new thread: res = 11
[ERROR:0@27.712] global parallel_impl.cpp:244 WorkerThread 10: Can't spawn new thread: res = 11
[ERROR:0@27.712] global parallel_impl.cpp:244 WorkerThread 97: Can't spawn new thread: res = 11
[ERROR:0@27.712] global parallel_impl.cpp:244 WorkerThread 11: Can't spawn new thread: res = 11
[ERROR:0@27.712] global parallel_impl.cpp:244 WorkerThread 12: Can't spawn new thread: res = 11
[ERROR:0@27.712] global parallel_impl.cpp:244 WorkerThread 98: Can't spawn new thread: res = 11
[ERROR:0@27.712] global parallel_impl.cpp:244 WorkerThread 13: Can't spawn new thread: res = 11
[ERROR:0@27.712] global parallel_impl.cpp:244 WorkerThread 99: Can't spawn new thread: res = 11
[ERROR:0@27.712] global parallel_impl.cpp:244 WorkerThread 100: Can't spawn new thread: res = 11
[ERROR:0@27.712] global parallel_impl.cpp:244 WorkerThread 14: Can't spawn new thread: res = 11
[ERROR:0@27.712] global parallel_impl.cpp:244 WorkerThread 101: Can't spawn new thread: res = 11
[ERROR:0@27.712] global parallel_impl.cpp:244 WorkerThread 15: Can't spawn new thread: res = 11
[ERROR:0@27.712] global parallel_impl.cpp:244 WorkerThread 16: Can't spawn new thread: res = 11
[ERROR:0@27.712] global parallel_impl.cpp:244 WorkerThread 102: Can't spawn new thread: res = 11
[ERROR:0@27.712] global parallel_impl.cpp:244 WorkerThread 103: Can't spawn new thread: res = 11
[ERROR:0@27.712] global parallel_impl.cpp:244 WorkerThread 17: Can't spawn new thread: res = 11
[ERROR:0@27.712] global parallel_impl.cpp:244 WorkerThread 104: Can't spawn new thread: res = 11
[ERROR:0@27.712] global parallel_impl.cpp:244 WorkerThread 18: Can't spawn new thread: res = 11
[ERROR:0@27.712] global parallel_impl.cpp:244 WorkerThread 105: Can't spawn new thread: res = 11
[ERROR:0@27.712] global parallel_impl.cpp:244 WorkerThread 19: Can't spawn new thread: res = 11
[ERROR:0@27.712] global parallel_impl.cpp:244 WorkerThread 106: Can't spawn new thread: res = 11
[ERROR:0@27.712] global parallel_impl.cpp:244 WorkerThread 107: Can't spawn new thread: res = 11
[ERROR:0@27.712] global parallel_impl.cpp:244 WorkerThread 20: Can't spawn new thread: res = 11
[ERROR:0@27.712] global parallel_impl.cpp:244 WorkerThread 108: Can't spawn new thread: res = 11
[ERROR:0@27.712] global parallel_impl.cpp:244 WorkerThread 21: Can't spawn new thread: res = 11
[ERROR:0@27.712] global parallel_impl.cpp:244 WorkerThread 109: Can't spawn new thread: res = 11
[ERROR:0@27.712] global parallel_impl.cpp:244 WorkerThread 22: Can't spawn new thread: res = 11
[ERROR:0@27.712] global parallel_impl.cpp:244 WorkerThread 110: Can't spawn new thread: res = 11
[ERROR:0@27.712] global parallel_impl.cpp:244 WorkerThread 23: Can't spawn new thread: res = 11
[ERROR:0@27.712] global parallel_impl.cpp:244 WorkerThread 111: Can't spawn new thread: res = 11
[ERROR:0@27.712] global parallel_impl.cpp:244 WorkerThread 24: Can't spawn new thread: res = 11
[ERROR:0@27.712] global parallel_impl.cpp:244 WorkerThread 112: Can't spawn new thread: res = 11
[ERROR:0@27.712] global parallel_impl.cpp:244 WorkerThread 25: Can't spawn new thread: res = 11
[ERROR:0@27.712] global parallel_impl.cpp:244 WorkerThread 113: Can't spawn new thread: res = 11
[ERROR:0@27.712] global parallel_impl.cpp:244 WorkerThread 26: Can't spawn new thread: res = 11
[ERROR:0@27.712] global parallel_impl.cpp:244 WorkerThread 114: Can't spawn new thread: res = 11
[ERROR:0@27.712] global parallel_impl.cpp:244 WorkerThread 27: Can't spawn new thread: res = 11
[ERROR:0@27.712] global parallel_impl.cpp:244 WorkerThread 115: Can't spawn new thread: res = 11
[ERROR:0@27.712] global parallel_impl.cpp:244 WorkerThread 28: Can't spawn new thread: res = 11
[ERROR:0@27.712] global parallel_impl.cpp:244 WorkerThread 116: Can't spawn new thread: res = 11
[ERROR:0@27.712] global parallel_impl.cpp:244 WorkerThread 29: Can't spawn new thread: res = 11
[ERROR:0@27.712] global parallel_impl.cpp:244 WorkerThread 117: Can't spawn new thread: res = 11
[ERROR:0@27.712] global parallel_impl.cpp:244 WorkerThread 30: Can't spawn new thread: res = 11
[ERROR:0@27.712] global parallel_impl.cpp:244 WorkerThread 118: Can't spawn new thread: res = 11
[ERROR:0@27.712] global parallel_impl.cpp:244 WorkerThread 31: Can't spawn new thread: res = 11
[ERROR:0@27.712] global parallel_impl.cpp:244 WorkerThread 119: Can't spawn new thread: res = 11
[ERROR:0@27.712] global parallel_impl.cpp:244 WorkerThread 120: Can't spawn new thread: res = 11
[ERROR:0@27.712] global parallel_impl.cpp:244 WorkerThread 32: Can't spawn new thread: res = 11
[ERROR:0@27.712] global parallel_impl.cpp:244 WorkerThread 33: Can't spawn new thread: res = 11
[ERROR:0@27.712] global parallel_impl.cpp:244 WorkerThread 121: Can't spawn new thread: res = 11
[ERROR:0@27.712] global parallel_impl.cpp:244 WorkerThread 122: Can't spawn new thread: res = 11
[ERROR:0@27.712] global parallel_impl.cpp:244 WorkerThread 34: Can't spawn new thread: res = 11
[ERROR:0@27.712] global parallel_impl.cpp:244 WorkerThread 123: Can't spawn new thread: res = 11
[ERROR:0@27.712] global parallel_impl.cpp:244 WorkerThread 35: Can't spawn new thread: res = 11
[ERROR:0@27.713] global parallel_impl.cpp:244 WorkerThread 36: Can't spawn new thread: res = 11
[ERROR:0@27.713] global parallel_impl.cpp:244 WorkerThread 124: Can't spawn new thread: res = 11
[ERROR:0@27.713] global parallel_impl.cpp:244 WorkerThread 125: Can't spawn new thread: res = 11
[ERROR:0@27.713] global parallel_impl.cpp:244 WorkerThread 37: Can't spawn new thread: res = 11
[ERROR:0@27.713] global parallel_impl.cpp:244 WorkerThread 38: Can't spawn new thread: res = 11
[ERROR:0@27.713] global parallel_impl.cpp:244 WorkerThread 126: Can't spawn new thread: res = 11
[ERROR:0@27.713] global parallel_impl.cpp:244 WorkerThread 39: Can't spawn new thread: res = 11
[ERROR:0@27.713] global parallel_impl.cpp:244 WorkerThread 40: Can't spawn new thread: res = 11
[ERROR:0@27.713] global parallel_impl.cpp:244 WorkerThread 41: Can't spawn new thread: res = 11
[ERROR:0@27.713] global parallel_impl.cpp:244 WorkerThread 42: Can't spawn new thread: res = 11
[ERROR:0@27.713] global parallel_impl.cpp:244 WorkerThread 43: Can't spawn new thread: res = 11
[ERROR:0@27.713] global parallel_impl.cpp:244 WorkerThread 44: Can't spawn new thread: res = 11
[ERROR:0@27.713] global parallel_impl.cpp:244 WorkerThread 45: Can't spawn new thread: res = 11
[ERROR:0@27.713] global parallel_impl.cpp:244 WorkerThread 46: Can't spawn new thread: res = 11
[ERROR:0@27.713] global parallel_impl.cpp:244 WorkerThread 47: Can't spawn new thread: res = 11
[ERROR:0@27.713] global parallel_impl.cpp:244 WorkerThread 48: Can't spawn new thread: res = 11
[ERROR:0@27.713] global parallel_impl.cpp:244 WorkerThread 49: Can't spawn new thread: res = 11
[ERROR:0@27.713] global parallel_impl.cpp:244 WorkerThread 50: Can't spawn new thread: res = 11
[ERROR:0@27.713] global parallel_impl.cpp:244 WorkerThread 51: Can't spawn new thread: res = 11
[ERROR:0@27.713] global parallel_impl.cpp:244 WorkerThread 52: Can't spawn new thread: res = 11
[ERROR:0@27.713] global parallel_impl.cpp:244 WorkerThread 53: Can't spawn new thread: res = 11
[ERROR:0@27.713] global parallel_impl.cpp:244 WorkerThread 54: Can't spawn new thread: res = 11
[ERROR:0@27.713] global parallel_impl.cpp:244 WorkerThread 55: Can't spawn new thread: res = 11
[ERROR:0@27.713] global parallel_impl.cpp:244 WorkerThread 56: Can't spawn new thread: res = 11
[ERROR:0@27.713] global parallel_impl.cpp:244 WorkerThread 57: Can't spawn new thread: res = 11
[ERROR:0@27.713] global parallel_impl.cpp:244 WorkerThread 58: Can't spawn new thread: res = 11
[ERROR:0@27.713] global parallel_impl.cpp:244 WorkerThread 59: Can't spawn new thread: res = 11
[ERROR:0@27.713] global parallel_impl.cpp:244 WorkerThread 60: Can't spawn new thread: res = 11
[ERROR:0@27.713] global parallel_impl.cpp:244 WorkerThread 61: Can't spawn new thread: res = 11
[ERROR:0@27.713] global parallel_impl.cpp:244 WorkerThread 62: Can't spawn new thread: res = 11
[ERROR:0@27.713] global parallel_impl.cpp:244 WorkerThread 63: Can't spawn new thread: res = 11
[ERROR:0@27.713] global parallel_impl.cpp:244 WorkerThread 64: Can't spawn new thread: res = 11
[ERROR:0@27.713] global parallel_impl.cpp:244 WorkerThread 65: Can't spawn new thread: res = 11
[ERROR:0@27.713] global parallel_impl.cpp:244 WorkerThread 66: Can't spawn new thread: res = 11
[ERROR:0@27.713] global parallel_impl.cpp:244 WorkerThread 67: Can't spawn new thread: res = 11
[ERROR:0@27.713] global parallel_impl.cpp:244 WorkerThread 68: Can't spawn new thread: res = 11
[ERROR:0@27.713] global parallel_impl.cpp:244 WorkerThread 69: Can't spawn new thread: res = 11
[ERROR:0@27.713] global parallel_impl.cpp:244 WorkerThread 70: Can't spawn new thread: res = 11
[ERROR:0@27.713] global parallel_impl.cpp:244 WorkerThread 71: Can't spawn new thread: res = 11
[ERROR:0@27.713] global parallel_impl.cpp:244 WorkerThread 72: Can't spawn new thread: res = 11
[ERROR:0@27.713] global parallel_impl.cpp:244 WorkerThread 73: Can't spawn new thread: res = 11
[ERROR:0@27.713] global parallel_impl.cpp:244 WorkerThread 74: Can't spawn new thread: res = 11
[ERROR:0@27.713] global parallel_impl.cpp:244 WorkerThread 75: Can't spawn new thread: res = 11
[ERROR:0@27.713] global parallel_impl.cpp:244 WorkerThread 76: Can't spawn new thread: res = 11
[ERROR:0@27.713] global parallel_impl.cpp:244 WorkerThread 77: Can't spawn new thread: res = 11
[ERROR:0@27.713] global parallel_impl.cpp:244 WorkerThread 78: Can't spawn new thread: res = 11
[ERROR:0@27.713] global parallel_impl.cpp:244 WorkerThread 79: Can't spawn new thread: res = 11
[ERROR:0@27.713] global parallel_impl.cpp:244 WorkerThread 80: Can't spawn new thread: res = 11
[ERROR:0@27.713] global parallel_impl.cpp:244 WorkerThread 81: Can't spawn new thread: res = 11
[ERROR:0@27.713] global parallel_impl.cpp:244 WorkerThread 82: Can't spawn new thread: res = 11
[ERROR:0@27.713] global parallel_impl.cpp:244 WorkerThread 83: Can't spawn new thread: res = 11
[ERROR:0@27.713] global parallel_impl.cpp:244 WorkerThread 84: Can't spawn new thread: res = 11
[ERROR:0@27.713] global parallel_impl.cpp:244 WorkerThread 85: Can't spawn new thread: res = 11
[ERROR:0@27.713] global parallel_impl.cpp:244 WorkerThread 86: Can't spawn new thread: res = 11
[ERROR:0@27.713] global parallel_impl.cpp:244 WorkerThread 87: Can't spawn new thread: res = 11
[ERROR:0@27.713] global parallel_impl.cpp:244 WorkerThread 88: Can't spawn new thread: res = 11
[ERROR:0@27.713] global parallel_impl.cpp:244 WorkerThread 89: Can't spawn new thread: res = 11
[ERROR:0@27.713] global parallel_impl.cpp:244 WorkerThread 90: Can't spawn new thread: res = 11
[ERROR:0@27.714] global parallel_impl.cpp:244 WorkerThread 91: Can't spawn new thread: res = 11
[ERROR:0@27.714] global parallel_impl.cpp:244 WorkerThread 92: Can't spawn new thread: res = 11
[ERROR:0@27.714] global parallel_impl.cpp:244 WorkerThread 93: Can't spawn new thread: res = 11
[ERROR:0@27.714] global parallel_impl.cpp:244 WorkerThread 94: Can't spawn new thread: res = 11
[ERROR:0@27.714] global parallel_impl.cpp:244 WorkerThread 95: Can't spawn new thread: res = 11
[ERROR:0@27.714] global parallel_impl.cpp:244 WorkerThread 96: Can't spawn new thread: res = 11
[ERROR:0@27.714] global parallel_impl.cpp:244 WorkerThread 97: Can't spawn new thread: res = 11
[ERROR:0@27.714] global parallel_impl.cpp:244 WorkerThread 98: Can't spawn new thread: res = 11
[ERROR:0@27.714] global parallel_impl.cpp:244 WorkerThread 99: Can't spawn new thread: res = 11
[ERROR:0@27.714] global parallel_impl.cpp:244 WorkerThread 100: Can't spawn new thread: res = 11
[ERROR:0@27.714] global parallel_impl.cpp:244 WorkerThread 101: Can't spawn new thread: res = 11
[ERROR:0@27.714] global parallel_impl.cpp:244 WorkerThread 102: Can't spawn new thread: res = 11
[ERROR:0@27.714] global parallel_impl.cpp:244 WorkerThread 103: Can't spawn new thread: res = 11
[ERROR:0@27.714] global parallel_impl.cpp:244 WorkerThread 104: Can't spawn new thread: res = 11
[ERROR:0@27.714] global parallel_impl.cpp:244 WorkerThread 105: Can't spawn new thread: res = 11
[ERROR:0@27.714] global parallel_impl.cpp:244 WorkerThread 106: Can't spawn new thread: res = 11
[ERROR:0@27.714] global parallel_impl.cpp:244 WorkerThread 107: Can't spawn new thread: res = 11
[ERROR:0@27.714] global parallel_impl.cpp:244 WorkerThread 108: Can't spawn new thread: res = 11
[ERROR:0@27.714] global parallel_impl.cpp:244 WorkerThread 109: Can't spawn new thread: res = 11
[ERROR:0@27.714] global parallel_impl.cpp:244 WorkerThread 110: Can't spawn new thread: res = 11
[ERROR:0@27.714] global parallel_impl.cpp:244 WorkerThread 111: Can't spawn new thread: res = 11
[ERROR:0@27.714] global parallel_impl.cpp:244 WorkerThread 112: Can't spawn new thread: res = 11
[ERROR:0@27.714] global parallel_impl.cpp:244 WorkerThread 113: Can't spawn new thread: res = 11
[ERROR:0@27.714] global parallel_impl.cpp:244 WorkerThread 114: Can't spawn new thread: res = 11
[ERROR:0@27.714] global parallel_impl.cpp:244 WorkerThread 115: Can't spawn new thread: res = 11
[ERROR:0@27.714] global parallel_impl.cpp:244 WorkerThread 116: Can't spawn new thread: res = 11
[ERROR:0@27.714] global parallel_impl.cpp:244 WorkerThread 117: Can't spawn new thread: res = 11
[ERROR:0@27.714] global parallel_impl.cpp:244 WorkerThread 118: Can't spawn new thread: res = 11
[ERROR:0@27.714] global parallel_impl.cpp:244 WorkerThread 119: Can't spawn new thread: res = 11
[ERROR:0@27.714] global parallel_impl.cpp:244 WorkerThread 120: Can't spawn new thread: res = 11
[ERROR:0@27.714] global parallel_impl.cpp:244 WorkerThread 121: Can't spawn new thread: res = 11
[ERROR:0@27.714] global parallel_impl.cpp:244 WorkerThread 122: Can't spawn new thread: res = 11
[ERROR:0@27.714] global parallel_impl.cpp:244 WorkerThread 123: Can't spawn new thread: res = 11
[ERROR:0@27.714] global parallel_impl.cpp:244 WorkerThread 124: Can't spawn new thread: res = 11
[ERROR:0@27.714] global parallel_impl.cpp:244 WorkerThread 125: Can't spawn new thread: res = 11
[ERROR:0@27.714] global parallel_impl.cpp:244 WorkerThread 126: Can't spawn new thread: res = 11
[ERROR:0@27.669] global parallel_impl.cpp:244 WorkerThread 0: Can't spawn new thread: res = 11
[ERROR:0@27.669] global parallel_impl.cpp:244 WorkerThread 26: Can't spawn new thread: res = 11
[ERROR:0@27.669] global parallel_impl.cpp:244 WorkerThread 0: Can't spawn new thread: res = 11
[ERROR:0@27.670] global parallel_impl.cpp:244 WorkerThread 56: Can't spawn new thread: res = 11
[ERROR:0@27.670] global parallel_impl.cpp:244 WorkerThread 48: Can't spawn new thread: res = 11
[ERROR:0@27.724] global parallel_impl.cpp:244 WorkerThread 1: Can't spawn new thread: res = 11
[ERROR:0@27.667] global parallel_impl.cpp:244 WorkerThread 123: Can't spawn new thread: res = 11
[ERROR:0@27.724] global parallel_impl.cpp:244 WorkerThread 2: Can't spawn new thread: res = 11
[ERROR:0@27.724] global parallel_impl.cpp:244 WorkerThread 1: Can't spawn new thread: res = 11
[ERROR:0@27.724] global parallel_impl.cpp:244 WorkerThread 27: Can't spawn new thread: res = 11
[ERROR:0@27.672] global parallel_impl.cpp:244 WorkerThread 112: Can't spawn new thread: res = 11
[ERROR:0@27.724] global parallel_impl.cpp:244 WorkerThread 3: Can't spawn new thread: res = 11
[ERROR:0@27.724] global parallel_impl.cpp:244 WorkerThread 28: Can't spawn new thread: res = 11
[ERROR:0@27.724] global parallel_impl.cpp:244 WorkerThread 2: Can't spawn new thread: res = 11
[ERROR:0@27.724] global parallel_impl.cpp:244 WorkerThread 57: Can't spawn new thread: res = 11
[ERROR:0@27.724] global parallel_impl.cpp:244 WorkerThread 3: Can't spawn new thread: res = 11
[ERROR:0@27.724] global parallel_impl.cpp:244 WorkerThread 29: Can't spawn new thread: res = 11
[ERROR:0@27.724] global parallel_impl.cpp:244 WorkerThread 58: Can't spawn new thread: res = 11
[ERROR:0@27.724] global parallel_impl.cpp:244 WorkerThread 30: Can't spawn new thread: res = 11
[ERROR:0@27.724] global parallel_impl.cpp:244 WorkerThread 4: Can't spawn new thread: res = 11
[ERROR:0@27.724] global parallel_impl.cpp:244 WorkerThread 4: Can't spawn new thread: res = 11
[ERROR:0@27.724] global parallel_impl.cpp:244 WorkerThread 59: Can't spawn new thread: res = 11
[ERROR:0@27.724] global parallel_impl.cpp:244 WorkerThread 31: Can't spawn new thread: res = 11
[ERROR:0@27.724] global parallel_impl.cpp:244 WorkerThread 49: Can't spawn new thread: res = 11
[ERROR:0@27.724] global parallel_impl.cpp:244 WorkerThread 5: Can't spawn new thread: res = 11
[ERROR:0@27.724] global parallel_impl.cpp:244 WorkerThread 32: Can't spawn new thread: res = 11
[ERROR:0@27.724] global parallel_impl.cpp:244 WorkerThread 60: Can't spawn new thread: res = 11
[ERROR:0@27.724] global parallel_impl.cpp:244 WorkerThread 124: Can't spawn new thread: res = 11
[ERROR:0@27.724] global parallel_impl.cpp:244 WorkerThread 5: Can't spawn new thread: res = 11
[ERROR:0@27.724] global parallel_impl.cpp:244 WorkerThread 50: Can't spawn new thread: res = 11
[ERROR:0@27.724] global parallel_impl.cpp:244 WorkerThread 61: Can't spawn new thread: res = 11
[ERROR:0@27.724] global parallel_impl.cpp:244 WorkerThread 6: Can't spawn new thread: res = 11
[ERROR:0@27.724] global parallel_impl.cpp:244 WorkerThread 33: Can't spawn new thread: res = 11
[ERROR:0@27.724] global parallel_impl.cpp:244 WorkerThread 125: Can't spawn new thread: res = 11
[ERROR:0@27.724] global parallel_impl.cpp:244 WorkerThread 51: Can't spawn new thread: res = 11
[ERROR:0@27.724] global parallel_impl.cpp:244 WorkerThread 62: Can't spawn new thread: res = 11
[ERROR:0@27.724] global parallel_impl.cpp:244 WorkerThread 7: Can't spawn new thread: res = 11
[ERROR:0@27.724] global parallel_impl.cpp:244 WorkerThread 34: Can't spawn new thread: res = 11
[ERROR:0@27.724] global parallel_impl.cpp:244 WorkerThread 6: Can't spawn new thread: res = 11
[ERROR:0@27.724] global parallel_impl.cpp:244 WorkerThread 126: Can't spawn new thread: res = 11
[ERROR:0@27.724] global parallel_impl.cpp:244 WorkerThread 52: Can't spawn new thread: res = 11
[ERROR:0@27.724] global parallel_impl.cpp:244 WorkerThread 63: Can't spawn new thread: res = 11
[ERROR:0@27.724] global parallel_impl.cpp:244 WorkerThread 8: Can't spawn new thread: res = 11
[ERROR:0@27.724] global parallel_impl.cpp:244 WorkerThread 35: Can't spawn new thread: res = 11
[ERROR:0@27.724] global parallel_impl.cpp:244 WorkerThread 7: Can't spawn new thread: res = 11
[ERROR:0@27.724] global parallel_impl.cpp:244 WorkerThread 53: Can't spawn new thread: res = 11
[ERROR:0@27.724] global parallel_impl.cpp:244 WorkerThread 113: Can't spawn new thread: res = 11
[ERROR:0@27.724] global parallel_impl.cpp:244 WorkerThread 64: Can't spawn new thread: res = 11
[ERROR:0@27.724] global parallel_impl.cpp:244 WorkerThread 36: Can't spawn new thread: res = 11
[ERROR:0@27.724] global parallel_impl.cpp:244 WorkerThread 9: Can't spawn new thread: res = 11
[ERROR:0@27.724] global parallel_impl.cpp:244 WorkerThread 8: Can't spawn new thread: res = 11
[ERROR:0@27.724] global parallel_impl.cpp:244 WorkerThread 54: Can't spawn new thread: res = 11
[ERROR:0@27.724] global parallel_impl.cpp:244 WorkerThread 65: Can't spawn new thread: res = 11
[ERROR:0@27.724] global parallel_impl.cpp:244 WorkerThread 37: Can't spawn new thread: res = 11
[ERROR:0@27.724] global parallel_impl.cpp:244 WorkerThread 10: Can't spawn new thread: res = 11
[ERROR:0@27.724] global parallel_impl.cpp:244 WorkerThread 114: Can't spawn new thread: res = 11
[ERROR:0@27.724] global parallel_impl.cpp:244 WorkerThread 9: Can't spawn new thread: res = 11
[ERROR:0@27.724] global parallel_impl.cpp:244 WorkerThread 66: Can't spawn new thread: res = 11
[ERROR:0@27.724] global parallel_impl.cpp:244 WorkerThread 38: Can't spawn new thread: res = 11
[ERROR:0@27.724] global parallel_impl.cpp:244 WorkerThread 11: Can't spawn new thread: res = 11
[ERROR:0@27.724] global parallel_impl.cpp:244 WorkerThread 55: Can't spawn new thread: res = 11
[ERROR:0@27.724] global parallel_impl.cpp:244 WorkerThread 67: Can't spawn new thread: res = 11
[ERROR:0@27.724] global parallel_impl.cpp:244 WorkerThread 12: Can't spawn new thread: res = 11
[ERROR:0@27.724] global parallel_impl.cpp:244 WorkerThread 39: Can't spawn new thread: res = 11
[ERROR:0@27.724] global parallel_impl.cpp:244 WorkerThread 10: Can't spawn new thread: res = 11
[ERROR:0@27.724] global parallel_impl.cpp:244 WorkerThread 115: Can't spawn new thread: res = 11
[ERROR:0@27.724] global parallel_impl.cpp:244 WorkerThread 56: Can't spawn new thread: res = 11
[ERROR:0@27.724] global parallel_impl.cpp:244 WorkerThread 13: Can't spawn new thread: res = 11
[ERROR:0@27.724] global parallel_impl.cpp:244 WorkerThread 40: Can't spawn new thread: res = 11
[ERROR:0@27.724] global parallel_impl.cpp:244 WorkerThread 68: Can't spawn new thread: res = 11
[ERROR:0@27.724] global parallel_impl.cpp:244 WorkerThread 116: Can't spawn new thread: res = 11
[ERROR:0@27.724] global parallel_impl.cpp:244 WorkerThread 57: Can't spawn new thread: res = 11
[ERROR:0@27.724] global parallel_impl.cpp:244 WorkerThread 11: Can't spawn new thread: res = 11
[ERROR:0@27.724] global parallel_impl.cpp:244 WorkerThread 14: Can't spawn new thread: res = 11
[ERROR:0@27.724] global parallel_impl.cpp:244 WorkerThread 41: Can't spawn new thread: res = 11
[ERROR:0@27.724] global parallel_impl.cpp:244 WorkerThread 69: Can't spawn new thread: res = 11
[ERROR:0@27.724] global parallel_impl.cpp:244 WorkerThread 117: Can't spawn new thread: res = 11
[ERROR:0@27.724] global parallel_impl.cpp:244 WorkerThread 12: Can't spawn new thread: res = 11
[ERROR:0@27.724] global parallel_impl.cpp:244 WorkerThread 58: Can't spawn new thread: res = 11
[ERROR:0@27.724] global parallel_impl.cpp:244 WorkerThread 15: Can't spawn new thread: res = 11
[ERROR:0@27.724] global parallel_impl.cpp:244 WorkerThread 42: Can't spawn new thread: res = 11
[ERROR:0@27.724] global parallel_impl.cpp:244 WorkerThread 70: Can't spawn new thread: res = 11
[ERROR:0@27.724] global parallel_impl.cpp:244 WorkerThread 16: Can't spawn new thread: res = 11
[ERROR:0@27.724] global parallel_impl.cpp:244 WorkerThread 71: Can't spawn new thread: res = 11
[ERROR:0@27.724] global parallel_impl.cpp:244 WorkerThread 118: Can't spawn new thread: res = 11
[ERROR:0@27.724] global parallel_impl.cpp:244 WorkerThread 13: Can't spawn new thread: res = 11
[ERROR:0@27.724] global parallel_impl.cpp:244 WorkerThread 43: Can't spawn new thread: res = 11
[ERROR:0@27.724] global parallel_impl.cpp:244 WorkerThread 17: Can't spawn new thread: res = 11
[ERROR:0@27.724] global parallel_impl.cpp:244 WorkerThread 72: Can't spawn new thread: res = 11
[ERROR:0@27.724] global parallel_impl.cpp:244 WorkerThread 59: Can't spawn new thread: res = 11
[ERROR:0@27.724] global parallel_impl.cpp:244 WorkerThread 44: Can't spawn new thread: res = 11
[ERROR:0@27.724] global parallel_impl.cpp:244 WorkerThread 18: Can't spawn new thread: res = 11
[ERROR:0@27.724] global parallel_impl.cpp:244 WorkerThread 73: Can't spawn new thread: res = 11
[ERROR:0@27.724] global parallel_impl.cpp:244 WorkerThread 45: Can't spawn new thread: res = 11
[ERROR:0@27.724] global parallel_impl.cpp:244 WorkerThread 119: Can't spawn new thread: res = 11
[ERROR:0@27.724] global parallel_impl.cpp:244 WorkerThread 60: Can't spawn new thread: res = 11
[ERROR:0@27.724] global parallel_impl.cpp:244 WorkerThread 14: Can't spawn new thread: res = 11
[ERROR:0@27.724] global parallel_impl.cpp:244 WorkerThread 74: Can't spawn new thread: res = 11
[ERROR:0@27.724] global parallel_impl.cpp:244 WorkerThread 19: Can't spawn new thread: res = 11
[ERROR:0@27.724] global parallel_impl.cpp:244 WorkerThread 46: Can't spawn new thread: res = 11
[ERROR:0@27.724] global parallel_impl.cpp:244 WorkerThread 61: Can't spawn new thread: res = 11
[ERROR:0@27.724] global parallel_impl.cpp:244 WorkerThread 75: Can't spawn new thread: res = 11
[ERROR:0@27.724] global parallel_impl.cpp:244 WorkerThread 15: Can't spawn new thread: res = 11
[ERROR:0@27.724] global parallel_impl.cpp:244 WorkerThread 20: Can't spawn new thread: res = 11
[ERROR:0@27.724] global parallel_impl.cpp:244 WorkerThread 47: Can't spawn new thread: res = 11
[ERROR:0@27.724] global parallel_impl.cpp:244 WorkerThread 120: Can't spawn new thread: res = 11
[ERROR:0@27.724] global parallel_impl.cpp:244 WorkerThread 62: Can't spawn new thread: res = 11
[ERROR:0@27.724] global parallel_impl.cpp:244 WorkerThread 76: Can't spawn new thread: res = 11
[ERROR:0@27.724] global parallel_impl.cpp:244 WorkerThread 21: Can't spawn new thread: res = 11
[ERROR:0@27.724] global parallel_impl.cpp:244 WorkerThread 16: Can't spawn new thread: res = 11
[ERROR:0@27.724] global parallel_impl.cpp:244 WorkerThread 48: Can't spawn new thread: res = 11
[ERROR:0@27.724] global parallel_impl.cpp:244 WorkerThread 63: Can't spawn new thread: res = 11
[ERROR:0@27.724] global parallel_impl.cpp:244 WorkerThread 77: Can't spawn new thread: res = 11
[ERROR:0@27.724] global parallel_impl.cpp:244 WorkerThread 22: Can't spawn new thread: res = 11
[ERROR:0@27.724] global parallel_impl.cpp:244 WorkerThread 121: Can't spawn new thread: res = 11
[ERROR:0@27.724] global parallel_impl.cpp:244 WorkerThread 17: Can't spawn new thread: res = 11
[ERROR:0@27.724] global parallel_impl.cpp:244 WorkerThread 49: Can't spawn new thread: res = 11
[ERROR:0@27.724] global parallel_impl.cpp:244 WorkerThread 78: Can't spawn new thread: res = 11
[ERROR:0@27.724] global parallel_impl.cpp:244 WorkerThread 23: Can't spawn new thread: res = 11
[ERROR:0@27.724] global parallel_impl.cpp:244 WorkerThread 122: Can't spawn new thread: res = 11
[ERROR:0@27.724] global parallel_impl.cpp:244 WorkerThread 18: Can't spawn new thread: res = 11
[ERROR:0@27.724] global parallel_impl.cpp:244 WorkerThread 64: Can't spawn new thread: res = 11
[ERROR:0@27.724] global parallel_impl.cpp:244 WorkerThread 50: Can't spawn new thread: res = 11
[ERROR:0@27.724] global parallel_impl.cpp:244 WorkerThread 79: Can't spawn new thread: res = 11
[ERROR:0@27.724] global parallel_impl.cpp:244 WorkerThread 24: Can't spawn new thread: res = 11
[ERROR:0@27.724] global parallel_impl.cpp:244 WorkerThread 123: Can't spawn new thread: res = 11
[ERROR:0@27.724] global parallel_impl.cpp:244 WorkerThread 51: Can't spawn new thread: res = 11
[ERROR:0@27.724] global parallel_impl.cpp:244 WorkerThread 80: Can't spawn new thread: res = 11
[ERROR:0@27.724] global parallel_impl.cpp:244 WorkerThread 65: Can't spawn new thread: res = 11
[ERROR:0@27.724] global parallel_impl.cpp:244 WorkerThread 19: Can't spawn new thread: res = 11
[ERROR:0@27.724] global parallel_impl.cpp:244 WorkerThread 25: Can't spawn new thread: res = 11
[ERROR:0@27.724] global parallel_impl.cpp:244 WorkerThread 52: Can't spawn new thread: res = 11
[ERROR:0@27.724] global parallel_impl.cpp:244 WorkerThread 124: Can't spawn new thread: res = 11
[ERROR:0@27.724] global parallel_impl.cpp:244 WorkerThread 81: Can't spawn new thread: res = 11
[ERROR:0@27.724] global parallel_impl.cpp:244 WorkerThread 66: Can't spawn new thread: res = 11
[ERROR:0@27.724] global parallel_impl.cpp:244 WorkerThread 26: Can't spawn new thread: res = 11
[ERROR:0@27.724] global parallel_impl.cpp:244 WorkerThread 20: Can't spawn new thread: res = 11
[ERROR:0@27.724] global parallel_impl.cpp:244 WorkerThread 82: Can't spawn new thread: res = 11
[ERROR:0@27.724] global parallel_impl.cpp:244 WorkerThread 53: Can't spawn new thread: res = 11
[ERROR:0@27.724] global parallel_impl.cpp:244 WorkerThread 27: Can't spawn new thread: res = 11
[ERROR:0@27.724] global parallel_impl.cpp:244 WorkerThread 125: Can't spawn new thread: res = 11
[ERROR:0@27.724] global parallel_impl.cpp:244 WorkerThread 21: Can't spawn new thread: res = 11
[ERROR:0@27.724] global parallel_impl.cpp:244 WorkerThread 83: Can't spawn new thread: res = 11
[ERROR:0@27.724] global parallel_impl.cpp:244 WorkerThread 54: Can't spawn new thread: res = 11
[ERROR:0@27.724] global parallel_impl.cpp:244 WorkerThread 67: Can't spawn new thread: res = 11
[ERROR:0@27.674] global parallel_impl.cpp:244 WorkerThread 60: Can't spawn new thread: res = 11
[ERROR:0@27.724] global parallel_impl.cpp:244 WorkerThread 28: Can't spawn new thread: res = 11
[ERROR:0@27.724] global parallel_impl.cpp:244 WorkerThread 126: Can't spawn new thread: res = 11
[ERROR:0@27.724] global parallel_impl.cpp:244 WorkerThread 22: Can't spawn new thread: res = 11
[ERROR:0@27.724] global parallel_impl.cpp:244 WorkerThread 84: Can't spawn new thread: res = 11
[ERROR:0@27.724] global parallel_impl.cpp:244 WorkerThread 55: Can't spawn new thread: res = 11
[ERROR:0@27.724] global parallel_impl.cpp:244 WorkerThread 68: Can't spawn new thread: res = 11
[ERROR:0@27.674] global parallel_impl.cpp:244 WorkerThread 66: Can't spawn new thread: res = 11
[ERROR:0@27.724] global parallel_impl.cpp:244 WorkerThread 29: Can't spawn new thread: res = 11
[ERROR:0@27.724] global parallel_impl.cpp:244 WorkerThread 56: Can't spawn new thread: res = 11
[ERROR:0@27.724] global parallel_impl.cpp:244 WorkerThread 85: Can't spawn new thread: res = 11
[ERROR:0@27.724] global parallel_impl.cpp:244 WorkerThread 23: Can't spawn new thread: res = 11
[ERROR:0@27.724] global parallel_impl.cpp:244 WorkerThread 69: Can't spawn new thread: res = 11
[ERROR:0@27.724] global parallel_impl.cpp:244 WorkerThread 30: Can't spawn new thread: res = 11
[ERROR:0@27.676] global parallel_impl.cpp:244 WorkerThread 51: Can't spawn new thread: res = 11
[ERROR:0@27.724] global parallel_impl.cpp:244 WorkerThread 86: Can't spawn new thread: res = 11
[ERROR:0@27.724] global parallel_impl.cpp:244 WorkerThread 57: Can't spawn new thread: res = 11
[ERROR:0@27.724] global parallel_impl.cpp:244 WorkerThread 70: Can't spawn new thread: res = 11
[ERROR:0@27.724] global parallel_impl.cpp:244 WorkerThread 31: Can't spawn new thread: res = 11
[ERROR:0@27.679] global parallel_impl.cpp:244 WorkerThread 40: Can't spawn new thread: res = 11
[ERROR:0@27.724] global parallel_impl.cpp:244 WorkerThread 24: Can't spawn new thread: res = 11
[ERROR:0@27.724] global parallel_impl.cpp:244 WorkerThread 87: Can't spawn new thread: res = 11
[ERROR:0@27.724] global parallel_impl.cpp:244 WorkerThread 32: Can't spawn new thread: res = 11
[ERROR:0@27.724] global parallel_impl.cpp:244 WorkerThread 71: Can't spawn new thread: res = 11
[ERROR:0@27.681] global parallel_impl.cpp:244 WorkerThread 71: Can't spawn new thread: res = 11
[ERROR:0@27.724] global parallel_impl.cpp:244 WorkerThread 58: Can't spawn new thread: res = 11
[ERROR:0@27.724] global parallel_impl.cpp:244 WorkerThread 88: Can't spawn new thread: res = 11
[ERROR:0@27.724] global parallel_impl.cpp:244 WorkerThread 33: Can't spawn new thread: res = 11
[ERROR:0@27.724] global parallel_impl.cpp:244 WorkerThread 25: Can't spawn new thread: res = 11
[ERROR:0@27.684] global parallel_impl.cpp:244 WorkerThread 73: Can't spawn new thread: res = 11
[ERROR:0@27.724] global parallel_impl.cpp:244 WorkerThread 59: Can't spawn new thread: res = 11
[ERROR:0@27.724] global parallel_impl.cpp:244 WorkerThread 89: Can't spawn new thread: res = 11
[ERROR:0@27.724] global parallel_impl.cpp:244 WorkerThread 72: Can't spawn new thread: res = 11
[ERROR:0@27.724] global parallel_impl.cpp:244 WorkerThread 61: Can't spawn new thread: res = 11
[ERROR:0@27.724] global parallel_impl.cpp:244 WorkerThread 67: Can't spawn new thread: res = 11
[ERROR:0@27.665] global parallel_impl.cpp:244 WorkerThread 88: Can't spawn new thread: res = 11
[ERROR:0@27.724] global parallel_impl.cpp:244 WorkerThread 34: Can't spawn new thread: res = 11
[ERROR:0@27.724] global parallel_impl.cpp:244 WorkerThread 26: Can't spawn new thread: res = 11
[ERROR:0@27.724] global parallel_impl.cpp:244 WorkerThread 60: Can't spawn new thread: res = 11
[ERROR:0@27.724] global parallel_impl.cpp:244 WorkerThread 90: Can't spawn new thread: res = 11
[ERROR:0@27.724] global parallel_impl.cpp:244 WorkerThread 52: Can't spawn new thread: res = 11
[ERROR:0@27.724] global parallel_impl.cpp:244 WorkerThread 73: Can't spawn new thread: res = 11
[ERROR:0@27.688] global parallel_impl.cpp:244 WorkerThread 98: Can't spawn new thread: res = 11
[ERROR:0@27.724] global parallel_impl.cpp:244 WorkerThread 62: Can't spawn new thread: res = 11
[ERROR:0@27.724] global parallel_impl.cpp:244 WorkerThread 91: Can't spawn new thread: res = 11
[ERROR:0@27.724] global parallel_impl.cpp:244 WorkerThread 61: Can't spawn new thread: res = 11
[ERROR:0@27.724] global parallel_impl.cpp:244 WorkerThread 68: Can't spawn new thread: res = 11
[ERROR:0@27.724] global parallel_impl.cpp:244 WorkerThread 35: Can't spawn new thread: res = 11
[ERROR:0@27.724] global parallel_impl.cpp:244 WorkerThread 41: Can't spawn new thread: res = 11
[ERROR:0@27.724] global parallel_impl.cpp:244 WorkerThread 74: Can't spawn new thread: res = 11
[ERROR:0@27.667] global parallel_impl.cpp:244 WorkerThread 95: Can't spawn new thread: res = 11
[ERROR:0@27.724] global parallel_impl.cpp:244 WorkerThread 27: Can't spawn new thread: res = 11
[ERROR:0@27.724] global parallel_impl.cpp:244 WorkerThread 53: Can't spawn new thread: res = 11
[ERROR:0@27.724] global parallel_impl.cpp:244 WorkerThread 74: Can't spawn new thread: res = 11
[ERROR:0@27.724] global parallel_impl.cpp:244 WorkerThread 72: Can't spawn new thread: res = 11
[ERROR:0@27.724] global parallel_impl.cpp:244 WorkerThread 36: Can't spawn new thread: res = 11
[ERROR:0@27.690] global parallel_impl.cpp:244 WorkerThread 71: Can't spawn new thread: res = 11
[ERROR:0@27.724] global parallel_impl.cpp:244 WorkerThread 62: Can't spawn new thread: res = 11
[ERROR:0@27.724] global parallel_impl.cpp:244 WorkerThread 69: Can't spawn new thread: res = 11
[ERROR:0@27.724] global parallel_impl.cpp:244 WorkerThread 92: Can't spawn new thread: res = 11
[ERROR:0@27.724] global parallel_impl.cpp:244 WorkerThread 63: Can't spawn new thread: res = 11
[ERROR:0@27.724] global parallel_impl.cpp:244 WorkerThread 42: Can't spawn new thread: res = 11
[ERROR:0@27.724] global parallel_impl.cpp:244 WorkerThread 75: Can't spawn new thread: res = 11
[ERROR:0@27.724] global parallel_impl.cpp:244 WorkerThread 28: Can't spawn new thread: res = 11
[ERROR:0@27.724] global parallel_impl.cpp:244 WorkerThread 54: Can't spawn new thread: res = 11
[ERROR:0@27.724] global parallel_impl.cpp:244 WorkerThread 75: Can't spawn new thread: res = 11
[ERROR:0@27.724] global parallel_impl.cpp:244 WorkerThread 37: Can't spawn new thread: res = 11
[ERROR:0@27.724] global parallel_impl.cpp:244 WorkerThread 73: Can't spawn new thread: res = 11
[ERROR:0@27.724] global parallel_impl.cpp:244 WorkerThread 89: Can't spawn new thread: res = 11
[ERROR:0@27.724] global parallel_impl.cpp:244 WorkerThread 70: Can't spawn new thread: res = 11
[ERROR:0@27.724] global parallel_impl.cpp:244 WorkerThread 93: Can't spawn new thread: res = 11
[ERROR:0@27.724] global parallel_impl.cpp:244 WorkerThread 63: Can't spawn new thread: res = 11
[ERROR:0@27.724] global parallel_impl.cpp:244 WorkerThread 64: Can't spawn new thread: res = 11
[ERROR:0@27.724] global parallel_impl.cpp:244 WorkerThread 43: Can't spawn new thread: res = 11
[ERROR:0@27.724] global parallel_impl.cpp:244 WorkerThread 76: Can't spawn new thread: res = 11
[ERROR:0@27.724] global parallel_impl.cpp:244 WorkerThread 38: Can't spawn new thread: res = 11
[ERROR:0@27.724] global parallel_impl.cpp:244 WorkerThread 55: Can't spawn new thread: res = 11
[ERROR:0@27.724] global parallel_impl.cpp:244 WorkerThread 29: Can't spawn new thread: res = 11
[ERROR:0@27.724] global parallel_impl.cpp:244 WorkerThread 72: Can't spawn new thread: res = 11
[ERROR:0@27.724] global parallel_impl.cpp:244 WorkerThread 76: Can't spawn new thread: res = 11
[ERROR:0@27.724] global parallel_impl.cpp:244 WorkerThread 99: Can't spawn new thread: res = 11
[ERROR:0@27.724] global parallel_impl.cpp:244 WorkerThread 71: Can't spawn new thread: res = 11
[ERROR:0@27.724] global parallel_impl.cpp:244 WorkerThread 74: Can't spawn new thread: res = 11
[ERROR:0@27.725] global parallel_impl.cpp:244 WorkerThread 94: Can't spawn new thread: res = 11
[ERROR:0@27.724] global parallel_impl.cpp:244 WorkerThread 64: Can't spawn new thread: res = 11
[ERROR:0@27.724] global parallel_impl.cpp:244 WorkerThread 96: Can't spawn new thread: res = 11
[ERROR:0@27.725] global parallel_impl.cpp:244 WorkerThread 56: Can't spawn new thread: res = 11
[ERROR:0@27.724] global parallel_impl.cpp:244 WorkerThread 90: Can't spawn new thread: res = 11
[ERROR:0@27.725] global parallel_impl.cpp:244 WorkerThread 44: Can't spawn new thread: res = 11
[ERROR:0@27.725] global parallel_impl.cpp:244 WorkerThread 65: Can't spawn new thread: res = 11
[ERROR:0@27.725] global parallel_impl.cpp:244 WorkerThread 39: Can't spawn new thread: res = 11
[ERROR:0@27.725] global parallel_impl.cpp:244 WorkerThread 77: Can't spawn new thread: res = 11
[ERROR:0@27.725] global parallel_impl.cpp:244 WorkerThread 30: Can't spawn new thread: res = 11
[ERROR:0@27.725] global parallel_impl.cpp:244 WorkerThread 73: Can't spawn new thread: res = 11
[ERROR:0@27.725] global parallel_impl.cpp:244 WorkerThread 77: Can't spawn new thread: res = 11
[ERROR:0@27.725] global parallel_impl.cpp:244 WorkerThread 100: Can't spawn new thread: res = 11
[ERROR:0@27.725] global parallel_impl.cpp:244 WorkerThread 72: Can't spawn new thread: res = 11
[ERROR:0@27.725] global parallel_impl.cpp:244 WorkerThread 65: Can't spawn new thread: res = 11
[ERROR:0@27.725] global parallel_impl.cpp:244 WorkerThread 57: Can't spawn new thread: res = 11
[ERROR:0@27.725] global parallel_impl.cpp:244 WorkerThread 75: Can't spawn new thread: res = 11
[ERROR:0@27.725] global parallel_impl.cpp:244 WorkerThread 95: Can't spawn new thread: res = 11
[ERROR:0@27.725] global parallel_impl.cpp:244 WorkerThread 45: Can't spawn new thread: res = 11
[ERROR:0@27.725] global parallel_impl.cpp:244 WorkerThread 97: Can't spawn new thread: res = 11
[ERROR:0@27.725] global parallel_impl.cpp:244 WorkerThread 40: Can't spawn new thread: res = 11
[ERROR:0@27.725] global parallel_impl.cpp:244 WorkerThread 66: Can't spawn new thread: res = 11
[ERROR:0@27.725] global parallel_impl.cpp:244 WorkerThread 78: Can't spawn new thread: res = 11
[ERROR:0@27.725] global parallel_impl.cpp:244 WorkerThread 91: Can't spawn new thread: res = 11
[ERROR:0@27.725] global parallel_impl.cpp:244 WorkerThread 58: Can't spawn new thread: res = 11
[ERROR:0@27.725] global parallel_impl.cpp:244 WorkerThread 78: Can't spawn new thread: res = 11
[ERROR:0@27.725] global parallel_impl.cpp:244 WorkerThread 101: Can't spawn new thread: res = 11
[ERROR:0@27.725] global parallel_impl.cpp:244 WorkerThread 31: Can't spawn new thread: res = 11
[ERROR:0@27.725] global parallel_impl.cpp:244 WorkerThread 76: Can't spawn new thread: res = 11
[ERROR:0@27.725] global parallel_impl.cpp:244 WorkerThread 73: Can't spawn new thread: res = 11
[ERROR:0@27.725] global parallel_impl.cpp:244 WorkerThread 96: Can't spawn new thread: res = 11
[ERROR:0@27.725] global parallel_impl.cpp:244 WorkerThread 66: Can't spawn new thread: res = 11
[ERROR:0@27.725] global parallel_impl.cpp:244 WorkerThread 74: Can't spawn new thread: res = 11
[ERROR:0@27.725] global parallel_impl.cpp:244 WorkerThread 46: Can't spawn new thread: res = 11
[ERROR:0@27.725] global parallel_impl.cpp:244 WorkerThread 67: Can't spawn new thread: res = 11
[ERROR:0@27.725] global parallel_impl.cpp:244 WorkerThread 41: Can't spawn new thread: res = 11
[ERROR:0@27.725] global parallel_impl.cpp:244 WorkerThread 79: Can't spawn new thread: res = 11
[ERROR:0@27.725] global parallel_impl.cpp:244 WorkerThread 98: Can't spawn new thread: res = 11
[ERROR:0@27.725] global parallel_impl.cpp:244 WorkerThread 59: Can't spawn new thread: res = 11
[ERROR:0@27.725] global parallel_impl.cpp:244 WorkerThread 102: Can't spawn new thread: res = 11
[ERROR:0@27.725] global parallel_impl.cpp:244 WorkerThread 92: Can't spawn new thread: res = 11
[ERROR:0@27.725] global parallel_impl.cpp:244 WorkerThread 79: Can't spawn new thread: res = 11
[ERROR:0@27.725] global parallel_impl.cpp:244 WorkerThread 32: Can't spawn new thread: res = 11
[ERROR:0@27.725] global parallel_impl.cpp:244 WorkerThread 77: Can't spawn new thread: res = 11
[ERROR:0@27.725] global parallel_impl.cpp:244 WorkerThread 74: Can't spawn new thread: res = 11
[ERROR:0@27.725] global parallel_impl.cpp:244 WorkerThread 97: Can't spawn new thread: res = 11
[ERROR:0@27.725] global parallel_impl.cpp:244 WorkerThread 60: Can't spawn new thread: res = 11
[ERROR:0@27.725] global parallel_impl.cpp:244 WorkerThread 67: Can't spawn new thread: res = 11
[ERROR:0@27.725] global parallel_impl.cpp:244 WorkerThread 47: Can't spawn new thread: res = 11
[ERROR:0@27.725] global parallel_impl.cpp:244 WorkerThread 75: Can't spawn new thread: res = 11
[ERROR:0@27.725] global parallel_impl.cpp:244 WorkerThread 68: Can't spawn new thread: res = 11
[ERROR:0@27.725] global parallel_impl.cpp:244 WorkerThread 42: Can't spawn new thread: res = 11
[ERROR:0@27.725] global parallel_impl.cpp:244 WorkerThread 80: Can't spawn new thread: res = 11
[ERROR:0@27.725] global parallel_impl.cpp:244 WorkerThread 103: Can't spawn new thread: res = 11
[ERROR:0@27.725] global parallel_impl.cpp:244 WorkerThread 99: Can't spawn new thread: res = 11
[ERROR:0@27.725] global parallel_impl.cpp:244 WorkerThread 93: Can't spawn new thread: res = 11
[ERROR:0@27.725] global parallel_impl.cpp:244 WorkerThread 80: Can't spawn new thread: res = 11
[ERROR:0@27.725] global parallel_impl.cpp:244 WorkerThread 33: Can't spawn new thread: res = 11
[ERROR:0@27.725] global parallel_impl.cpp:244 WorkerThread 78: Can't spawn new thread: res = 11
[ERROR:0@27.725] global parallel_impl.cpp:244 WorkerThread 98: Can't spawn new thread: res = 11
[ERROR:0@27.725] global parallel_impl.cpp:244 WorkerThread 75: Can't spawn new thread: res = 11
[ERROR:0@27.725] global parallel_impl.cpp:244 WorkerThread 61: Can't spawn new thread: res = 11
[ERROR:0@27.725] global parallel_impl.cpp:244 WorkerThread 48: Can't spawn new thread: res = 11
[ERROR:0@27.725] global parallel_impl.cpp:244 WorkerThread 69: Can't spawn new thread: res = 11
[ERROR:0@27.725] global parallel_impl.cpp:244 WorkerThread 43: Can't spawn new thread: res = 11
[ERROR:0@27.725] global parallel_impl.cpp:244 WorkerThread 68: Can't spawn new thread: res = 11
[ERROR:0@27.725] global parallel_impl.cpp:244 WorkerThread 81: Can't spawn new thread: res = 11
[ERROR:0@27.725] global parallel_impl.cpp:244 WorkerThread 76: Can't spawn new thread: res = 11
[ERROR:0@27.725] global parallel_impl.cpp:244 WorkerThread 104: Can't spawn new thread: res = 11
[ERROR:0@27.725] global parallel_impl.cpp:244 WorkerThread 100: Can't spawn new thread: res = 11
[ERROR:0@27.725] global parallel_impl.cpp:244 WorkerThread 94: Can't spawn new thread: res = 11
[ERROR:0@27.725] global parallel_impl.cpp:244 WorkerThread 76: Can't spawn new thread: res = 11
[ERROR:0@27.725] global parallel_impl.cpp:244 WorkerThread 79: Can't spawn new thread: res = 11
[ERROR:0@27.725] global parallel_impl.cpp:244 WorkerThread 62: Can't spawn new thread: res = 11
[ERROR:0@27.725] global parallel_impl.cpp:244 WorkerThread 49: Can't spawn new thread: res = 11
[ERROR:0@27.725] global parallel_impl.cpp:244 WorkerThread 81: Can't spawn new thread: res = 11
[ERROR:0@27.725] global parallel_impl.cpp:244 WorkerThread 99: Can't spawn new thread: res = 11
[ERROR:0@27.725] global parallel_impl.cpp:244 WorkerThread 70: Can't spawn new thread: res = 11
[ERROR:0@27.725] global parallel_impl.cpp:244 WorkerThread 95: Can't spawn new thread: res = 11
[ERROR:0@27.725] global parallel_impl.cpp:244 WorkerThread 34: Can't spawn new thread: res = 11
[ERROR:0@27.725] global parallel_impl.cpp:244 WorkerThread 69: Can't spawn new thread: res = 11
[ERROR:0@27.725] global parallel_impl.cpp:244 WorkerThread 105: Can't spawn new thread: res = 11
[ERROR:0@27.725] global parallel_impl.cpp:244 WorkerThread 82: Can't spawn new thread: res = 11
[ERROR:0@27.725] global parallel_impl.cpp:244 WorkerThread 44: Can't spawn new thread: res = 11
[ERROR:0@27.725] global parallel_impl.cpp:244 WorkerThread 77: Can't spawn new thread: res = 11
[ERROR:0@27.725] global parallel_impl.cpp:244 WorkerThread 71: Can't spawn new thread: res = 11
[ERROR:0@27.725] global parallel_impl.cpp:244 WorkerThread 101: Can't spawn new thread: res = 11
[ERROR:0@27.725] global parallel_impl.cpp:244 WorkerThread 77: Can't spawn new thread: res = 11
[ERROR:0@27.725] global parallel_impl.cpp:244 WorkerThread 63: Can't spawn new thread: res = 11
[ERROR:0@27.725] global parallel_impl.cpp:244 WorkerThread 50: Can't spawn new thread: res = 11
[ERROR:0@27.725] global parallel_impl.cpp:244 WorkerThread 80: Can't spawn new thread: res = 11
[ERROR:0@27.725] global parallel_impl.cpp:244 WorkerThread 45: Can't spawn new thread: res = 11
[ERROR:0@27.725] global parallel_impl.cpp:244 WorkerThread 82: Can't spawn new thread: res = 11
[ERROR:0@27.725] global parallel_impl.cpp:244 WorkerThread 100: Can't spawn new thread: res = 11
[ERROR:0@27.725] global parallel_impl.cpp:244 WorkerThread 96: Can't spawn new thread: res = 11
[ERROR:0@27.725] global parallel_impl.cpp:244 WorkerThread 70: Can't spawn new thread: res = 11
[ERROR:0@27.725] global parallel_impl.cpp:244 WorkerThread 35: Can't spawn new thread: res = 11
[ERROR:0@27.725] global parallel_impl.cpp:244 WorkerThread 106: Can't spawn new thread: res = 11
[ERROR:0@27.725] global parallel_impl.cpp:244 WorkerThread 83: Can't spawn new thread: res = 11
[ERROR:0@27.725] global parallel_impl.cpp:244 WorkerThread 72: Can't spawn new thread: res = 11
[ERROR:0@27.725] global parallel_impl.cpp:244 WorkerThread 78: Can't spawn new thread: res = 11
[ERROR:0@27.725] global parallel_impl.cpp:244 WorkerThread 64: Can't spawn new thread: res = 11
[ERROR:0@27.725] global parallel_impl.cpp:244 WorkerThread 51: Can't spawn new thread: res = 11
[ERROR:0@27.725] global parallel_impl.cpp:244 WorkerThread 81: Can't spawn new thread: res = 11
[ERROR:0@27.725] global parallel_impl.cpp:244 WorkerThread 78: Can't spawn new thread: res = 11
[ERROR:0@27.725] global parallel_impl.cpp:244 WorkerThread 83: Can't spawn new thread: res = 11
[ERROR:0@27.725] global parallel_impl.cpp:244 WorkerThread 102: Can't spawn new thread: res = 11
[ERROR:0@27.725] global parallel_impl.cpp:244 WorkerThread 46: Can't spawn new thread: res = 11
[ERROR:0@27.725] global parallel_impl.cpp:244 WorkerThread 107: Can't spawn new thread: res = 11
[ERROR:0@27.725] global parallel_impl.cpp:244 WorkerThread 97: Can't spawn new thread: res = 11
[ERROR:0@27.725] global parallel_impl.cpp:244 WorkerThread 36: Can't spawn new thread: res = 11
[ERROR:0@27.725] global parallel_impl.cpp:244 WorkerThread 71: Can't spawn new thread: res = 11
[ERROR:0@27.725] global parallel_impl.cpp:244 WorkerThread 101: Can't spawn new thread: res = 11
[ERROR:0@27.725] global parallel_impl.cpp:244 WorkerThread 73: Can't spawn new thread: res = 11
[ERROR:0@27.725] global parallel_impl.cpp:244 WorkerThread 52: Can't spawn new thread: res = 11
[ERROR:0@27.725] global parallel_impl.cpp:244 WorkerThread 79: Can't spawn new thread: res = 11
[ERROR:0@27.725] global parallel_impl.cpp:244 WorkerThread 82: Can't spawn new thread: res = 11
[ERROR:0@27.725] global parallel_impl.cpp:244 WorkerThread 84: Can't spawn new thread: res = 11
[ERROR:0@27.725] global parallel_impl.cpp:244 WorkerThread 79: Can't spawn new thread: res = 11
[ERROR:0@27.725] global parallel_impl.cpp:244 WorkerThread 65: Can't spawn new thread: res = 11
[ERROR:0@27.725] global parallel_impl.cpp:244 WorkerThread 103: Can't spawn new thread: res = 11
[ERROR:0@27.725] global parallel_impl.cpp:244 WorkerThread 47: Can't spawn new thread: res = 11
[ERROR:0@27.725] global parallel_impl.cpp:244 WorkerThread 72: Can't spawn new thread: res = 11
[ERROR:0@27.725] global parallel_impl.cpp:244 WorkerThread 108: Can't spawn new thread: res = 11
[ERROR:0@27.725] global parallel_impl.cpp:244 WorkerThread 84: Can't spawn new thread: res = 11
[ERROR:0@27.725] global parallel_impl.cpp:244 WorkerThread 98: Can't spawn new thread: res = 11
[ERROR:0@27.725] global parallel_impl.cpp:244 WorkerThread 53: Can't spawn new thread: res = 11
[ERROR:0@27.725] global parallel_impl.cpp:244 WorkerThread 37: Can't spawn new thread: res = 11
[ERROR:0@27.725] global parallel_impl.cpp:244 WorkerThread 102: Can't spawn new thread: res = 11
[ERROR:0@27.725] global parallel_impl.cpp:244 WorkerThread 80: Can't spawn new thread: res = 11
[ERROR:0@27.725] global parallel_impl.cpp:244 WorkerThread 85: Can't spawn new thread: res = 11
[ERROR:0@27.725] global parallel_impl.cpp:244 WorkerThread 48: Can't spawn new thread: res = 11
[ERROR:0@27.725] global parallel_impl.cpp:244 WorkerThread 74: Can't spawn new thread: res = 11
[ERROR:0@27.725] global parallel_impl.cpp:244 WorkerThread 83: Can't spawn new thread: res = 11
[ERROR:0@27.725] global parallel_impl.cpp:244 WorkerThread 66: Can't spawn new thread: res = 11
[ERROR:0@27.725] global parallel_impl.cpp:244 WorkerThread 109: Can't spawn new thread: res = 11
[ERROR:0@27.725] global parallel_impl.cpp:244 WorkerThread 104: Can't spawn new thread: res = 11
[ERROR:0@27.725] global parallel_impl.cpp:244 WorkerThread 80: Can't spawn new thread: res = 11
[ERROR:0@27.725] global parallel_impl.cpp:244 WorkerThread 103: Can't spawn new thread: res = 11
[ERROR:0@27.725] global parallel_impl.cpp:244 WorkerThread 73: Can't spawn new thread: res = 11
[ERROR:0@27.725] global parallel_impl.cpp:244 WorkerThread 54: Can't spawn new thread: res = 11
[ERROR:0@27.725] global parallel_impl.cpp:244 WorkerThread 85: Can't spawn new thread: res = 11
[ERROR:0@27.725] global parallel_impl.cpp:244 WorkerThread 38: Can't spawn new thread: res = 11
[ERROR:0@27.725] global parallel_impl.cpp:244 WorkerThread 99: Can't spawn new thread: res = 11
[ERROR:0@27.725] global parallel_impl.cpp:244 WorkerThread 86: Can't spawn new thread: res = 11
[ERROR:0@27.725] global parallel_impl.cpp:244 WorkerThread 81: Can't spawn new thread: res = 11
[ERROR:0@27.725] global parallel_impl.cpp:244 WorkerThread 75: Can't spawn new thread: res = 11
[ERROR:0@27.725] global parallel_impl.cpp:244 WorkerThread 67: Can't spawn new thread: res = 11
[ERROR:0@27.725] global parallel_impl.cpp:244 WorkerThread 49: Can't spawn new thread: res = 11
[ERROR:0@27.725] global parallel_impl.cpp:244 WorkerThread 84: Can't spawn new thread: res = 11
[ERROR:0@27.725] global parallel_impl.cpp:244 WorkerThread 105: Can't spawn new thread: res = 11
[ERROR:0@27.725] global parallel_impl.cpp:244 WorkerThread 104: Can't spawn new thread: res = 11
[ERROR:0@27.725] global parallel_impl.cpp:244 WorkerThread 55: Can't spawn new thread: res = 11
[ERROR:0@27.725] global parallel_impl.cpp:244 WorkerThread 74: Can't spawn new thread: res = 11
[ERROR:0@27.725] global parallel_impl.cpp:244 WorkerThread 110: Can't spawn new thread: res = 11
[ERROR:0@27.725] global parallel_impl.cpp:244 WorkerThread 81: Can't spawn new thread: res = 11
[ERROR:0@27.725] global parallel_impl.cpp:244 WorkerThread 100: Can't spawn new thread: res = 11
[ERROR:0@27.725] global parallel_impl.cpp:244 WorkerThread 86: Can't spawn new thread: res = 11
[ERROR:0@27.725] global parallel_impl.cpp:244 WorkerThread 39: Can't spawn new thread: res = 11
[ERROR:0@27.725] global parallel_impl.cpp:244 WorkerThread 68: Can't spawn new thread: res = 11
[ERROR:0@27.725] global parallel_impl.cpp:244 WorkerThread 82: Can't spawn new thread: res = 11
[ERROR:0@27.725] global parallel_impl.cpp:244 WorkerThread 87: Can't spawn new thread: res = 11
[ERROR:0@27.725] global parallel_impl.cpp:244 WorkerThread 76: Can't spawn new thread: res = 11
[ERROR:0@27.725] global parallel_impl.cpp:244 WorkerThread 50: Can't spawn new thread: res = 11
[ERROR:0@27.725] global parallel_impl.cpp:244 WorkerThread 105: Can't spawn new thread: res = 11
[ERROR:0@27.725] global parallel_impl.cpp:244 WorkerThread 56: Can't spawn new thread: res = 11
[ERROR:0@27.725] global parallel_impl.cpp:244 WorkerThread 69: Can't spawn new thread: res = 11
[ERROR:0@27.725] global parallel_impl.cpp:244 WorkerThread 85: Can't spawn new thread: res = 11
[ERROR:0@27.725] global parallel_impl.cpp:244 WorkerThread 75: Can't spawn new thread: res = 11
[ERROR:0@27.725] global parallel_impl.cpp:244 WorkerThread 106: Can't spawn new thread: res = 11
[ERROR:0@27.725] global parallel_impl.cpp:244 WorkerThread 111: Can't spawn new thread: res = 11
[ERROR:0@27.725] global parallel_impl.cpp:244 WorkerThread 82: Can't spawn new thread: res = 11
[ERROR:0@27.725] global parallel_impl.cpp:244 WorkerThread 101: Can't spawn new thread: res = 11
[ERROR:0@27.725] global parallel_impl.cpp:244 WorkerThread 40: Can't spawn new thread: res = 11
[ERROR:0@27.725] global parallel_impl.cpp:244 WorkerThread 51: Can't spawn new thread: res = 11
[ERROR:0@27.725] global parallel_impl.cpp:244 WorkerThread 87: Can't spawn new thread: res = 11
[ERROR:0@27.725] global parallel_impl.cpp:244 WorkerThread 83: Can't spawn new thread: res = 11
[ERROR:0@27.725] global parallel_impl.cpp:244 WorkerThread 88: Can't spawn new thread: res = 11
[ERROR:0@27.725] global parallel_impl.cpp:244 WorkerThread 86: Can't spawn new thread: res = 11
[ERROR:0@27.725] global parallel_impl.cpp:244 WorkerThread 77: Can't spawn new thread: res = 11
[ERROR:0@27.725] global parallel_impl.cpp:244 WorkerThread 106: Can't spawn new thread: res = 11
[ERROR:0@27.725] global parallel_impl.cpp:244 WorkerThread 57: Can't spawn new thread: res = 11
[ERROR:0@27.725] global parallel_impl.cpp:244 WorkerThread 70: Can't spawn new thread: res = 11
[ERROR:0@27.725] global parallel_impl.cpp:244 WorkerThread 76: Can't spawn new thread: res = 11
[ERROR:0@27.725] global parallel_impl.cpp:244 WorkerThread 112: Can't spawn new thread: res = 11
[ERROR:0@27.725] global parallel_impl.cpp:244 WorkerThread 107: Can't spawn new thread: res = 11
[ERROR:0@27.725] global parallel_impl.cpp:244 WorkerThread 83: Can't spawn new thread: res = 11
[ERROR:0@27.725] global parallel_impl.cpp:244 WorkerThread 52: Can't spawn new thread: res = 11
[ERROR:0@27.725] global parallel_impl.cpp:244 WorkerThread 41: Can't spawn new thread: res = 11
[ERROR:0@27.725] global parallel_impl.cpp:244 WorkerThread 84: Can't spawn new thread: res = 11
[ERROR:0@27.725] global parallel_impl.cpp:244 WorkerThread 89: Can't spawn new thread: res = 11
[ERROR:0@27.725] global parallel_impl.cpp:244 WorkerThread 102: Can't spawn new thread: res = 11
[ERROR:0@27.725] global parallel_impl.cpp:244 WorkerThread 78: Can't spawn new thread: res = 11
[ERROR:0@27.725] global parallel_impl.cpp:244 WorkerThread 87: Can't spawn new thread: res = 11
[ERROR:0@27.725] global parallel_impl.cpp:244 WorkerThread 107: Can't spawn new thread: res = 11
[ERROR:0@27.725] global parallel_impl.cpp:244 WorkerThread 71: Can't spawn new thread: res = 11
[ERROR:0@27.725] global parallel_impl.cpp:244 WorkerThread 88: Can't spawn new thread: res = 11
[ERROR:0@27.725] global parallel_impl.cpp:244 WorkerThread 58: Can't spawn new thread: res = 11
[ERROR:0@27.725] global parallel_impl.cpp:244 WorkerThread 77: Can't spawn new thread: res = 11
[ERROR:0@27.725] global parallel_impl.cpp:244 WorkerThread 113: Can't spawn new thread: res = 11
[ERROR:0@27.725] global parallel_impl.cpp:244 WorkerThread 85: Can't spawn new thread: res = 11
[ERROR:0@27.725] global parallel_impl.cpp:244 WorkerThread 53: Can't spawn new thread: res = 11
[ERROR:0@27.725] global parallel_impl.cpp:244 WorkerThread 108: Can't spawn new thread: res = 11
[ERROR:0@27.725] global parallel_impl.cpp:244 WorkerThread 84: Can't spawn new thread: res = 11
[ERROR:0@27.725] global parallel_impl.cpp:244 WorkerThread 42: Can't spawn new thread: res = 11
[ERROR:0@27.725] global parallel_impl.cpp:244 WorkerThread 103: Can't spawn new thread: res = 11
[ERROR:0@27.725] global parallel_impl.cpp:244 WorkerThread 90: Can't spawn new thread: res = 11
[ERROR:0@27.725] global parallel_impl.cpp:244 WorkerThread 72: Can't spawn new thread: res = 11
[ERROR:0@27.725] global parallel_impl.cpp:244 WorkerThread 79: Can't spawn new thread: res = 11
[ERROR:0@27.725] global parallel_impl.cpp:244 WorkerThread 85: Can't spawn new thread: res = 11
[ERROR:0@27.725] global parallel_impl.cpp:244 WorkerThread 88: Can't spawn new thread: res = 11
[ERROR:0@27.725] global parallel_impl.cpp:244 WorkerThread 108: Can't spawn new thread: res = 11
[ERROR:0@27.725] global parallel_impl.cpp:244 WorkerThread 59: Can't spawn new thread: res = 11
[ERROR:0@27.725] global parallel_impl.cpp:244 WorkerThread 114: Can't spawn new thread: res = 11
[ERROR:0@27.725] global parallel_impl.cpp:244 WorkerThread 78: Can't spawn new thread: res = 11
[ERROR:0@27.725] global parallel_impl.cpp:244 WorkerThread 89: Can't spawn new thread: res = 11
[ERROR:0@27.725] global parallel_impl.cpp:244 WorkerThread 86: Can't spawn new thread: res = 11
[ERROR:0@27.725] global parallel_impl.cpp:244 WorkerThread 54: Can't spawn new thread: res = 11
[ERROR:0@27.725] global parallel_impl.cpp:244 WorkerThread 109: Can't spawn new thread: res = 11
[ERROR:0@27.725] global parallel_impl.cpp:244 WorkerThread 43: Can't spawn new thread: res = 11
[ERROR:0@27.725] global parallel_impl.cpp:244 WorkerThread 73: Can't spawn new thread: res = 11
[ERROR:0@27.725] global parallel_impl.cpp:244 WorkerThread 104: Can't spawn new thread: res = 11
[ERROR:0@27.725] global parallel_impl.cpp:244 WorkerThread 91: Can't spawn new thread: res = 11
[ERROR:0@27.725] global parallel_impl.cpp:244 WorkerThread 80: Can't spawn new thread: res = 11
[ERROR:0@27.725] global parallel_impl.cpp:244 WorkerThread 89: Can't spawn new thread: res = 11
[ERROR:0@27.725] global parallel_impl.cpp:244 WorkerThread 86: Can't spawn new thread: res = 11
[ERROR:0@27.725] global parallel_impl.cpp:244 WorkerThread 109: Can't spawn new thread: res = 11
[ERROR:0@27.725] global parallel_impl.cpp:244 WorkerThread 60: Can't spawn new thread: res = 11
[ERROR:0@27.725] global parallel_impl.cpp:244 WorkerThread 115: Can't spawn new thread: res = 11
[ERROR:0@27.725] global parallel_impl.cpp:244 WorkerThread 55: Can't spawn new thread: res = 11
[ERROR:0@27.725] global parallel_impl.cpp:244 WorkerThread 79: Can't spawn new thread: res = 11
[ERROR:0@27.725] global parallel_impl.cpp:244 WorkerThread 90: Can't spawn new thread: res = 11
[ERROR:0@27.725] global parallel_impl.cpp:244 WorkerThread 87: Can't spawn new thread: res = 11
[ERROR:0@27.725] global parallel_impl.cpp:244 WorkerThread 110: Can't spawn new thread: res = 11
[ERROR:0@27.725] global parallel_impl.cpp:244 WorkerThread 74: Can't spawn new thread: res = 11
[ERROR:0@27.725] global parallel_impl.cpp:244 WorkerThread 105: Can't spawn new thread: res = 11
[ERROR:0@27.725] global parallel_impl.cpp:244 WorkerThread 92: Can't spawn new thread: res = 11
[ERROR:0@27.725] global parallel_impl.cpp:244 WorkerThread 87: Can't spawn new thread: res = 11
[ERROR:0@27.725] global parallel_impl.cpp:244 WorkerThread 81: Can't spawn new thread: res = 11
[ERROR:0@27.725] global parallel_impl.cpp:244 WorkerThread 90: Can't spawn new thread: res = 11
[ERROR:0@27.725] global parallel_impl.cpp:244 WorkerThread 110: Can't spawn new thread: res = 11
[ERROR:0@27.725] global parallel_impl.cpp:244 WorkerThread 61: Can't spawn new thread: res = 11
[ERROR:0@27.725] global parallel_impl.cpp:244 WorkerThread 44: Can't spawn new thread: res = 11
[ERROR:0@27.725] global parallel_impl.cpp:244 WorkerThread 116: Can't spawn new thread: res = 11
[ERROR:0@27.725] global parallel_impl.cpp:244 WorkerThread 56: Can't spawn new thread: res = 11
[ERROR:0@27.725] global parallel_impl.cpp:244 WorkerThread 80: Can't spawn new thread: res = 11
[ERROR:0@27.725] global parallel_impl.cpp:244 WorkerThread 91: Can't spawn new thread: res = 11
[ERROR:0@27.725] global parallel_impl.cpp:244 WorkerThread 62: Can't spawn new thread: res = 11
[ERROR:0@27.725] global parallel_impl.cpp:244 WorkerThread 75: Can't spawn new thread: res = 11
[ERROR:0@27.725] global parallel_impl.cpp:244 WorkerThread 88: Can't spawn new thread: res = 11
[ERROR:0@27.725] global parallel_impl.cpp:244 WorkerThread 93: Can't spawn new thread: res = 11
[ERROR:0@27.725] global parallel_impl.cpp:244 WorkerThread 111: Can't spawn new thread: res = 11
[ERROR:0@27.725] global parallel_impl.cpp:244 WorkerThread 106: Can't spawn new thread: res = 11
[ERROR:0@27.725] global parallel_impl.cpp:244 WorkerThread 82: Can't spawn new thread: res = 11
[ERROR:0@27.725] global parallel_impl.cpp:244 WorkerThread 88: Can't spawn new thread: res = 11
[ERROR:0@27.725] global parallel_impl.cpp:244 WorkerThread 91: Can't spawn new thread: res = 11
[ERROR:0@27.725] global parallel_impl.cpp:244 WorkerThread 111: Can't spawn new thread: res = 11
[ERROR:0@27.725] global parallel_impl.cpp:244 WorkerThread 45: Can't spawn new thread: res = 11
[ERROR:0@27.725] global parallel_impl.cpp:244 WorkerThread 117: Can't spawn new thread: res = 11
[ERROR:0@27.725] global parallel_impl.cpp:244 WorkerThread 57: Can't spawn new thread: res = 11
[ERROR:0@27.725] global parallel_impl.cpp:244 WorkerThread 81: Can't spawn new thread: res = 11
[ERROR:0@27.725] global parallel_impl.cpp:244 WorkerThread 63: Can't spawn new thread: res = 11
[ERROR:0@27.725] global parallel_impl.cpp:244 WorkerThread 83: Can't spawn new thread: res = 11
[ERROR:0@27.725] global parallel_impl.cpp:244 WorkerThread 92: Can't spawn new thread: res = 11
[ERROR:0@27.725] global parallel_impl.cpp:244 WorkerThread 76: Can't spawn new thread: res = 11
[ERROR:0@27.725] global parallel_impl.cpp:244 WorkerThread 89: Can't spawn new thread: res = 11
[ERROR:0@27.725] global parallel_impl.cpp:244 WorkerThread 94: Can't spawn new thread: res = 11
[ERROR:0@27.725] global parallel_impl.cpp:244 WorkerThread 112: Can't spawn new thread: res = 11
[ERROR:0@27.725] global parallel_impl.cpp:244 WorkerThread 92: Can't spawn new thread: res = 11
[ERROR:0@27.725] global parallel_impl.cpp:244 WorkerThread 89: Can't spawn new thread: res = 11
[ERROR:0@27.725] global parallel_impl.cpp:244 WorkerThread 112: Can't spawn new thread: res = 11
[ERROR:0@27.725] global parallel_impl.cpp:244 WorkerThread 82: Can't spawn new thread: res = 11
[ERROR:0@27.725] global parallel_impl.cpp:244 WorkerThread 107: Can't spawn new thread: res = 11
[ERROR:0@27.725] global parallel_impl.cpp:244 WorkerThread 46: Can't spawn new thread: res = 11
[ERROR:0@27.725] global parallel_impl.cpp:244 WorkerThread 58: Can't spawn new thread: res = 11
[ERROR:0@27.725] global parallel_impl.cpp:244 WorkerThread 64: Can't spawn new thread: res = 11
[ERROR:0@27.725] global parallel_impl.cpp:244 WorkerThread 77: Can't spawn new thread: res = 11
[ERROR:0@27.725] global parallel_impl.cpp:244 WorkerThread 118: Can't spawn new thread: res = 11
[ERROR:0@27.725] global parallel_impl.cpp:244 WorkerThread 90: Can't spawn new thread: res = 11
[ERROR:0@27.725] global parallel_impl.cpp:244 WorkerThread 84: Can't spawn new thread: res = 11
[ERROR:0@27.725] global parallel_impl.cpp:244 WorkerThread 93: Can't spawn new thread: res = 11
[ERROR:0@27.725] global parallel_impl.cpp:244 WorkerThread 95: Can't spawn new thread: res = 11
[ERROR:0@27.725] global parallel_impl.cpp:244 WorkerThread 113: Can't spawn new thread: res = 11
[ERROR:0@27.725] global parallel_impl.cpp:244 WorkerThread 90: Can't spawn new thread: res = 11
[ERROR:0@27.725] global parallel_impl.cpp:244 WorkerThread 113: Can't spawn new thread: res = 11
[ERROR:0@27.725] global parallel_impl.cpp:244 WorkerThread 83: Can't spawn new thread: res = 11
[ERROR:0@27.725] global parallel_impl.cpp:244 WorkerThread 93: Can't spawn new thread: res = 11
[ERROR:0@27.725] global parallel_impl.cpp:244 WorkerThread 108: Can't spawn new thread: res = 11
[ERROR:0@27.725] global parallel_impl.cpp:244 WorkerThread 47: Can't spawn new thread: res = 11
[ERROR:0@27.725] global parallel_impl.cpp:244 WorkerThread 65: Can't spawn new thread: res = 11
[ERROR:0@27.725] global parallel_impl.cpp:244 WorkerThread 119: Can't spawn new thread: res = 11
[ERROR:0@27.725] global parallel_impl.cpp:244 WorkerThread 78: Can't spawn new thread: res = 11
[ERROR:0@27.725] global parallel_impl.cpp:244 WorkerThread 91: Can't spawn new thread: res = 11
[ERROR:0@27.725] global parallel_impl.cpp:244 WorkerThread 59: Can't spawn new thread: res = 11
[ERROR:0@27.725] global parallel_impl.cpp:244 WorkerThread 85: Can't spawn new thread: res = 11
[ERROR:0@27.725] global parallel_impl.cpp:244 WorkerThread 96: Can't spawn new thread: res = 11
[ERROR:0@27.725] global parallel_impl.cpp:244 WorkerThread 94: Can't spawn new thread: res = 11
[ERROR:0@27.725] global parallel_impl.cpp:244 WorkerThread 114: Can't spawn new thread: res = 11
[ERROR:0@27.725] global parallel_impl.cpp:244 WorkerThread 84: Can't spawn new thread: res = 11
[ERROR:0@27.725] global parallel_impl.cpp:244 WorkerThread 114: Can't spawn new thread: res = 11
[ERROR:0@27.725] global parallel_impl.cpp:244 WorkerThread 91: Can't spawn new thread: res = 11
[ERROR:0@27.725] global parallel_impl.cpp:244 WorkerThread 109: Can't spawn new thread: res = 11
[ERROR:0@27.725] global parallel_impl.cpp:244 WorkerThread 120: Can't spawn new thread: res = 11
[ERROR:0@27.725] global parallel_impl.cpp:244 WorkerThread 48: Can't spawn new thread: res = 11
[ERROR:0@27.725] global parallel_impl.cpp:244 WorkerThread 94: Can't spawn new thread: res = 11
[ERROR:0@27.725] global parallel_impl.cpp:244 WorkerThread 66: Can't spawn new thread: res = 11
[ERROR:0@27.725] global parallel_impl.cpp:244 WorkerThread 79: Can't spawn new thread: res = 11
[ERROR:0@27.725] global parallel_impl.cpp:244 WorkerThread 92: Can't spawn new thread: res = 11
[ERROR:0@27.725] global parallel_impl.cpp:244 WorkerThread 60: Can't spawn new thread: res = 11
[ERROR:0@27.725] global parallel_impl.cpp:244 WorkerThread 86: Can't spawn new thread: res = 11
[ERROR:0@27.725] global parallel_impl.cpp:244 WorkerThread 95: Can't spawn new thread: res = 11
[ERROR:0@27.725] global parallel_impl.cpp:244 WorkerThread 85: Can't spawn new thread: res = 11
[ERROR:0@27.725] global parallel_impl.cpp:244 WorkerThread 115: Can't spawn new thread: res = 11
[ERROR:0@27.725] global parallel_impl.cpp:244 WorkerThread 97: Can't spawn new thread: res = 11
[ERROR:0@27.725] global parallel_impl.cpp:244 WorkerThread 92: Can't spawn new thread: res = 11
[ERROR:0@27.725] global parallel_impl.cpp:244 WorkerThread 110: Can't spawn new thread: res = 11
[ERROR:0@27.725] global parallel_impl.cpp:244 WorkerThread 121: Can't spawn new thread: res = 11
[ERROR:0@27.725] global parallel_impl.cpp:244 WorkerThread 115: Can't spawn new thread: res = 11
[ERROR:0@27.725] global parallel_impl.cpp:244 WorkerThread 67: Can't spawn new thread: res = 11
[ERROR:0@27.725] global parallel_impl.cpp:244 WorkerThread 95: Can't spawn new thread: res = 11
[ERROR:0@27.725] global parallel_impl.cpp:244 WorkerThread 80: Can't spawn new thread: res = 11
[ERROR:0@27.725] global parallel_impl.cpp:244 WorkerThread 49: Can't spawn new thread: res = 11
[ERROR:0@27.725] global parallel_impl.cpp:244 WorkerThread 93: Can't spawn new thread: res = 11
[ERROR:0@27.725] global parallel_impl.cpp:244 WorkerThread 61: Can't spawn new thread: res = 11
[ERROR:0@27.726] global parallel_impl.cpp:244 WorkerThread 87: Can't spawn new thread: res = 11
[ERROR:0@27.726] global parallel_impl.cpp:244 WorkerThread 96: Can't spawn new thread: res = 11
[ERROR:0@27.726] global parallel_impl.cpp:244 WorkerThread 98: Can't spawn new thread: res = 11
[ERROR:0@27.726] global parallel_impl.cpp:244 WorkerThread 116: Can't spawn new thread: res = 11
[ERROR:0@27.726] global parallel_impl.cpp:244 WorkerThread 86: Can't spawn new thread: res = 11
[ERROR:0@27.726] global parallel_impl.cpp:244 WorkerThread 93: Can't spawn new thread: res = 11
[ERROR:0@27.726] global parallel_impl.cpp:244 WorkerThread 50: Can't spawn new thread: res = 11
[ERROR:0@27.725] global parallel_impl.cpp:244 WorkerThread 111: Can't spawn new thread: res = 11
[ERROR:0@27.726] global parallel_impl.cpp:244 WorkerThread 122: Can't spawn new thread: res = 11
[ERROR:0@27.726] global parallel_impl.cpp:244 WorkerThread 81: Can't spawn new thread: res = 11
[ERROR:0@27.726] global parallel_impl.cpp:244 WorkerThread 68: Can't spawn new thread: res = 11
[ERROR:0@27.726] global parallel_impl.cpp:244 WorkerThread 96: Can't spawn new thread: res = 11
[ERROR:0@27.726] global parallel_impl.cpp:244 WorkerThread 116: Can't spawn new thread: res = 11
[ERROR:0@27.726] global parallel_impl.cpp:244 WorkerThread 88: Can't spawn new thread: res = 11
[ERROR:0@27.726] global parallel_impl.cpp:244 WorkerThread 94: Can't spawn new thread: res = 11
[ERROR:0@27.726] global parallel_impl.cpp:244 WorkerThread 62: Can't spawn new thread: res = 11
[ERROR:0@27.726] global parallel_impl.cpp:244 WorkerThread 97: Can't spawn new thread: res = 11
[ERROR:0@27.726] global parallel_impl.cpp:244 WorkerThread 117: Can't spawn new thread: res = 11
[ERROR:0@27.726] global parallel_impl.cpp:244 WorkerThread 82: Can't spawn new thread: res = 11
[ERROR:0@27.726] global parallel_impl.cpp:244 WorkerThread 99: Can't spawn new thread: res = 11
[ERROR:0@27.726] global parallel_impl.cpp:244 WorkerThread 87: Can't spawn new thread: res = 11
[ERROR:0@27.726] global parallel_impl.cpp:244 WorkerThread 94: Can't spawn new thread: res = 11
[ERROR:0@27.726] global parallel_impl.cpp:244 WorkerThread 51: Can't spawn new thread: res = 11
[ERROR:0@27.726] global parallel_impl.cpp:244 WorkerThread 69: Can't spawn new thread: res = 11
[ERROR:0@27.726] global parallel_impl.cpp:244 WorkerThread 112: Can't spawn new thread: res = 11
[ERROR:0@27.726] global parallel_impl.cpp:244 WorkerThread 123: Can't spawn new thread: res = 11
[ERROR:0@27.726] global parallel_impl.cpp:244 WorkerThread 97: Can't spawn new thread: res = 11
[ERROR:0@27.726] global parallel_impl.cpp:244 WorkerThread 117: Can't spawn new thread: res = 11
[ERROR:0@27.726] global parallel_impl.cpp:244 WorkerThread 89: Can't spawn new thread: res = 11
[ERROR:0@27.726] global parallel_impl.cpp:244 WorkerThread 95: Can't spawn new thread: res = 11
[ERROR:0@27.726] global parallel_impl.cpp:244 WorkerThread 63: Can't spawn new thread: res = 11
[ERROR:0@27.726] global parallel_impl.cpp:244 WorkerThread 98: Can't spawn new thread: res = 11
[ERROR:0@27.726] global parallel_impl.cpp:244 WorkerThread 83: Can't spawn new thread: res = 11
[ERROR:0@27.726] global parallel_impl.cpp:244 WorkerThread 118: Can't spawn new thread: res = 11
[ERROR:0@27.726] global parallel_impl.cpp:244 WorkerThread 100: Can't spawn new thread: res = 11
[ERROR:0@27.726] global parallel_impl.cpp:244 WorkerThread 88: Can't spawn new thread: res = 11
[ERROR:0@27.726] global parallel_impl.cpp:244 WorkerThread 95: Can't spawn new thread: res = 11
[ERROR:0@27.726] global parallel_impl.cpp:244 WorkerThread 70: Can't spawn new thread: res = 11
[ERROR:0@27.726] global parallel_impl.cpp:244 WorkerThread 52: Can't spawn new thread: res = 11
[ERROR:0@27.726] global parallel_impl.cpp:244 WorkerThread 124: Can't spawn new thread: res = 11
[ERROR:0@27.726] global parallel_impl.cpp:244 WorkerThread 90: Can't spawn new thread: res = 11
[ERROR:0@27.726] global parallel_impl.cpp:244 WorkerThread 98: Can't spawn new thread: res = 11
[ERROR:0@27.726] global parallel_impl.cpp:244 WorkerThread 113: Can't spawn new thread: res = 11
[ERROR:0@27.726] global parallel_impl.cpp:244 WorkerThread 118: Can't spawn new thread: res = 11
[ERROR:0@27.726] global parallel_impl.cpp:244 WorkerThread 96: Can't spawn new thread: res = 11
[ERROR:0@27.726] global parallel_impl.cpp:244 WorkerThread 64: Can't spawn new thread: res = 11
[ERROR:0@27.726] global parallel_impl.cpp:244 WorkerThread 119: Can't spawn new thread: res = 11
[ERROR:0@27.726] global parallel_impl.cpp:244 WorkerThread 84: Can't spawn new thread: res = 11
[ERROR:0@27.726] global parallel_impl.cpp:244 WorkerThread 101: Can't spawn new thread: res = 11
[ERROR:0@27.726] global parallel_impl.cpp:244 WorkerThread 99: Can't spawn new thread: res = 11
[ERROR:0@27.726] global parallel_impl.cpp:244 WorkerThread 89: Can't spawn new thread: res = 11
[ERROR:0@27.726] global parallel_impl.cpp:244 WorkerThread 71: Can't spawn new thread: res = 11
[ERROR:0@27.726] global parallel_impl.cpp:244 WorkerThread 125: Can't spawn new thread: res = 11
[ERROR:0@27.726] global parallel_impl.cpp:244 WorkerThread 96: Can't spawn new thread: res = 11
[ERROR:0@27.726] global parallel_impl.cpp:244 WorkerThread 114: Can't spawn new thread: res = 11
[ERROR:0@27.726] global parallel_impl.cpp:244 WorkerThread 99: Can't spawn new thread: res = 11
[ERROR:0@27.726] global parallel_impl.cpp:244 WorkerThread 53: Can't spawn new thread: res = 11
[ERROR:0@27.726] global parallel_impl.cpp:244 WorkerThread 91: Can't spawn new thread: res = 11
[ERROR:0@27.726] global parallel_impl.cpp:244 WorkerThread 119: Can't spawn new thread: res = 11
[ERROR:0@27.726] global parallel_impl.cpp:244 WorkerThread 65: Can't spawn new thread: res = 11
[ERROR:0@27.726] global parallel_impl.cpp:244 WorkerThread 85: Can't spawn new thread: res = 11
[ERROR:0@27.726] global parallel_impl.cpp:244 WorkerThread 120: Can't spawn new thread: res = 11
[ERROR:0@27.726] global parallel_impl.cpp:244 WorkerThread 97: Can't spawn new thread: res = 11
[ERROR:0@27.726] global parallel_impl.cpp:244 WorkerThread 90: Can't spawn new thread: res = 11
[ERROR:0@27.726] global parallel_impl.cpp:244 WorkerThread 102: Can't spawn new thread: res = 11
[ERROR:0@27.726] global parallel_impl.cpp:244 WorkerThread 100: Can't spawn new thread: res = 11
[ERROR:0@27.726] global parallel_impl.cpp:244 WorkerThread 126: Can't spawn new thread: res = 11
[ERROR:0@27.726] global parallel_impl.cpp:244 WorkerThread 72: Can't spawn new thread: res = 11
[ERROR:0@27.726] global parallel_impl.cpp:244 WorkerThread 97: Can't spawn new thread: res = 11
[ERROR:0@27.726] global parallel_impl.cpp:244 WorkerThread 92: Can't spawn new thread: res = 11
[ERROR:0@27.726] global parallel_impl.cpp:244 WorkerThread 115: Can't spawn new thread: res = 11
[ERROR:0@27.726] global parallel_impl.cpp:244 WorkerThread 100: Can't spawn new thread: res = 11
[ERROR:0@27.726] global parallel_impl.cpp:244 WorkerThread 66: Can't spawn new thread: res = 11
[ERROR:0@27.726] global parallel_impl.cpp:244 WorkerThread 121: Can't spawn new thread: res = 11
[ERROR:0@27.726] global parallel_impl.cpp:244 WorkerThread 86: Can't spawn new thread: res = 11
[ERROR:0@27.726] global parallel_impl.cpp:244 WorkerThread 120: Can't spawn new thread: res = 11
[ERROR:0@27.726] global parallel_impl.cpp:244 WorkerThread 54: Can't spawn new thread: res = 11
[ERROR:0@27.726] global parallel_impl.cpp:244 WorkerThread 91: Can't spawn new thread: res = 11
[ERROR:0@27.726] global parallel_impl.cpp:244 WorkerThread 103: Can't spawn new thread: res = 11
[ERROR:0@27.726] global parallel_impl.cpp:244 WorkerThread 98: Can't spawn new thread: res = 11
[ERROR:0@27.726] global parallel_impl.cpp:244 WorkerThread 101: Can't spawn new thread: res = 11
[ERROR:0@27.726] global parallel_impl.cpp:244 WorkerThread 73: Can't spawn new thread: res = 11
[ERROR:0@27.726] global parallel_impl.cpp:244 WorkerThread 98: Can't spawn new thread: res = 11
[ERROR:0@27.726] global parallel_impl.cpp:244 WorkerThread 116: Can't spawn new thread: res = 11
[ERROR:0@27.726] global parallel_impl.cpp:244 WorkerThread 93: Can't spawn new thread: res = 11
[ERROR:0@27.726] global parallel_impl.cpp:244 WorkerThread 67: Can't spawn new thread: res = 11
[ERROR:0@27.726] global parallel_impl.cpp:244 WorkerThread 101: Can't spawn new thread: res = 11
[ERROR:0@27.726] global parallel_impl.cpp:244 WorkerThread 87: Can't spawn new thread: res = 11
[ERROR:0@27.726] global parallel_impl.cpp:244 WorkerThread 122: Can't spawn new thread: res = 11
[ERROR:0@27.726] global parallel_impl.cpp:244 WorkerThread 121: Can't spawn new thread: res = 11
[ERROR:0@27.726] global parallel_impl.cpp:244 WorkerThread 92: Can't spawn new thread: res = 11
[ERROR:0@27.726] global parallel_impl.cpp:244 WorkerThread 55: Can't spawn new thread: res = 11
[ERROR:0@27.726] global parallel_impl.cpp:244 WorkerThread 68: Can't spawn new thread: res = 11
[ERROR:0@27.726] global parallel_impl.cpp:244 WorkerThread 94: Can't spawn new thread: res = 11
[ERROR:0@27.726] global parallel_impl.cpp:244 WorkerThread 99: Can't spawn new thread: res = 11
[ERROR:0@27.726] global parallel_impl.cpp:244 WorkerThread 104: Can't spawn new thread: res = 11
[ERROR:0@27.726] global parallel_impl.cpp:244 WorkerThread 99: Can't spawn new thread: res = 11
[ERROR:0@27.726] global parallel_impl.cpp:244 WorkerThread 102: Can't spawn new thread: res = 11
[ERROR:0@27.726] global parallel_impl.cpp:244 WorkerThread 74: Can't spawn new thread: res = 11
[ERROR:0@27.726] global parallel_impl.cpp:244 WorkerThread 117: Can't spawn new thread: res = 11
[ERROR:0@27.726] global parallel_impl.cpp:244 WorkerThread 102: Can't spawn new thread: res = 11
[ERROR:0@27.726] global parallel_impl.cpp:244 WorkerThread 88: Can't spawn new thread: res = 11
[ERROR:0@27.726] global parallel_impl.cpp:244 WorkerThread 123: Can't spawn new thread: res = 11
[ERROR:0@27.726] global parallel_impl.cpp:244 WorkerThread 122: Can't spawn new thread: res = 11
[ERROR:0@27.726] global parallel_impl.cpp:244 WorkerThread 56: Can't spawn new thread: res = 11
[ERROR:0@27.726] global parallel_impl.cpp:244 WorkerThread 95: Can't spawn new thread: res = 11
[ERROR:0@27.726] global parallel_impl.cpp:244 WorkerThread 93: Can't spawn new thread: res = 11
[ERROR:0@27.726] global parallel_impl.cpp:244 WorkerThread 69: Can't spawn new thread: res = 11
[ERROR:0@27.726] global parallel_impl.cpp:244 WorkerThread 100: Can't spawn new thread: res = 11
[ERROR:0@27.726] global parallel_impl.cpp:244 WorkerThread 105: Can't spawn new thread: res = 11
[ERROR:0@27.726] global parallel_impl.cpp:244 WorkerThread 100: Can't spawn new thread: res = 11
[ERROR:0@27.726] global parallel_impl.cpp:244 WorkerThread 75: Can't spawn new thread: res = 11
[ERROR:0@27.726] global parallel_impl.cpp:244 WorkerThread 118: Can't spawn new thread: res = 11
[ERROR:0@27.726] global parallel_impl.cpp:244 WorkerThread 103: Can't spawn new thread: res = 11
[ERROR:0@27.726] global parallel_impl.cpp:244 WorkerThread 124: Can't spawn new thread: res = 11
[ERROR:0@27.726] global parallel_impl.cpp:244 WorkerThread 89: Can't spawn new thread: res = 11
[ERROR:0@27.726] global parallel_impl.cpp:244 WorkerThread 103: Can't spawn new thread: res = 11
[ERROR:0@27.726] global parallel_impl.cpp:244 WorkerThread 123: Can't spawn new thread: res = 11
[ERROR:0@27.726] global parallel_impl.cpp:244 WorkerThread 94: Can't spawn new thread: res = 11
[ERROR:0@27.726] global parallel_impl.cpp:244 WorkerThread 70: Can't spawn new thread: res = 11
[ERROR:0@27.726] global parallel_impl.cpp:244 WorkerThread 57: Can't spawn new thread: res = 11
[ERROR:0@27.726] global parallel_impl.cpp:244 WorkerThread 96: Can't spawn new thread: res = 11
[ERROR:0@27.726] global parallel_impl.cpp:244 WorkerThread 101: Can't spawn new thread: res = 11
[ERROR:0@27.726] global parallel_impl.cpp:244 WorkerThread 106: Can't spawn new thread: res = 11
[ERROR:0@27.726] global parallel_impl.cpp:244 WorkerThread 76: Can't spawn new thread: res = 11
[ERROR:0@27.726] global parallel_impl.cpp:244 WorkerThread 101: Can't spawn new thread: res = 11
[ERROR:0@27.726] global parallel_impl.cpp:244 WorkerThread 119: Can't spawn new thread: res = 11
[ERROR:0@27.726] global parallel_impl.cpp:244 WorkerThread 90: Can't spawn new thread: res = 11
[ERROR:0@27.726] global parallel_impl.cpp:244 WorkerThread 125: Can't spawn new thread: res = 11
[ERROR:0@27.726] global parallel_impl.cpp:244 WorkerThread 104: Can't spawn new thread: res = 11
[ERROR:0@27.726] global parallel_impl.cpp:244 WorkerThread 124: Can't spawn new thread: res = 11
[ERROR:0@27.726] global parallel_impl.cpp:244 WorkerThread 97: Can't spawn new thread: res = 11
[ERROR:0@27.726] global parallel_impl.cpp:244 WorkerThread 58: Can't spawn new thread: res = 11
[ERROR:0@27.726] global parallel_impl.cpp:244 WorkerThread 104: Can't spawn new thread: res = 11
[ERROR:0@27.726] global parallel_impl.cpp:244 WorkerThread 71: Can't spawn new thread: res = 11
[ERROR:0@27.726] global parallel_impl.cpp:244 WorkerThread 95: Can't spawn new thread: res = 11
[ERROR:0@27.726] global parallel_impl.cpp:244 WorkerThread 77: Can't spawn new thread: res = 11
[ERROR:0@27.726] global parallel_impl.cpp:244 WorkerThread 102: Can't spawn new thread: res = 11
[ERROR:0@27.726] global parallel_impl.cpp:244 WorkerThread 91: Can't spawn new thread: res = 11
[ERROR:0@27.726] global parallel_impl.cpp:244 WorkerThread 107: Can't spawn new thread: res = 11
[ERROR:0@27.726] global parallel_impl.cpp:244 WorkerThread 102: Can't spawn new thread: res = 11
[ERROR:0@27.726] global parallel_impl.cpp:244 WorkerThread 126: Can't spawn new thread: res = 11
[ERROR:0@27.726] global parallel_impl.cpp:244 WorkerThread 120: Can't spawn new thread: res = 11
[ERROR:0@27.726] global parallel_impl.cpp:244 WorkerThread 98: Can't spawn new thread: res = 11
[ERROR:0@27.726] global parallel_impl.cpp:244 WorkerThread 125: Can't spawn new thread: res = 11
[ERROR:0@27.726] global parallel_impl.cpp:244 WorkerThread 105: Can't spawn new thread: res = 11
[ERROR:0@27.726] global parallel_impl.cpp:244 WorkerThread 78: Can't spawn new thread: res = 11
[ERROR:0@27.726] global parallel_impl.cpp:244 WorkerThread 72: Can't spawn new thread: res = 11
[ERROR:0@27.726] global parallel_impl.cpp:244 WorkerThread 105: Can't spawn new thread: res = 11
[ERROR:0@27.726] global parallel_impl.cpp:244 WorkerThread 92: Can't spawn new thread: res = 11
[ERROR:0@27.726] global parallel_impl.cpp:244 WorkerThread 59: Can't spawn new thread: res = 11
[ERROR:0@27.726] global parallel_impl.cpp:244 WorkerThread 96: Can't spawn new thread: res = 11
[ERROR:0@27.726] global parallel_impl.cpp:244 WorkerThread 108: Can't spawn new thread: res = 11
[ERROR:0@27.726] global parallel_impl.cpp:244 WorkerThread 103: Can't spawn new thread: res = 11
[ERROR:0@27.726] global parallel_impl.cpp:244 WorkerThread 103: Can't spawn new thread: res = 11
[ERROR:0@27.726] global parallel_impl.cpp:244 WorkerThread 99: Can't spawn new thread: res = 11
[ERROR:0@27.726] global parallel_impl.cpp:244 WorkerThread 121: Can't spawn new thread: res = 11
[ERROR:0@27.726] global parallel_impl.cpp:244 WorkerThread 79: Can't spawn new thread: res = 11
[ERROR:0@27.726] global parallel_impl.cpp:244 WorkerThread 106: Can't spawn new thread: res = 11
[ERROR:0@27.726] global parallel_impl.cpp:244 WorkerThread 73: Can't spawn new thread: res = 11
[ERROR:0@27.726] global parallel_impl.cpp:244 WorkerThread 93: Can't spawn new thread: res = 11
[ERROR:0@27.726] global parallel_impl.cpp:244 WorkerThread 126: Can't spawn new thread: res = 11
[ERROR:0@27.726] global parallel_impl.cpp:244 WorkerThread 106: Can't spawn new thread: res = 11
[ERROR:0@27.726] global parallel_impl.cpp:244 WorkerThread 60: Can't spawn new thread: res = 11
[ERROR:0@27.726] global parallel_impl.cpp:244 WorkerThread 104: Can't spawn new thread: res = 11
[ERROR:0@27.726] global parallel_impl.cpp:244 WorkerThread 109: Can't spawn new thread: res = 11
[ERROR:0@27.726] global parallel_impl.cpp:244 WorkerThread 104: Can't spawn new thread: res = 11
[ERROR:0@27.726] global parallel_impl.cpp:244 WorkerThread 100: Can't spawn new thread: res = 11
[ERROR:0@27.726] global parallel_impl.cpp:244 WorkerThread 97: Can't spawn new thread: res = 11
[ERROR:0@27.726] global parallel_impl.cpp:244 WorkerThread 80: Can't spawn new thread: res = 11
[ERROR:0@27.726] global parallel_impl.cpp:244 WorkerThread 122: Can't spawn new thread: res = 11
[ERROR:0@27.726] global parallel_impl.cpp:244 WorkerThread 107: Can't spawn new thread: res = 11
[ERROR:0@27.726] global parallel_impl.cpp:244 WorkerThread 74: Can't spawn new thread: res = 11
[ERROR:0@27.726] global parallel_impl.cpp:244 WorkerThread 94: Can't spawn new thread: res = 11
[ERROR:0@27.726] global parallel_impl.cpp:244 WorkerThread 105: Can't spawn new thread: res = 11
[ERROR:0@27.726] global parallel_impl.cpp:244 WorkerThread 107: Can't spawn new thread: res = 11
[ERROR:0@27.726] global parallel_impl.cpp:244 WorkerThread 61: Can't spawn new thread: res = 11
[ERROR:0@27.726] global parallel_impl.cpp:244 WorkerThread 105: Can't spawn new thread: res = 11
[ERROR:0@27.726] global parallel_impl.cpp:244 WorkerThread 110: Can't spawn new thread: res = 11
[ERROR:0@27.726] global parallel_impl.cpp:244 WorkerThread 101: Can't spawn new thread: res = 11
[ERROR:0@27.726] global parallel_impl.cpp:244 WorkerThread 81: Can't spawn new thread: res = 11
[ERROR:0@27.726] global parallel_impl.cpp:244 WorkerThread 123: Can't spawn new thread: res = 11
[ERROR:0@27.726] global parallel_impl.cpp:244 WorkerThread 75: Can't spawn new thread: res = 11
[ERROR:0@27.726] global parallel_impl.cpp:244 WorkerThread 98: Can't spawn new thread: res = 11
[ERROR:0@27.726] global parallel_impl.cpp:244 WorkerThread 108: Can't spawn new thread: res = 11
[ERROR:0@27.726] global parallel_impl.cpp:244 WorkerThread 106: Can't spawn new thread: res = 11
[ERROR:0@27.726] global parallel_impl.cpp:244 WorkerThread 95: Can't spawn new thread: res = 11
[ERROR:0@27.726] global parallel_impl.cpp:244 WorkerThread 108: Can't spawn new thread: res = 11
[ERROR:0@27.726] global parallel_impl.cpp:244 WorkerThread 62: Can't spawn new thread: res = 11
[ERROR:0@27.726] global parallel_impl.cpp:244 WorkerThread 82: Can't spawn new thread: res = 11
[ERROR:0@27.726] global parallel_impl.cpp:244 WorkerThread 106: Can't spawn new thread: res = 11
[ERROR:0@27.726] global parallel_impl.cpp:244 WorkerThread 102: Can't spawn new thread: res = 11
[ERROR:0@27.726] global parallel_impl.cpp:244 WorkerThread 111: Can't spawn new thread: res = 11
[ERROR:0@27.726] global parallel_impl.cpp:244 WorkerThread 124: Can't spawn new thread: res = 11
[ERROR:0@27.726] global parallel_impl.cpp:244 WorkerThread 99: Can't spawn new thread: res = 11
[ERROR:0@27.726] global parallel_impl.cpp:244 WorkerThread 76: Can't spawn new thread: res = 11
[ERROR:0@27.726] global parallel_impl.cpp:244 WorkerThread 107: Can't spawn new thread: res = 11
[ERROR:0@27.726] global parallel_impl.cpp:244 WorkerThread 109: Can't spawn new thread: res = 11
[ERROR:0@27.726] global parallel_impl.cpp:244 WorkerThread 96: Can't spawn new thread: res = 11
[ERROR:0@27.726] global parallel_impl.cpp:244 WorkerThread 63: Can't spawn new thread: res = 11
[ERROR:0@27.726] global parallel_impl.cpp:244 WorkerThread 83: Can't spawn new thread: res = 11
[ERROR:0@27.726] global parallel_impl.cpp:244 WorkerThread 103: Can't spawn new thread: res = 11
[ERROR:0@27.726] global parallel_impl.cpp:244 WorkerThread 109: Can't spawn new thread: res = 11
[ERROR:0@27.726] global parallel_impl.cpp:244 WorkerThread 107: Can't spawn new thread: res = 11
[ERROR:0@27.726] global parallel_impl.cpp:244 WorkerThread 100: Can't spawn new thread: res = 11
[ERROR:0@27.726] global parallel_impl.cpp:244 WorkerThread 77: Can't spawn new thread: res = 11
[ERROR:0@27.726] global parallel_impl.cpp:244 WorkerThread 112: Can't spawn new thread: res = 11
[ERROR:0@27.726] global parallel_impl.cpp:244 WorkerThread 125: Can't spawn new thread: res = 11
[ERROR:0@27.726] global parallel_impl.cpp:244 WorkerThread 108: Can't spawn new thread: res = 11
[ERROR:0@27.726] global parallel_impl.cpp:244 WorkerThread 110: Can't spawn new thread: res = 11
[ERROR:0@27.726] global parallel_impl.cpp:244 WorkerThread 97: Can't spawn new thread: res = 11
[ERROR:0@27.726] global parallel_impl.cpp:244 WorkerThread 84: Can't spawn new thread: res = 11
[ERROR:0@27.726] global parallel_impl.cpp:244 WorkerThread 104: Can't spawn new thread: res = 11
[ERROR:0@27.726] global parallel_impl.cpp:244 WorkerThread 64: Can't spawn new thread: res = 11
[ERROR:0@27.726] global parallel_impl.cpp:244 WorkerThread 108: Can't spawn new thread: res = 11
[ERROR:0@27.726] global parallel_impl.cpp:244 WorkerThread 110: Can't spawn new thread: res = 11
[ERROR:0@27.726] global parallel_impl.cpp:244 WorkerThread 78: Can't spawn new thread: res = 11
[ERROR:0@27.726] global parallel_impl.cpp:244 WorkerThread 101: Can't spawn new thread: res = 11
[ERROR:0@27.726] global parallel_impl.cpp:244 WorkerThread 113: Can't spawn new thread: res = 11
[ERROR:0@27.726] global parallel_impl.cpp:244 WorkerThread 126: Can't spawn new thread: res = 11
[ERROR:0@27.726] global parallel_impl.cpp:244 WorkerThread 109: Can't spawn new thread: res = 11
[ERROR:0@27.726] global parallel_impl.cpp:244 WorkerThread 98: Can't spawn new thread: res = 11
[ERROR:0@27.726] global parallel_impl.cpp:244 WorkerThread 111: Can't spawn new thread: res = 11
[ERROR:0@27.726] global parallel_impl.cpp:244 WorkerThread 105: Can't spawn new thread: res = 11
[ERROR:0@27.726] global parallel_impl.cpp:244 WorkerThread 85: Can't spawn new thread: res = 11
[ERROR:0@27.726] global parallel_impl.cpp:244 WorkerThread 109: Can't spawn new thread: res = 11
[ERROR:0@27.726] global parallel_impl.cpp:244 WorkerThread 65: Can't spawn new thread: res = 11
[ERROR:0@27.726] global parallel_impl.cpp:244 WorkerThread 111: Can't spawn new thread: res = 11
[ERROR:0@27.726] global parallel_impl.cpp:244 WorkerThread 102: Can't spawn new thread: res = 11
[ERROR:0@27.726] global parallel_impl.cpp:244 WorkerThread 114: Can't spawn new thread: res = 11
[ERROR:0@27.726] global parallel_impl.cpp:244 WorkerThread 110: Can't spawn new thread: res = 11
[ERROR:0@27.726] global parallel_impl.cpp:244 WorkerThread 79: Can't spawn new thread: res = 11
[ERROR:0@27.726] global parallel_impl.cpp:244 WorkerThread 112: Can't spawn new thread: res = 11
[ERROR:0@27.726] global parallel_impl.cpp:244 WorkerThread 110: Can't spawn new thread: res = 11
[ERROR:0@27.726] global parallel_impl.cpp:244 WorkerThread 106: Can't spawn new thread: res = 11
[ERROR:0@27.726] global parallel_impl.cpp:244 WorkerThread 86: Can't spawn new thread: res = 11
[ERROR:0@27.726] global parallel_impl.cpp:244 WorkerThread 99: Can't spawn new thread: res = 11
[ERROR:0@27.726] global parallel_impl.cpp:244 WorkerThread 115: Can't spawn new thread: res = 11
[ERROR:0@27.726] global parallel_impl.cpp:244 WorkerThread 112: Can't spawn new thread: res = 11
[ERROR:0@27.726] global parallel_impl.cpp:244 WorkerThread 66: Can't spawn new thread: res = 11
[ERROR:0@27.726] global parallel_impl.cpp:244 WorkerThread 111: Can't spawn new thread: res = 11
[ERROR:0@27.726] global parallel_impl.cpp:244 WorkerThread 80: Can't spawn new thread: res = 11
[ERROR:0@27.726] global parallel_impl.cpp:244 WorkerThread 103: Can't spawn new thread: res = 11
[ERROR:0@27.726] global parallel_impl.cpp:244 WorkerThread 113: Can't spawn new thread: res = 11
[ERROR:0@27.726] global parallel_impl.cpp:244 WorkerThread 87: Can't spawn new thread: res = 11
[ERROR:0@27.726] global parallel_impl.cpp:244 WorkerThread 107: Can't spawn new thread: res = 11
[ERROR:0@27.726] global parallel_impl.cpp:244 WorkerThread 111: Can't spawn new thread: res = 11
[ERROR:0@27.726] global parallel_impl.cpp:244 WorkerThread 116: Can't spawn new thread: res = 11
[ERROR:0@27.726] global parallel_impl.cpp:244 WorkerThread 100: Can't spawn new thread: res = 11
[ERROR:0@27.726] global parallel_impl.cpp:244 WorkerThread 113: Can't spawn new thread: res = 11
[ERROR:0@27.726] global parallel_impl.cpp:244 WorkerThread 112: Can't spawn new thread: res = 11
[ERROR:0@27.726] global parallel_impl.cpp:244 WorkerThread 81: Can't spawn new thread: res = 11
[ERROR:0@27.726] global parallel_impl.cpp:244 WorkerThread 67: Can't spawn new thread: res = 11
[ERROR:0@27.726] global parallel_impl.cpp:244 WorkerThread 104: Can't spawn new thread: res = 11
[ERROR:0@27.726] global parallel_impl.cpp:244 WorkerThread 108: Can't spawn new thread: res = 11
[ERROR:0@27.726] global parallel_impl.cpp:244 WorkerThread 101: Can't spawn new thread: res = 11
[ERROR:0@27.726] global parallel_impl.cpp:244 WorkerThread 88: Can't spawn new thread: res = 11
[ERROR:0@27.726] global parallel_impl.cpp:244 WorkerThread 114: Can't spawn new thread: res = 11
[ERROR:0@27.726] global parallel_impl.cpp:244 WorkerThread 112: Can't spawn new thread: res = 11
[ERROR:0@27.726] global parallel_impl.cpp:244 WorkerThread 117: Can't spawn new thread: res = 11
[ERROR:0@27.726] global parallel_impl.cpp:244 WorkerThread 82: Can't spawn new thread: res = 11
[ERROR:0@27.726] global parallel_impl.cpp:244 WorkerThread 114: Can't spawn new thread: res = 11
[ERROR:0@27.726] global parallel_impl.cpp:244 WorkerThread 105: Can't spawn new thread: res = 11
[ERROR:0@27.726] global parallel_impl.cpp:244 WorkerThread 113: Can't spawn new thread: res = 11
[ERROR:0@27.726] global parallel_impl.cpp:244 WorkerThread 89: Can't spawn new thread: res = 11
[ERROR:0@27.726] global parallel_impl.cpp:244 WorkerThread 109: Can't spawn new thread: res = 11
[ERROR:0@27.726] global parallel_impl.cpp:244 WorkerThread 68: Can't spawn new thread: res = 11
[ERROR:0@27.726] global parallel_impl.cpp:244 WorkerThread 102: Can't spawn new thread: res = 11
[ERROR:0@27.726] global parallel_impl.cpp:244 WorkerThread 115: Can't spawn new thread: res = 11
[ERROR:0@27.726] global parallel_impl.cpp:244 WorkerThread 83: Can't spawn new thread: res = 11
[ERROR:0@27.726] global parallel_impl.cpp:244 WorkerThread 113: Can't spawn new thread: res = 11
[ERROR:0@27.726] global parallel_impl.cpp:244 WorkerThread 118: Can't spawn new thread: res = 11
[ERROR:0@27.726] global parallel_impl.cpp:244 WorkerThread 106: Can't spawn new thread: res = 11
[ERROR:0@27.726] global parallel_impl.cpp:244 WorkerThread 114: Can't spawn new thread: res = 11
[ERROR:0@27.726] global parallel_impl.cpp:244 WorkerThread 110: Can't spawn new thread: res = 11
[ERROR:0@27.726] global parallel_impl.cpp:244 WorkerThread 90: Can't spawn new thread: res = 11
[ERROR:0@27.726] global parallel_impl.cpp:244 WorkerThread 115: Can't spawn new thread: res = 11
[ERROR:0@27.726] global parallel_impl.cpp:244 WorkerThread 116: Can't spawn new thread: res = 11
[ERROR:0@27.726] global parallel_impl.cpp:244 WorkerThread 103: Can't spawn new thread: res = 11
[ERROR:0@27.726] global parallel_impl.cpp:244 WorkerThread 69: Can't spawn new thread: res = 11
[ERROR:0@27.726] global parallel_impl.cpp:244 WorkerThread 114: Can't spawn new thread: res = 11
[ERROR:0@27.726] global parallel_impl.cpp:244 WorkerThread 107: Can't spawn new thread: res = 11
[ERROR:0@27.726] global parallel_impl.cpp:244 WorkerThread 84: Can't spawn new thread: res = 11
[ERROR:0@27.726] global parallel_impl.cpp:244 WorkerThread 119: Can't spawn new thread: res = 11
[ERROR:0@27.726] global parallel_impl.cpp:244 WorkerThread 115: Can't spawn new thread: res = 11
[ERROR:0@27.726] global parallel_impl.cpp:244 WorkerThread 111: Can't spawn new thread: res = 11
[ERROR:0@27.726] global parallel_impl.cpp:244 WorkerThread 116: Can't spawn new thread: res = 11
[ERROR:0@27.726] global parallel_impl.cpp:244 WorkerThread 117: Can't spawn new thread: res = 11
[ERROR:0@27.726] global parallel_impl.cpp:244 WorkerThread 91: Can't spawn new thread: res = 11
[ERROR:0@27.726] global parallel_impl.cpp:244 WorkerThread 115: Can't spawn new thread: res = 11
[ERROR:0@27.726] global parallel_impl.cpp:244 WorkerThread 85: Can't spawn new thread: res = 11
[ERROR:0@27.726] global parallel_impl.cpp:244 WorkerThread 70: Can't spawn new thread: res = 11
[ERROR:0@27.726] global parallel_impl.cpp:244 WorkerThread 120: Can't spawn new thread: res = 11
[ERROR:0@27.726] global parallel_impl.cpp:244 WorkerThread 108: Can't spawn new thread: res = 11
[ERROR:0@27.726] global parallel_impl.cpp:244 WorkerThread 104: Can't spawn new thread: res = 11
[ERROR:0@27.726] global parallel_impl.cpp:244 WorkerThread 112: Can't spawn new thread: res = 11
[ERROR:0@27.726] global parallel_impl.cpp:244 WorkerThread 116: Can't spawn new thread: res = 11
[ERROR:0@27.726] global parallel_impl.cpp:244 WorkerThread 117: Can't spawn new thread: res = 11
[ERROR:0@27.726] global parallel_impl.cpp:244 WorkerThread 92: Can't spawn new thread: res = 11
[ERROR:0@27.726] global parallel_impl.cpp:244 WorkerThread 118: Can't spawn new thread: res = 11
[ERROR:0@27.726] global parallel_impl.cpp:244 WorkerThread 86: Can't spawn new thread: res = 11
[ERROR:0@27.726] global parallel_impl.cpp:244 WorkerThread 116: Can't spawn new thread: res = 11
[ERROR:0@27.726] global parallel_impl.cpp:244 WorkerThread 71: Can't spawn new thread: res = 11
[ERROR:0@27.726] global parallel_impl.cpp:244 WorkerThread 109: Can't spawn new thread: res = 11
[ERROR:0@27.726] global parallel_impl.cpp:244 WorkerThread 113: Can't spawn new thread: res = 11
[ERROR:0@27.726] global parallel_impl.cpp:244 WorkerThread 121: Can't spawn new thread: res = 11
[ERROR:0@27.726] global parallel_impl.cpp:244 WorkerThread 105: Can't spawn new thread: res = 11
[ERROR:0@27.726] global parallel_impl.cpp:244 WorkerThread 117: Can't spawn new thread: res = 11
[ERROR:0@27.726] global parallel_impl.cpp:244 WorkerThread 87: Can't spawn new thread: res = 11
[ERROR:0@27.726] global parallel_impl.cpp:244 WorkerThread 118: Can't spawn new thread: res = 11
[ERROR:0@27.726] global parallel_impl.cpp:244 WorkerThread 93: Can't spawn new thread: res = 11
[ERROR:0@27.726] global parallel_impl.cpp:244 WorkerThread 117: Can't spawn new thread: res = 11
[ERROR:0@27.726] global parallel_impl.cpp:244 WorkerThread 119: Can't spawn new thread: res = 11
[ERROR:0@27.726] global parallel_impl.cpp:244 WorkerThread 110: Can't spawn new thread: res = 11
[ERROR:0@27.726] global parallel_impl.cpp:244 WorkerThread 114: Can't spawn new thread: res = 11
[ERROR:0@27.726] global parallel_impl.cpp:244 WorkerThread 72: Can't spawn new thread: res = 11
[ERROR:0@27.726] global parallel_impl.cpp:244 WorkerThread 106: Can't spawn new thread: res = 11
[ERROR:0@27.726] global parallel_impl.cpp:244 WorkerThread 88: Can't spawn new thread: res = 11
[ERROR:0@27.727] global parallel_impl.cpp:244 WorkerThread 118: Can't spawn new thread: res = 11
[ERROR:0@27.727] global parallel_impl.cpp:244 WorkerThread 122: Can't spawn new thread: res = 11
[ERROR:0@27.727] global parallel_impl.cpp:244 WorkerThread 94: Can't spawn new thread: res = 11
[ERROR:0@27.727] global parallel_impl.cpp:244 WorkerThread 118: Can't spawn new thread: res = 11
[ERROR:0@27.727] global parallel_impl.cpp:244 WorkerThread 119: Can't spawn new thread: res = 11
[ERROR:0@27.727] global parallel_impl.cpp:244 WorkerThread 111: Can't spawn new thread: res = 11
[ERROR:0@27.727] global parallel_impl.cpp:244 WorkerThread 115: Can't spawn new thread: res = 11
[ERROR:0@27.727] global parallel_impl.cpp:244 WorkerThread 73: Can't spawn new thread: res = 11
[ERROR:0@27.727] global parallel_impl.cpp:244 WorkerThread 120: Can't spawn new thread: res = 11
[ERROR:0@27.727] global parallel_impl.cpp:244 WorkerThread 107: Can't spawn new thread: res = 11
[ERROR:0@27.727] global parallel_impl.cpp:244 WorkerThread 89: Can't spawn new thread: res = 11
[ERROR:0@27.727] global parallel_impl.cpp:244 WorkerThread 95: Can't spawn new thread: res = 11
[ERROR:0@27.727] global parallel_impl.cpp:244 WorkerThread 123: Can't spawn new thread: res = 11
[ERROR:0@27.727] global parallel_impl.cpp:244 WorkerThread 119: Can't spawn new thread: res = 11
[ERROR:0@27.727] global parallel_impl.cpp:244 WorkerThread 112: Can't spawn new thread: res = 11
[ERROR:0@27.727] global parallel_impl.cpp:244 WorkerThread 119: Can't spawn new thread: res = 11
[ERROR:0@27.727] global parallel_impl.cpp:244 WorkerThread 120: Can't spawn new thread: res = 11
[ERROR:0@27.727] global parallel_impl.cpp:244 WorkerThread 116: Can't spawn new thread: res = 11
[ERROR:0@27.727] global parallel_impl.cpp:244 WorkerThread 121: Can't spawn new thread: res = 11
[ERROR:0@27.727] global parallel_impl.cpp:244 WorkerThread 108: Can't spawn new thread: res = 11
[ERROR:0@27.727] global parallel_impl.cpp:244 WorkerThread 74: Can't spawn new thread: res = 11
[ERROR:0@27.727] global parallel_impl.cpp:244 WorkerThread 90: Can't spawn new thread: res = 11
[ERROR:0@27.727] global parallel_impl.cpp:244 WorkerThread 96: Can't spawn new thread: res = 11
[ERROR:0@27.727] global parallel_impl.cpp:244 WorkerThread 124: Can't spawn new thread: res = 11
[ERROR:0@27.727] global parallel_impl.cpp:244 WorkerThread 120: Can't spawn new thread: res = 11
[ERROR:0@27.727] global parallel_impl.cpp:244 WorkerThread 113: Can't spawn new thread: res = 11
[ERROR:0@27.727] global parallel_impl.cpp:244 WorkerThread 120: Can't spawn new thread: res = 11
[ERROR:0@27.727] global parallel_impl.cpp:244 WorkerThread 117: Can't spawn new thread: res = 11
[ERROR:0@27.727] global parallel_impl.cpp:244 WorkerThread 121: Can't spawn new thread: res = 11
[ERROR:0@27.727] global parallel_impl.cpp:244 WorkerThread 122: Can't spawn new thread: res = 11
[ERROR:0@27.727] global parallel_impl.cpp:244 WorkerThread 97: Can't spawn new thread: res = 11
[ERROR:0@27.727] global parallel_impl.cpp:244 WorkerThread 109: Can't spawn new thread: res = 11
[ERROR:0@27.727] global parallel_impl.cpp:244 WorkerThread 91: Can't spawn new thread: res = 11
[ERROR:0@27.727] global parallel_impl.cpp:244 WorkerThread 75: Can't spawn new thread: res = 11
[ERROR:0@27.727] global parallel_impl.cpp:244 WorkerThread 125: Can't spawn new thread: res = 11
[ERROR:0@27.727] global parallel_impl.cpp:244 WorkerThread 121: Can't spawn new thread: res = 11
[ERROR:0@27.727] global parallel_impl.cpp:244 WorkerThread 114: Can't spawn new thread: res = 11
[ERROR:0@27.727] global parallel_impl.cpp:244 WorkerThread 118: Can't spawn new thread: res = 11
[ERROR:0@27.727] global parallel_impl.cpp:244 WorkerThread 98: Can't spawn new thread: res = 11
[ERROR:0@27.727] global parallel_impl.cpp:244 WorkerThread 121: Can't spawn new thread: res = 11
[ERROR:0@27.727] global parallel_impl.cpp:244 WorkerThread 110: Can't spawn new thread: res = 11
[ERROR:0@27.727] global parallel_impl.cpp:244 WorkerThread 123: Can't spawn new thread: res = 11
[ERROR:0@27.727] global parallel_impl.cpp:244 WorkerThread 122: Can't spawn new thread: res = 11
[ERROR:0@27.727] global parallel_impl.cpp:244 WorkerThread 92: Can't spawn new thread: res = 11
[ERROR:0@27.727] global parallel_impl.cpp:244 WorkerThread 126: Can't spawn new thread: res = 11
[ERROR:0@27.727] global parallel_impl.cpp:244 WorkerThread 76: Can't spawn new thread: res = 11
[ERROR:0@27.727] global parallel_impl.cpp:244 WorkerThread 122: Can't spawn new thread: res = 11
[ERROR:0@27.727] global parallel_impl.cpp:244 WorkerThread 119: Can't spawn new thread: res = 11
[ERROR:0@27.727] global parallel_impl.cpp:244 WorkerThread 115: Can't spawn new thread: res = 11
[ERROR:0@27.727] global parallel_impl.cpp:244 WorkerThread 99: Can't spawn new thread: res = 11
[ERROR:0@27.727] global parallel_impl.cpp:244 WorkerThread 111: Can't spawn new thread: res = 11
[ERROR:0@27.727] global parallel_impl.cpp:244 WorkerThread 122: Can't spawn new thread: res = 11
[ERROR:0@27.727] global parallel_impl.cpp:244 WorkerThread 93: Can't spawn new thread: res = 11
[ERROR:0@27.727] global parallel_impl.cpp:244 WorkerThread 124: Can't spawn new thread: res = 11
[ERROR:0@27.727] global parallel_impl.cpp:244 WorkerThread 123: Can't spawn new thread: res = 11
[ERROR:0@27.727] global parallel_impl.cpp:244 WorkerThread 116: Can't spawn new thread: res = 11
[ERROR:0@27.727] global parallel_impl.cpp:244 WorkerThread 77: Can't spawn new thread: res = 11
[ERROR:0@27.727] global parallel_impl.cpp:244 WorkerThread 120: Can't spawn new thread: res = 11
[ERROR:0@27.727] global parallel_impl.cpp:244 WorkerThread 123: Can't spawn new thread: res = 11
[ERROR:0@27.727] global parallel_impl.cpp:244 WorkerThread 123: Can't spawn new thread: res = 11
[ERROR:0@27.727] global parallel_impl.cpp:244 WorkerThread 100: Can't spawn new thread: res = 11
[ERROR:0@27.727] global parallel_impl.cpp:244 WorkerThread 94: Can't spawn new thread: res = 11
[ERROR:0@27.727] global parallel_impl.cpp:244 WorkerThread 112: Can't spawn new thread: res = 11
[ERROR:0@27.727] global parallel_impl.cpp:244 WorkerThread 117: Can't spawn new thread: res = 11
[ERROR:0@27.727] global parallel_impl.cpp:244 WorkerThread 124: Can't spawn new thread: res = 11
[ERROR:0@27.727] global parallel_impl.cpp:244 WorkerThread 78: Can't spawn new thread: res = 11
[ERROR:0@27.727] global parallel_impl.cpp:244 WorkerThread 124: Can't spawn new thread: res = 11
[ERROR:0@27.727] global parallel_impl.cpp:244 WorkerThread 125: Can't spawn new thread: res = 11
[ERROR:0@27.727] global parallel_impl.cpp:244 WorkerThread 124: Can't spawn new thread: res = 11
[ERROR:0@27.727] global parallel_impl.cpp:244 WorkerThread 101: Can't spawn new thread: res = 11
[ERROR:0@27.727] global parallel_impl.cpp:244 WorkerThread 113: Can't spawn new thread: res = 11
[ERROR:0@27.727] global parallel_impl.cpp:244 WorkerThread 121: Can't spawn new thread: res = 11
[ERROR:0@27.727] global parallel_impl.cpp:244 WorkerThread 95: Can't spawn new thread: res = 11
[ERROR:0@27.727] global parallel_impl.cpp:244 WorkerThread 118: Can't spawn new thread: res = 11
[ERROR:0@27.727] global parallel_impl.cpp:244 WorkerThread 125: Can't spawn new thread: res = 11
[ERROR:0@27.727] global parallel_impl.cpp:244 WorkerThread 125: Can't spawn new thread: res = 11
[ERROR:0@27.727] global parallel_impl.cpp:244 WorkerThread 79: Can't spawn new thread: res = 11
[ERROR:0@27.727] global parallel_impl.cpp:244 WorkerThread 126: Can't spawn new thread: res = 11
[ERROR:0@27.727] global parallel_impl.cpp:244 WorkerThread 125: Can't spawn new thread: res = 11
[ERROR:0@27.727] global parallel_impl.cpp:244 WorkerThread 119: Can't spawn new thread: res = 11
[ERROR:0@27.727] global parallel_impl.cpp:244 WorkerThread 122: Can't spawn new thread: res = 11
[ERROR:0@27.727] global parallel_impl.cpp:244 WorkerThread 96: Can't spawn new thread: res = 11
[ERROR:0@27.727] global parallel_impl.cpp:244 WorkerThread 102: Can't spawn new thread: res = 11
[ERROR:0@27.727] global parallel_impl.cpp:244 WorkerThread 126: Can't spawn new thread: res = 11
[ERROR:0@27.727] global parallel_impl.cpp:244 WorkerThread 126: Can't spawn new thread: res = 11
[ERROR:0@27.727] global parallel_impl.cpp:244 WorkerThread 80: Can't spawn new thread: res = 11
[ERROR:0@27.727] global parallel_impl.cpp:244 WorkerThread 114: Can't spawn new thread: res = 11
[ERROR:0@27.727] global parallel_impl.cpp:244 WorkerThread 123: Can't spawn new thread: res = 11
[ERROR:0@27.727] global parallel_impl.cpp:244 WorkerThread 126: Can't spawn new thread: res = 11
[ERROR:0@27.727] global parallel_impl.cpp:244 WorkerThread 120: Can't spawn new thread: res = 11
[ERROR:0@27.727] global parallel_impl.cpp:244 WorkerThread 97: Can't spawn new thread: res = 11
[ERROR:0@27.727] global parallel_impl.cpp:244 WorkerThread 103: Can't spawn new thread: res = 11
[ERROR:0@27.727] global parallel_impl.cpp:244 WorkerThread 81: Can't spawn new thread: res = 11
[ERROR:0@27.727] global parallel_impl.cpp:244 WorkerThread 124: Can't spawn new thread: res = 11
[ERROR:0@27.727] global parallel_impl.cpp:244 WorkerThread 98: Can't spawn new thread: res = 11
[ERROR:0@27.727] global parallel_impl.cpp:244 WorkerThread 121: Can't spawn new thread: res = 11
[ERROR:0@27.727] global parallel_impl.cpp:244 WorkerThread 115: Can't spawn new thread: res = 11
[ERROR:0@27.727] global parallel_impl.cpp:244 WorkerThread 125: Can't spawn new thread: res = 11
[ERROR:0@27.727] global parallel_impl.cpp:244 WorkerThread 82: Can't spawn new thread: res = 11
[ERROR:0@27.727] global parallel_impl.cpp:244 WorkerThread 122: Can't spawn new thread: res = 11
[ERROR:0@27.727] global parallel_impl.cpp:244 WorkerThread 104: Can't spawn new thread: res = 11
[ERROR:0@27.727] global parallel_impl.cpp:244 WorkerThread 99: Can't spawn new thread: res = 11
[ERROR:0@27.727] global parallel_impl.cpp:244 WorkerThread 116: Can't spawn new thread: res = 11
[ERROR:0@27.727] global parallel_impl.cpp:244 WorkerThread 126: Can't spawn new thread: res = 11
[ERROR:0@27.727] global parallel_impl.cpp:244 WorkerThread 100: Can't spawn new thread: res = 11
[ERROR:0@27.727] global parallel_impl.cpp:244 WorkerThread 123: Can't spawn new thread: res = 11
[ERROR:0@27.727] global parallel_impl.cpp:244 WorkerThread 105: Can't spawn new thread: res = 11
[ERROR:0@27.727] global parallel_impl.cpp:244 WorkerThread 83: Can't spawn new thread: res = 11
[ERROR:0@27.727] global parallel_impl.cpp:244 WorkerThread 117: Can't spawn new thread: res = 11
[ERROR:0@27.727] global parallel_impl.cpp:244 WorkerThread 101: Can't spawn new thread: res = 11
[ERROR:0@27.727] global parallel_impl.cpp:244 WorkerThread 124: Can't spawn new thread: res = 11
[ERROR:0@27.727] global parallel_impl.cpp:244 WorkerThread 106: Can't spawn new thread: res = 11
[ERROR:0@27.727] global parallel_impl.cpp:244 WorkerThread 125: Can't spawn new thread: res = 11
[ERROR:0@27.727] global parallel_impl.cpp:244 WorkerThread 102: Can't spawn new thread: res = 11
[ERROR:0@27.727] global parallel_impl.cpp:244 WorkerThread 118: Can't spawn new thread: res = 11
[ERROR:0@27.727] global parallel_impl.cpp:244 WorkerThread 84: Can't spawn new thread: res = 11
[ERROR:0@27.727] global parallel_impl.cpp:244 WorkerThread 126: Can't spawn new thread: res = 11
[ERROR:0@27.727] global parallel_impl.cpp:244 WorkerThread 103: Can't spawn new thread: res = 11
[ERROR:0@27.727] global parallel_impl.cpp:244 WorkerThread 107: Can't spawn new thread: res = 11
[ERROR:0@27.727] global parallel_impl.cpp:244 WorkerThread 85: Can't spawn new thread: res = 11
[ERROR:0@27.727] global parallel_impl.cpp:244 WorkerThread 119: Can't spawn new thread: res = 11
[ERROR:0@27.727] global parallel_impl.cpp:244 WorkerThread 108: Can't spawn new thread: res = 11
[ERROR:0@27.727] global parallel_impl.cpp:244 WorkerThread 104: Can't spawn new thread: res = 11
[ERROR:0@27.727] global parallel_impl.cpp:244 WorkerThread 86: Can't spawn new thread: res = 11
[ERROR:0@27.727] global parallel_impl.cpp:244 WorkerThread 120: Can't spawn new thread: res = 11
[ERROR:0@27.727] global parallel_impl.cpp:244 WorkerThread 109: Can't spawn new thread: res = 11
[ERROR:0@27.727] global parallel_impl.cpp:244 WorkerThread 105: Can't spawn new thread: res = 11
[ERROR:0@27.727] global parallel_impl.cpp:244 WorkerThread 87: Can't spawn new thread: res = 11
[ERROR:0@27.727] global parallel_impl.cpp:244 WorkerThread 121: Can't spawn new thread: res = 11
[ERROR:0@27.727] global parallel_impl.cpp:244 WorkerThread 110: Can't spawn new thread: res = 11
[ERROR:0@27.727] global parallel_impl.cpp:244 WorkerThread 106: Can't spawn new thread: res = 11
[ERROR:0@27.727] global parallel_impl.cpp:244 WorkerThread 88: Can't spawn new thread: res = 11
[ERROR:0@27.727] global parallel_impl.cpp:244 WorkerThread 107: Can't spawn new thread: res = 11
[ERROR:0@27.727] global parallel_impl.cpp:244 WorkerThread 122: Can't spawn new thread: res = 11
[ERROR:0@27.727] global parallel_impl.cpp:244 WorkerThread 111: Can't spawn new thread: res = 11
[ERROR:0@27.727] global parallel_impl.cpp:244 WorkerThread 108: Can't spawn new thread: res = 11
[ERROR:0@27.727] global parallel_impl.cpp:244 WorkerThread 89: Can't spawn new thread: res = 11
[ERROR:0@27.727] global parallel_impl.cpp:244 WorkerThread 123: Can't spawn new thread: res = 11
[ERROR:0@27.727] global parallel_impl.cpp:244 WorkerThread 112: Can't spawn new thread: res = 11
[ERROR:0@27.727] global parallel_impl.cpp:244 WorkerThread 109: Can't spawn new thread: res = 11
[ERROR:0@27.727] global parallel_impl.cpp:244 WorkerThread 90: Can't spawn new thread: res = 11
[ERROR:0@27.727] global parallel_impl.cpp:244 WorkerThread 110: Can't spawn new thread: res = 11
[ERROR:0@27.727] global parallel_impl.cpp:244 WorkerThread 113: Can't spawn new thread: res = 11
[ERROR:0@27.727] global parallel_impl.cpp:244 WorkerThread 111: Can't spawn new thread: res = 11
[ERROR:0@27.727] global parallel_impl.cpp:244 WorkerThread 91: Can't spawn new thread: res = 11
[ERROR:0@27.727] global parallel_impl.cpp:244 WorkerThread 124: Can't spawn new thread: res = 11
[ERROR:0@27.727] global parallel_impl.cpp:244 WorkerThread 114: Can't spawn new thread: res = 11
[ERROR:0@27.727] global parallel_impl.cpp:244 WorkerThread 112: Can't spawn new thread: res = 11
[ERROR:0@27.727] global parallel_impl.cpp:244 WorkerThread 92: Can't spawn new thread: res = 11
[ERROR:0@27.727] global parallel_impl.cpp:244 WorkerThread 125: Can't spawn new thread: res = 11
[ERROR:0@27.727] global parallel_impl.cpp:244 WorkerThread 113: Can't spawn new thread: res = 11
[ERROR:0@27.727] global parallel_impl.cpp:244 WorkerThread 115: Can't spawn new thread: res = 11
[ERROR:0@27.727] global parallel_impl.cpp:244 WorkerThread 93: Can't spawn new thread: res = 11
[ERROR:0@27.727] global parallel_impl.cpp:244 WorkerThread 126: Can't spawn new thread: res = 11
[ERROR:0@27.727] global parallel_impl.cpp:244 WorkerThread 114: Can't spawn new thread: res = 11
[ERROR:0@27.727] global parallel_impl.cpp:244 WorkerThread 116: Can't spawn new thread: res = 11
[ERROR:0@27.727] global parallel_impl.cpp:244 WorkerThread 115: Can't spawn new thread: res = 11
[ERROR:0@27.727] global parallel_impl.cpp:244 WorkerThread 94: Can't spawn new thread: res = 11
[ERROR:0@27.727] global parallel_impl.cpp:244 WorkerThread 117: Can't spawn new thread: res = 11
[ERROR:0@27.727] global parallel_impl.cpp:244 WorkerThread 116: Can't spawn new thread: res = 11
[ERROR:0@27.727] global parallel_impl.cpp:244 WorkerThread 95: Can't spawn new thread: res = 11
[ERROR:0@27.727] global parallel_impl.cpp:244 WorkerThread 117: Can't spawn new thread: res = 11
[ERROR:0@27.727] global parallel_impl.cpp:244 WorkerThread 96: Can't spawn new thread: res = 11
[ERROR:0@27.727] global parallel_impl.cpp:244 WorkerThread 118: Can't spawn new thread: res = 11
[ERROR:0@27.727] global parallel_impl.cpp:244 WorkerThread 118: Can't spawn new thread: res = 11
[ERROR:0@27.727] global parallel_impl.cpp:244 WorkerThread 97: Can't spawn new thread: res = 11
[ERROR:0@27.727] global parallel_impl.cpp:244 WorkerThread 119: Can't spawn new thread: res = 11
[ERROR:0@27.727] global parallel_impl.cpp:244 WorkerThread 98: Can't spawn new thread: res = 11
[ERROR:0@27.727] global parallel_impl.cpp:244 WorkerThread 119: Can't spawn new thread: res = 11
[ERROR:0@27.727] global parallel_impl.cpp:244 WorkerThread 120: Can't spawn new thread: res = 11
[ERROR:0@27.727] global parallel_impl.cpp:244 WorkerThread 121: Can't spawn new thread: res = 11
[ERROR:0@27.727] global parallel_impl.cpp:244 WorkerThread 99: Can't spawn new thread: res = 11
[ERROR:0@27.727] global parallel_impl.cpp:244 WorkerThread 120: Can't spawn new thread: res = 11
[ERROR:0@27.727] global parallel_impl.cpp:244 WorkerThread 122: Can't spawn new thread: res = 11
[ERROR:0@27.727] global parallel_impl.cpp:244 WorkerThread 100: Can't spawn new thread: res = 11
[ERROR:0@27.727] global parallel_impl.cpp:244 WorkerThread 123: Can't spawn new thread: res = 11
[ERROR:0@27.727] global parallel_impl.cpp:244 WorkerThread 121: Can't spawn new thread: res = 11
[ERROR:0@27.727] global parallel_impl.cpp:244 WorkerThread 101: Can't spawn new thread: res = 11
[ERROR:0@27.727] global parallel_impl.cpp:244 WorkerThread 124: Can't spawn new thread: res = 11
[ERROR:0@27.727] global parallel_impl.cpp:244 WorkerThread 122: Can't spawn new thread: res = 11
[ERROR:0@27.727] global parallel_impl.cpp:244 WorkerThread 102: Can't spawn new thread: res = 11
[ERROR:0@27.727] global parallel_impl.cpp:244 WorkerThread 125: Can't spawn new thread: res = 11
[ERROR:0@27.727] global parallel_impl.cpp:244 WorkerThread 126: Can't spawn new thread: res = 11
[ERROR:0@27.727] global parallel_impl.cpp:244 WorkerThread 123: Can't spawn new thread: res = 11
[ERROR:0@27.727] global parallel_impl.cpp:244 WorkerThread 103: Can't spawn new thread: res = 11
[ERROR:0@27.727] global parallel_impl.cpp:244 WorkerThread 124: Can't spawn new thread: res = 11
[ERROR:0@27.727] global parallel_impl.cpp:244 WorkerThread 104: Can't spawn new thread: res = 11
[ERROR:0@27.727] global parallel_impl.cpp:244 WorkerThread 125: Can't spawn new thread: res = 11
[ERROR:0@27.727] global parallel_impl.cpp:244 WorkerThread 105: Can't spawn new thread: res = 11
[ERROR:0@27.727] global parallel_impl.cpp:244 WorkerThread 106: Can't spawn new thread: res = 11
[ERROR:0@27.727] global parallel_impl.cpp:244 WorkerThread 126: Can't spawn new thread: res = 11
[ERROR:0@27.727] global parallel_impl.cpp:244 WorkerThread 107: Can't spawn new thread: res = 11
[ERROR:0@27.727] global parallel_impl.cpp:244 WorkerThread 108: Can't spawn new thread: res = 11
[ERROR:0@27.727] global parallel_impl.cpp:244 WorkerThread 109: Can't spawn new thread: res = 11
[ERROR:0@27.727] global parallel_impl.cpp:244 WorkerThread 110: Can't spawn new thread: res = 11
[ERROR:0@27.727] global parallel_impl.cpp:244 WorkerThread 111: Can't spawn new thread: res = 11
[ERROR:0@27.727] global parallel_impl.cpp:244 WorkerThread 112: Can't spawn new thread: res = 11
[ERROR:0@27.727] global parallel_impl.cpp:244 WorkerThread 113: Can't spawn new thread: res = 11
[ERROR:0@27.728] global parallel_impl.cpp:244 WorkerThread 114: Can't spawn new thread: res = 11
[ERROR:0@27.728] global parallel_impl.cpp:244 WorkerThread 115: Can't spawn new thread: res = 11
[ERROR:0@27.728] global parallel_impl.cpp:244 WorkerThread 116: Can't spawn new thread: res = 11
[ERROR:0@27.728] global parallel_impl.cpp:244 WorkerThread 117: Can't spawn new thread: res = 11
[ERROR:0@27.728] global parallel_impl.cpp:244 WorkerThread 118: Can't spawn new thread: res = 11
[ERROR:0@27.728] global parallel_impl.cpp:244 WorkerThread 119: Can't spawn new thread: res = 11
[ERROR:0@27.728] global parallel_impl.cpp:244 WorkerThread 120: Can't spawn new thread: res = 11
[ERROR:0@27.728] global parallel_impl.cpp:244 WorkerThread 121: Can't spawn new thread: res = 11
[ERROR:0@27.728] global parallel_impl.cpp:244 WorkerThread 122: Can't spawn new thread: res = 11
[ERROR:0@27.728] global parallel_impl.cpp:244 WorkerThread 123: Can't spawn new thread: res = 11
[ERROR:0@27.728] global parallel_impl.cpp:244 WorkerThread 124: Can't spawn new thread: res = 11
[ERROR:0@27.728] global parallel_impl.cpp:244 WorkerThread 125: Can't spawn new thread: res = 11
[ERROR:0@27.728] global parallel_impl.cpp:244 WorkerThread 126: Can't spawn new thread: res = 11
Process Process-16:
Process Process-7:
Process Process-1:
Process Process-13:
Process Process-9:
Process Process-4:
Process Process-3:
Process Process-11:
Process Process-12:
Process Process-16:
Process Process-13:
Process Process-2:
Process Process-5:
Process Process-14:
Process Process-2:
Process Process-8:
Process Process-1:
Process Process-8:
Process Process-6:
Process Process-10:
Process Process-3:
Process Process-7:
Process Process-3:
Process Process-10:
Process Process-6:
Process Process-2:
Process Process-1:
Process Process-4:
Process Process-3:
Process Process-9:
Process Process-13:
Process Process-12:
Process Process-5:
Process Process-6:
Process Process-10:
Process Process-11:
Process Process-9:
Process Process-15:
Process Process-14:
Process Process-11:
Process Process-14:
Process Process-12:
Process Process-4:
Process Process-6:
Process Process-12:
Process Process-16:
Process Process-9:
Process Process-5:
Process Process-15:
Process Process-13:
Process Process-16:
Process Process-8:
Process Process-5:
Process Process-1:
Process Process-10:
Process Process-14:
Process Process-15:
Process Process-7:
Process Process-11:
Process Process-4:
Process Process-7:
Process Process-15:
Process Process-8:
Process Process-2:
Traceback (most recent call last):
Traceback (most recent call last):
Traceback (most recent call last):
  File "/home/angel.encalada/anaconda3/lib/python3.9/multiprocessing/process.py", line 315, in _bootstrap
    self.run()
  File "/home/angel.encalada/anaconda3/lib/python3.9/multiprocessing/process.py", line 108, in run
    self._target(*self._args, **self._kwargs)
  File "/home/angel.encalada/anaconda3/lib/python3.9/site-packages/torch/utils/data/_utils/worker.py", line 367, in _worker_loop
    data_queue.put((idx, data))
  File "/home/angel.encalada/anaconda3/lib/python3.9/multiprocessing/queues.py", line 94, in put
    self._start_thread()
  File "/home/angel.encalada/anaconda3/lib/python3.9/multiprocessing/queues.py", line 179, in _start_thread
    self._thread.start()
  File "/home/angel.encalada/anaconda3/lib/python3.9/multiprocessing/process.py", line 315, in _bootstrap
    self.run()
  File "/home/angel.encalada/anaconda3/lib/python3.9/threading.py", line 892, in start
    _start_new_thread(self._bootstrap, ())
  File "/home/angel.encalada/anaconda3/lib/python3.9/multiprocessing/process.py", line 315, in _bootstrap
    self.run()
Traceback (most recent call last):
Traceback (most recent call last):
Traceback (most recent call last):
Traceback (most recent call last):
Traceback (most recent call last):
  File "/home/angel.encalada/anaconda3/lib/python3.9/multiprocessing/process.py", line 108, in run
    self._target(*self._args, **self._kwargs)
RuntimeError: can't start new thread
Traceback (most recent call last):
  File "/home/angel.encalada/anaconda3/lib/python3.9/multiprocessing/process.py", line 108, in run
    self._target(*self._args, **self._kwargs)
  File "/home/angel.encalada/anaconda3/lib/python3.9/site-packages/torch/utils/data/_utils/worker.py", line 367, in _worker_loop
    data_queue.put((idx, data))
Traceback (most recent call last):
Traceback (most recent call last):
  File "/home/angel.encalada/anaconda3/lib/python3.9/multiprocessing/process.py", line 315, in _bootstrap
    self.run()
  File "/home/angel.encalada/anaconda3/lib/python3.9/multiprocessing/process.py", line 315, in _bootstrap
    self.run()
  File "/home/angel.encalada/anaconda3/lib/python3.9/multiprocessing/queues.py", line 94, in put
    self._start_thread()
  File "/home/angel.encalada/anaconda3/lib/python3.9/site-packages/torch/utils/data/_utils/worker.py", line 367, in _worker_loop
    data_queue.put((idx, data))
Traceback (most recent call last):
  File "/home/angel.encalada/anaconda3/lib/python3.9/multiprocessing/process.py", line 315, in _bootstrap
    self.run()
Traceback (most recent call last):
Traceback (most recent call last):
  File "/home/angel.encalada/anaconda3/lib/python3.9/multiprocessing/process.py", line 315, in _bootstrap
    self.run()
Traceback (most recent call last):
Traceback (most recent call last):
  File "/home/angel.encalada/anaconda3/lib/python3.9/multiprocessing/process.py", line 315, in _bootstrap
    self.run()
  File "/home/angel.encalada/anaconda3/lib/python3.9/multiprocessing/process.py", line 108, in run
    self._target(*self._args, **self._kwargs)
Traceback (most recent call last):
Traceback (most recent call last):
Traceback (most recent call last):
Traceback (most recent call last):
  File "/home/angel.encalada/anaconda3/lib/python3.9/multiprocessing/process.py", line 315, in _bootstrap
    self.run()
Traceback (most recent call last):
Traceback (most recent call last):
Traceback (most recent call last):
Traceback (most recent call last):
Traceback (most recent call last):
Traceback (most recent call last):
Traceback (most recent call last):
Traceback (most recent call last):
Traceback (most recent call last):
Traceback (most recent call last):
  File "/home/angel.encalada/anaconda3/lib/python3.9/multiprocessing/process.py", line 108, in run
    self._target(*self._args, **self._kwargs)
Traceback (most recent call last):
Traceback (most recent call last):
Traceback (most recent call last):
Traceback (most recent call last):
  File "/home/angel.encalada/anaconda3/lib/python3.9/multiprocessing/queues.py", line 179, in _start_thread
    self._thread.start()
  File "/home/angel.encalada/anaconda3/lib/python3.9/multiprocessing/queues.py", line 94, in put
    self._start_thread()
  File "/home/angel.encalada/anaconda3/lib/python3.9/multiprocessing/process.py", line 315, in _bootstrap
    self.run()
Traceback (most recent call last):
Traceback (most recent call last):
  File "/home/angel.encalada/anaconda3/lib/python3.9/multiprocessing/process.py", line 315, in _bootstrap
    self.run()
Traceback (most recent call last):
Traceback (most recent call last):
Traceback (most recent call last):
Traceback (most recent call last):
  File "/home/angel.encalada/anaconda3/lib/python3.9/multiprocessing/process.py", line 108, in run
    self._target(*self._args, **self._kwargs)
Traceback (most recent call last):
Traceback (most recent call last):
Traceback (most recent call last):
  File "/home/angel.encalada/anaconda3/lib/python3.9/multiprocessing/process.py", line 315, in _bootstrap
    self.run()
Traceback (most recent call last):
  File "/home/angel.encalada/anaconda3/lib/python3.9/multiprocessing/process.py", line 108, in run
    self._target(*self._args, **self._kwargs)
Traceback (most recent call last):
Traceback (most recent call last):
Traceback (most recent call last):
Traceback (most recent call last):
Traceback (most recent call last):
Traceback (most recent call last):
  File "/home/angel.encalada/anaconda3/lib/python3.9/multiprocessing/process.py", line 315, in _bootstrap
    self.run()
Traceback (most recent call last):
  File "/home/angel.encalada/anaconda3/lib/python3.9/multiprocessing/process.py", line 315, in _bootstrap
    self.run()
  File "/home/angel.encalada/anaconda3/lib/python3.9/multiprocessing/process.py", line 315, in _bootstrap
    self.run()
Traceback (most recent call last):
Traceback (most recent call last):
  File "/home/angel.encalada/anaconda3/lib/python3.9/multiprocessing/process.py", line 315, in _bootstrap
    self.run()
  File "/home/angel.encalada/anaconda3/lib/python3.9/multiprocessing/process.py", line 108, in run
    self._target(*self._args, **self._kwargs)
  File "/home/angel.encalada/anaconda3/lib/python3.9/multiprocessing/process.py", line 315, in _bootstrap
    self.run()
Traceback (most recent call last):
Traceback (most recent call last):
  File "/home/angel.encalada/anaconda3/lib/python3.9/site-packages/torch/utils/data/_utils/worker.py", line 367, in _worker_loop
    data_queue.put((idx, data))
  File "/home/angel.encalada/anaconda3/lib/python3.9/multiprocessing/process.py", line 315, in _bootstrap
    self.run()
Traceback (most recent call last):
Traceback (most recent call last):
  File "/home/angel.encalada/anaconda3/lib/python3.9/multiprocessing/process.py", line 315, in _bootstrap
    self.run()
Traceback (most recent call last):
  File "/home/angel.encalada/anaconda3/lib/python3.9/multiprocessing/process.py", line 315, in _bootstrap
    self.run()
Traceback (most recent call last):
Traceback (most recent call last):
  File "/home/angel.encalada/anaconda3/lib/python3.9/multiprocessing/process.py", line 108, in run
    self._target(*self._args, **self._kwargs)
  File "/home/angel.encalada/anaconda3/lib/python3.9/multiprocessing/process.py", line 315, in _bootstrap
    self.run()
  File "/home/angel.encalada/anaconda3/lib/python3.9/multiprocessing/process.py", line 108, in run
    self._target(*self._args, **self._kwargs)
  File "/home/angel.encalada/anaconda3/lib/python3.9/multiprocessing/process.py", line 315, in _bootstrap
    self.run()
  File "/home/angel.encalada/anaconda3/lib/python3.9/multiprocessing/process.py", line 315, in _bootstrap
    self.run()
  File "/home/angel.encalada/anaconda3/lib/python3.9/multiprocessing/process.py", line 315, in _bootstrap
    self.run()
  File "/home/angel.encalada/anaconda3/lib/python3.9/multiprocessing/process.py", line 315, in _bootstrap
    self.run()
  File "/home/angel.encalada/anaconda3/lib/python3.9/multiprocessing/process.py", line 315, in _bootstrap
    self.run()
  File "/home/angel.encalada/anaconda3/lib/python3.9/multiprocessing/process.py", line 315, in _bootstrap
    self.run()
  File "/home/angel.encalada/anaconda3/lib/python3.9/multiprocessing/process.py", line 315, in _bootstrap
    self.run()
  File "/home/angel.encalada/anaconda3/lib/python3.9/multiprocessing/process.py", line 315, in _bootstrap
    self.run()
  File "/home/angel.encalada/anaconda3/lib/python3.9/multiprocessing/process.py", line 315, in _bootstrap
    self.run()
  File "/home/angel.encalada/anaconda3/lib/python3.9/multiprocessing/process.py", line 315, in _bootstrap
    self.run()
  File "/home/angel.encalada/anaconda3/lib/python3.9/multiprocessing/process.py", line 315, in _bootstrap
    self.run()
  File "/home/angel.encalada/anaconda3/lib/python3.9/multiprocessing/process.py", line 315, in _bootstrap
    self.run()
  File "/home/angel.encalada/anaconda3/lib/python3.9/site-packages/torch/utils/data/_utils/worker.py", line 367, in _worker_loop
    data_queue.put((idx, data))
  File "/home/angel.encalada/anaconda3/lib/python3.9/multiprocessing/process.py", line 315, in _bootstrap
    self.run()
  File "/home/angel.encalada/anaconda3/lib/python3.9/multiprocessing/process.py", line 108, in run
    self._target(*self._args, **self._kwargs)
  File "/home/angel.encalada/anaconda3/lib/python3.9/multiprocessing/process.py", line 315, in _bootstrap
    self.run()
  File "/home/angel.encalada/anaconda3/lib/python3.9/multiprocessing/process.py", line 108, in run
    self._target(*self._args, **self._kwargs)
  File "/home/angel.encalada/anaconda3/lib/python3.9/threading.py", line 892, in start
    _start_new_thread(self._bootstrap, ())
  File "/home/angel.encalada/anaconda3/lib/python3.9/multiprocessing/process.py", line 315, in _bootstrap
    self.run()
  File "/home/angel.encalada/anaconda3/lib/python3.9/multiprocessing/queues.py", line 179, in _start_thread
    self._thread.start()
  File "/home/angel.encalada/anaconda3/lib/python3.9/multiprocessing/process.py", line 315, in _bootstrap
    self.run()
  File "/home/angel.encalada/anaconda3/lib/python3.9/multiprocessing/process.py", line 315, in _bootstrap
    self.run()
  File "/home/angel.encalada/anaconda3/lib/python3.9/multiprocessing/process.py", line 315, in _bootstrap
    self.run()
  File "/home/angel.encalada/anaconda3/lib/python3.9/multiprocessing/process.py", line 108, in run
    self._target(*self._args, **self._kwargs)
  File "/home/angel.encalada/anaconda3/lib/python3.9/multiprocessing/process.py", line 108, in run
    self._target(*self._args, **self._kwargs)
  File "/home/angel.encalada/anaconda3/lib/python3.9/multiprocessing/process.py", line 315, in _bootstrap
    self.run()
  File "/home/angel.encalada/anaconda3/lib/python3.9/multiprocessing/process.py", line 315, in _bootstrap
    self.run()
  File "/home/angel.encalada/anaconda3/lib/python3.9/multiprocessing/process.py", line 315, in _bootstrap
    self.run()
  File "/home/angel.encalada/anaconda3/lib/python3.9/multiprocessing/process.py", line 108, in run
    self._target(*self._args, **self._kwargs)
  File "/home/angel.encalada/anaconda3/lib/python3.9/site-packages/torch/utils/data/_utils/worker.py", line 367, in _worker_loop
    data_queue.put((idx, data))
  File "/home/angel.encalada/anaconda3/lib/python3.9/multiprocessing/process.py", line 315, in _bootstrap
    self.run()
  File "/home/angel.encalada/anaconda3/lib/python3.9/multiprocessing/process.py", line 315, in _bootstrap
    self.run()
  File "/home/angel.encalada/anaconda3/lib/python3.9/multiprocessing/process.py", line 315, in _bootstrap
    self.run()
  File "/home/angel.encalada/anaconda3/lib/python3.9/multiprocessing/process.py", line 315, in _bootstrap
    self.run()
  File "/home/angel.encalada/anaconda3/lib/python3.9/multiprocessing/process.py", line 108, in run
    self._target(*self._args, **self._kwargs)
  File "/home/angel.encalada/anaconda3/lib/python3.9/multiprocessing/process.py", line 108, in run
    self._target(*self._args, **self._kwargs)
  File "/home/angel.encalada/anaconda3/lib/python3.9/multiprocessing/process.py", line 315, in _bootstrap
    self.run()
  File "/home/angel.encalada/anaconda3/lib/python3.9/multiprocessing/process.py", line 315, in _bootstrap
    self.run()
  File "/home/angel.encalada/anaconda3/lib/python3.9/site-packages/torch/utils/data/_utils/worker.py", line 367, in _worker_loop
    data_queue.put((idx, data))
  File "/home/angel.encalada/anaconda3/lib/python3.9/multiprocessing/process.py", line 108, in run
    self._target(*self._args, **self._kwargs)
  File "/home/angel.encalada/anaconda3/lib/python3.9/multiprocessing/process.py", line 108, in run
    self._target(*self._args, **self._kwargs)
  File "/home/angel.encalada/anaconda3/lib/python3.9/multiprocessing/process.py", line 108, in run
    self._target(*self._args, **self._kwargs)
  File "/home/angel.encalada/anaconda3/lib/python3.9/multiprocessing/process.py", line 315, in _bootstrap
    self.run()
  File "/home/angel.encalada/anaconda3/lib/python3.9/multiprocessing/process.py", line 108, in run
    self._target(*self._args, **self._kwargs)
  File "/home/angel.encalada/anaconda3/lib/python3.9/multiprocessing/process.py", line 108, in run
    self._target(*self._args, **self._kwargs)
  File "/home/angel.encalada/anaconda3/lib/python3.9/multiprocessing/process.py", line 315, in _bootstrap
    self.run()
  File "/home/angel.encalada/anaconda3/lib/python3.9/multiprocessing/process.py", line 315, in _bootstrap
    self.run()
  File "/home/angel.encalada/anaconda3/lib/python3.9/multiprocessing/process.py", line 108, in run
    self._target(*self._args, **self._kwargs)
  File "/home/angel.encalada/anaconda3/lib/python3.9/multiprocessing/process.py", line 315, in _bootstrap
    self.run()
  File "/home/angel.encalada/anaconda3/lib/python3.9/site-packages/torch/utils/data/_utils/worker.py", line 367, in _worker_loop
    data_queue.put((idx, data))
  File "/home/angel.encalada/anaconda3/lib/python3.9/multiprocessing/process.py", line 108, in run
    self._target(*self._args, **self._kwargs)
  File "/home/angel.encalada/anaconda3/lib/python3.9/multiprocessing/process.py", line 315, in _bootstrap
    self.run()
  File "/home/angel.encalada/anaconda3/lib/python3.9/multiprocessing/queues.py", line 94, in put
    self._start_thread()
  File "/home/angel.encalada/anaconda3/lib/python3.9/multiprocessing/process.py", line 108, in run
    self._target(*self._args, **self._kwargs)
  File "/home/angel.encalada/anaconda3/lib/python3.9/multiprocessing/queues.py", line 94, in put
    self._start_thread()
  File "/home/angel.encalada/anaconda3/lib/python3.9/multiprocessing/process.py", line 315, in _bootstrap
    self.run()
  File "/home/angel.encalada/anaconda3/lib/python3.9/multiprocessing/process.py", line 315, in _bootstrap
    self.run()
  File "/home/angel.encalada/anaconda3/lib/python3.9/multiprocessing/process.py", line 315, in _bootstrap
    self.run()
Traceback (most recent call last):
  File "/home/angel.encalada/anaconda3/lib/python3.9/multiprocessing/process.py", line 315, in _bootstrap
    self.run()
  File "/home/angel.encalada/anaconda3/lib/python3.9/multiprocessing/process.py", line 315, in _bootstrap
    self.run()
  File "/home/angel.encalada/anaconda3/lib/python3.9/multiprocessing/process.py", line 315, in _bootstrap
    self.run()
  File "/home/angel.encalada/anaconda3/lib/python3.9/multiprocessing/process.py", line 108, in run
    self._target(*self._args, **self._kwargs)
  File "/home/angel.encalada/anaconda3/lib/python3.9/site-packages/torch/utils/data/_utils/worker.py", line 367, in _worker_loop
    data_queue.put((idx, data))
  File "/home/angel.encalada/anaconda3/lib/python3.9/site-packages/torch/utils/data/_utils/worker.py", line 367, in _worker_loop
    data_queue.put((idx, data))
RuntimeError: can't start new thread
  File "/home/angel.encalada/anaconda3/lib/python3.9/site-packages/torch/utils/data/_utils/worker.py", line 367, in _worker_loop
    data_queue.put((idx, data))
  File "/home/angel.encalada/anaconda3/lib/python3.9/multiprocessing/process.py", line 108, in run
    self._target(*self._args, **self._kwargs)
  File "/home/angel.encalada/anaconda3/lib/python3.9/multiprocessing/process.py", line 315, in _bootstrap
    self.run()
  File "/home/angel.encalada/anaconda3/lib/python3.9/multiprocessing/process.py", line 108, in run
    self._target(*self._args, **self._kwargs)
  File "/home/angel.encalada/anaconda3/lib/python3.9/multiprocessing/process.py", line 108, in run
    self._target(*self._args, **self._kwargs)
  File "/home/angel.encalada/anaconda3/lib/python3.9/multiprocessing/process.py", line 108, in run
    self._target(*self._args, **self._kwargs)
  File "/home/angel.encalada/anaconda3/lib/python3.9/multiprocessing/process.py", line 108, in run
    self._target(*self._args, **self._kwargs)
  File "/home/angel.encalada/anaconda3/lib/python3.9/multiprocessing/process.py", line 108, in run
    self._target(*self._args, **self._kwargs)
  File "/home/angel.encalada/anaconda3/lib/python3.9/multiprocessing/process.py", line 108, in run
    self._target(*self._args, **self._kwargs)
  File "/home/angel.encalada/anaconda3/lib/python3.9/multiprocessing/process.py", line 108, in run
    self._target(*self._args, **self._kwargs)
  File "/home/angel.encalada/anaconda3/lib/python3.9/multiprocessing/process.py", line 108, in run
    self._target(*self._args, **self._kwargs)
  File "/home/angel.encalada/anaconda3/lib/python3.9/multiprocessing/process.py", line 108, in run
    self._target(*self._args, **self._kwargs)
  File "/home/angel.encalada/anaconda3/lib/python3.9/multiprocessing/queues.py", line 94, in put
    self._start_thread()
  File "/home/angel.encalada/anaconda3/lib/python3.9/multiprocessing/process.py", line 108, in run
    self._target(*self._args, **self._kwargs)
  File "/home/angel.encalada/anaconda3/lib/python3.9/multiprocessing/process.py", line 108, in run
    self._target(*self._args, **self._kwargs)
  File "/home/angel.encalada/anaconda3/lib/python3.9/multiprocessing/process.py", line 108, in run
    self._target(*self._args, **self._kwargs)
  File "/home/angel.encalada/anaconda3/lib/python3.9/site-packages/torch/utils/data/_utils/worker.py", line 367, in _worker_loop
    data_queue.put((idx, data))
  File "/home/angel.encalada/anaconda3/lib/python3.9/multiprocessing/process.py", line 108, in run
    self._target(*self._args, **self._kwargs)
  File "/home/angel.encalada/anaconda3/lib/python3.9/multiprocessing/process.py", line 108, in run
    self._target(*self._args, **self._kwargs)
  File "/home/angel.encalada/anaconda3/lib/python3.9/site-packages/torch/utils/data/_utils/worker.py", line 367, in _worker_loop
    data_queue.put((idx, data))
  File "/home/angel.encalada/anaconda3/lib/python3.9/multiprocessing/process.py", line 108, in run
    self._target(*self._args, **self._kwargs)
  File "/home/angel.encalada/anaconda3/lib/python3.9/threading.py", line 892, in start
    _start_new_thread(self._bootstrap, ())
  File "/home/angel.encalada/anaconda3/lib/python3.9/multiprocessing/process.py", line 108, in run
    self._target(*self._args, **self._kwargs)
  File "/home/angel.encalada/anaconda3/lib/python3.9/multiprocessing/process.py", line 108, in run
    self._target(*self._args, **self._kwargs)
  File "/home/angel.encalada/anaconda3/lib/python3.9/multiprocessing/process.py", line 108, in run
    self._target(*self._args, **self._kwargs)
  File "/home/angel.encalada/anaconda3/lib/python3.9/multiprocessing/queues.py", line 94, in put
    self._start_thread()
  File "/home/angel.encalada/anaconda3/lib/python3.9/site-packages/torch/utils/data/_utils/worker.py", line 367, in _worker_loop
    data_queue.put((idx, data))
  File "/home/angel.encalada/anaconda3/lib/python3.9/site-packages/torch/utils/data/_utils/worker.py", line 367, in _worker_loop
    data_queue.put((idx, data))
  File "/home/angel.encalada/anaconda3/lib/python3.9/multiprocessing/queues.py", line 94, in put
    self._start_thread()
  File "/home/angel.encalada/anaconda3/lib/python3.9/multiprocessing/process.py", line 108, in run
    self._target(*self._args, **self._kwargs)
  File "/home/angel.encalada/anaconda3/lib/python3.9/multiprocessing/process.py", line 108, in run
    self._target(*self._args, **self._kwargs)
  File "/home/angel.encalada/anaconda3/lib/python3.9/site-packages/torch/utils/data/_utils/worker.py", line 367, in _worker_loop
    data_queue.put((idx, data))
  File "/home/angel.encalada/anaconda3/lib/python3.9/multiprocessing/queues.py", line 94, in put
    self._start_thread()
  File "/home/angel.encalada/anaconda3/lib/python3.9/multiprocessing/process.py", line 108, in run
    self._target(*self._args, **self._kwargs)
  File "/home/angel.encalada/anaconda3/lib/python3.9/multiprocessing/process.py", line 108, in run
    self._target(*self._args, **self._kwargs)
  File "/home/angel.encalada/anaconda3/lib/python3.9/multiprocessing/process.py", line 108, in run
    self._target(*self._args, **self._kwargs)
  File "/home/angel.encalada/anaconda3/lib/python3.9/multiprocessing/process.py", line 108, in run
    self._target(*self._args, **self._kwargs)
  File "/home/angel.encalada/anaconda3/lib/python3.9/site-packages/torch/utils/data/_utils/worker.py", line 367, in _worker_loop
    data_queue.put((idx, data))
  File "/home/angel.encalada/anaconda3/lib/python3.9/site-packages/torch/utils/data/_utils/worker.py", line 367, in _worker_loop
    data_queue.put((idx, data))
  File "/home/angel.encalada/anaconda3/lib/python3.9/site-packages/torch/utils/data/_utils/worker.py", line 367, in _worker_loop
    data_queue.put((idx, data))
  File "/home/angel.encalada/anaconda3/lib/python3.9/multiprocessing/process.py", line 108, in run
    self._target(*self._args, **self._kwargs)
  File "/home/angel.encalada/anaconda3/lib/python3.9/site-packages/torch/utils/data/_utils/worker.py", line 367, in _worker_loop
    data_queue.put((idx, data))
  File "/home/angel.encalada/anaconda3/lib/python3.9/site-packages/torch/utils/data/_utils/worker.py", line 367, in _worker_loop
    data_queue.put((idx, data))
  File "/home/angel.encalada/anaconda3/lib/python3.9/site-packages/torch/utils/data/_utils/worker.py", line 367, in _worker_loop
    data_queue.put((idx, data))
  File "/home/angel.encalada/anaconda3/lib/python3.9/site-packages/torch/utils/data/_utils/worker.py", line 367, in _worker_loop
    data_queue.put((idx, data))
  File "/home/angel.encalada/anaconda3/lib/python3.9/site-packages/torch/utils/data/_utils/worker.py", line 367, in _worker_loop
    data_queue.put((idx, data))
  File "/home/angel.encalada/anaconda3/lib/python3.9/multiprocessing/process.py", line 108, in run
    self._target(*self._args, **self._kwargs)
  File "/home/angel.encalada/anaconda3/lib/python3.9/multiprocessing/process.py", line 108, in run
    self._target(*self._args, **self._kwargs)
  File "/home/angel.encalada/anaconda3/lib/python3.9/site-packages/torch/utils/data/_utils/worker.py", line 367, in _worker_loop
    data_queue.put((idx, data))
  File "/home/angel.encalada/anaconda3/lib/python3.9/multiprocessing/queues.py", line 94, in put
    self._start_thread()
  File "/home/angel.encalada/anaconda3/lib/python3.9/multiprocessing/process.py", line 108, in run
    self._target(*self._args, **self._kwargs)
  File "/home/angel.encalada/anaconda3/lib/python3.9/multiprocessing/queues.py", line 179, in _start_thread
    self._thread.start()
  File "/home/angel.encalada/anaconda3/lib/python3.9/multiprocessing/queues.py", line 94, in put
    self._start_thread()
  File "/home/angel.encalada/anaconda3/lib/python3.9/site-packages/torch/utils/data/_utils/worker.py", line 367, in _worker_loop
    data_queue.put((idx, data))
  File "/home/angel.encalada/anaconda3/lib/python3.9/multiprocessing/process.py", line 108, in run
    self._target(*self._args, **self._kwargs)
  File "/home/angel.encalada/anaconda3/lib/python3.9/multiprocessing/queues.py", line 179, in _start_thread
    self._thread.start()
  File "/home/angel.encalada/anaconda3/lib/python3.9/multiprocessing/process.py", line 108, in run
    self._target(*self._args, **self._kwargs)
  File "/home/angel.encalada/anaconda3/lib/python3.9/multiprocessing/process.py", line 108, in run
    self._target(*self._args, **self._kwargs)
  File "/home/angel.encalada/anaconda3/lib/python3.9/multiprocessing/process.py", line 108, in run
    self._target(*self._args, **self._kwargs)
  File "/home/angel.encalada/anaconda3/lib/python3.9/multiprocessing/process.py", line 108, in run
    self._target(*self._args, **self._kwargs)
  File "/home/angel.encalada/anaconda3/lib/python3.9/site-packages/torch/utils/data/_utils/worker.py", line 367, in _worker_loop
    data_queue.put((idx, data))
  File "/home/angel.encalada/anaconda3/lib/python3.9/multiprocessing/queues.py", line 94, in put
    self._start_thread()
  File "/home/angel.encalada/anaconda3/lib/python3.9/multiprocessing/queues.py", line 94, in put
    self._start_thread()
  File "/home/angel.encalada/anaconda3/lib/python3.9/multiprocessing/process.py", line 315, in _bootstrap
    self.run()
  File "/home/angel.encalada/anaconda3/lib/python3.9/multiprocessing/queues.py", line 179, in _start_thread
    self._thread.start()
  File "/home/angel.encalada/anaconda3/lib/python3.9/multiprocessing/queues.py", line 94, in put
    self._start_thread()
  File "/home/angel.encalada/anaconda3/lib/python3.9/site-packages/torch/utils/data/_utils/worker.py", line 367, in _worker_loop
    data_queue.put((idx, data))
  File "/home/angel.encalada/anaconda3/lib/python3.9/site-packages/torch/utils/data/_utils/worker.py", line 367, in _worker_loop
    data_queue.put((idx, data))
  File "/home/angel.encalada/anaconda3/lib/python3.9/site-packages/torch/utils/data/_utils/worker.py", line 367, in _worker_loop
    data_queue.put((idx, data))
  File "/home/angel.encalada/anaconda3/lib/python3.9/site-packages/torch/utils/data/_utils/worker.py", line 367, in _worker_loop
    data_queue.put((idx, data))
  File "/home/angel.encalada/anaconda3/lib/python3.9/site-packages/torch/utils/data/_utils/worker.py", line 367, in _worker_loop
    data_queue.put((idx, data))
  File "/home/angel.encalada/anaconda3/lib/python3.9/site-packages/torch/utils/data/_utils/worker.py", line 367, in _worker_loop
    data_queue.put((idx, data))
  File "/home/angel.encalada/anaconda3/lib/python3.9/site-packages/torch/utils/data/_utils/worker.py", line 367, in _worker_loop
    data_queue.put((idx, data))
  File "/home/angel.encalada/anaconda3/lib/python3.9/site-packages/torch/utils/data/_utils/worker.py", line 367, in _worker_loop
    data_queue.put((idx, data))
  File "/home/angel.encalada/anaconda3/lib/python3.9/site-packages/torch/utils/data/_utils/worker.py", line 367, in _worker_loop
    data_queue.put((idx, data))
  File "/home/angel.encalada/anaconda3/lib/python3.9/site-packages/torch/utils/data/_utils/worker.py", line 367, in _worker_loop
    data_queue.put((idx, data))
  File "/home/angel.encalada/anaconda3/lib/python3.9/site-packages/torch/utils/data/_utils/worker.py", line 367, in _worker_loop
    data_queue.put((idx, data))
  File "/home/angel.encalada/anaconda3/lib/python3.9/multiprocessing/queues.py", line 94, in put
    self._start_thread()
  File "/home/angel.encalada/anaconda3/lib/python3.9/multiprocessing/queues.py", line 94, in put
    self._start_thread()
  File "/home/angel.encalada/anaconda3/lib/python3.9/site-packages/torch/utils/data/_utils/worker.py", line 367, in _worker_loop
    data_queue.put((idx, data))
  File "/home/angel.encalada/anaconda3/lib/python3.9/multiprocessing/queues.py", line 179, in _start_thread
    self._thread.start()
  File "/home/angel.encalada/anaconda3/lib/python3.9/site-packages/torch/utils/data/_utils/worker.py", line 367, in _worker_loop
    data_queue.put((idx, data))
  File "/home/angel.encalada/anaconda3/lib/python3.9/site-packages/torch/utils/data/_utils/worker.py", line 367, in _worker_loop
    data_queue.put((idx, data))
  File "/home/angel.encalada/anaconda3/lib/python3.9/multiprocessing/queues.py", line 94, in put
    self._start_thread()
  File "/home/angel.encalada/anaconda3/lib/python3.9/multiprocessing/queues.py", line 179, in _start_thread
    self._thread.start()
  File "/home/angel.encalada/anaconda3/lib/python3.9/site-packages/torch/utils/data/_utils/worker.py", line 367, in _worker_loop
    data_queue.put((idx, data))
  File "/home/angel.encalada/anaconda3/lib/python3.9/site-packages/torch/utils/data/_utils/worker.py", line 367, in _worker_loop
    data_queue.put((idx, data))
  File "/home/angel.encalada/anaconda3/lib/python3.9/multiprocessing/queues.py", line 179, in _start_thread
    self._thread.start()
  File "/home/angel.encalada/anaconda3/lib/python3.9/site-packages/torch/utils/data/_utils/worker.py", line 367, in _worker_loop
    data_queue.put((idx, data))
  File "/home/angel.encalada/anaconda3/lib/python3.9/site-packages/torch/utils/data/_utils/worker.py", line 367, in _worker_loop
    data_queue.put((idx, data))
  File "/home/angel.encalada/anaconda3/lib/python3.9/site-packages/torch/utils/data/_utils/worker.py", line 367, in _worker_loop
    data_queue.put((idx, data))
Traceback (most recent call last):
  File "/home/angel.encalada/anaconda3/lib/python3.9/site-packages/torch/utils/data/_utils/worker.py", line 367, in _worker_loop
    data_queue.put((idx, data))
  File "/home/angel.encalada/anaconda3/lib/python3.9/multiprocessing/queues.py", line 179, in _start_thread
    self._thread.start()
  File "/home/angel.encalada/anaconda3/lib/python3.9/multiprocessing/process.py", line 108, in run
    self._target(*self._args, **self._kwargs)
  File "/home/angel.encalada/anaconda3/lib/python3.9/site-packages/torch/utils/data/_utils/worker.py", line 367, in _worker_loop
    data_queue.put((idx, data))
  File "/home/angel.encalada/anaconda3/lib/python3.9/site-packages/torch/utils/data/_utils/worker.py", line 367, in _worker_loop
    data_queue.put((idx, data))
  File "/home/angel.encalada/anaconda3/lib/python3.9/site-packages/torch/utils/data/_utils/worker.py", line 367, in _worker_loop
    data_queue.put((idx, data))
RuntimeError: can't start new thread
  File "/home/angel.encalada/anaconda3/lib/python3.9/multiprocessing/queues.py", line 94, in put
    self._start_thread()
  File "/home/angel.encalada/anaconda3/lib/python3.9/multiprocessing/queues.py", line 179, in _start_thread
    self._thread.start()
  File "/home/angel.encalada/anaconda3/lib/python3.9/multiprocessing/queues.py", line 179, in _start_thread
    self._thread.start()
  File "/home/angel.encalada/anaconda3/lib/python3.9/site-packages/torch/utils/data/_utils/worker.py", line 367, in _worker_loop
    data_queue.put((idx, data))
  File "/home/angel.encalada/anaconda3/lib/python3.9/site-packages/torch/utils/data/_utils/worker.py", line 367, in _worker_loop
    data_queue.put((idx, data))
  File "/home/angel.encalada/anaconda3/lib/python3.9/multiprocessing/queues.py", line 94, in put
    self._start_thread()
  File "/home/angel.encalada/anaconda3/lib/python3.9/multiprocessing/queues.py", line 179, in _start_thread
    self._thread.start()
  File "/home/angel.encalada/anaconda3/lib/python3.9/multiprocessing/queues.py", line 94, in put
    self._start_thread()
  File "/home/angel.encalada/anaconda3/lib/python3.9/site-packages/torch/utils/data/_utils/worker.py", line 367, in _worker_loop
    data_queue.put((idx, data))
  File "/home/angel.encalada/anaconda3/lib/python3.9/multiprocessing/queues.py", line 94, in put
    self._start_thread()
  File "/home/angel.encalada/anaconda3/lib/python3.9/multiprocessing/queues.py", line 94, in put
    self._start_thread()
  File "/home/angel.encalada/anaconda3/lib/python3.9/multiprocessing/queues.py", line 94, in put
    self._start_thread()
  File "/home/angel.encalada/anaconda3/lib/python3.9/multiprocessing/queues.py", line 94, in put
    self._start_thread()
  File "/home/angel.encalada/anaconda3/lib/python3.9/multiprocessing/queues.py", line 179, in _start_thread
    self._thread.start()
  File "/home/angel.encalada/anaconda3/lib/python3.9/site-packages/torch/utils/data/_utils/worker.py", line 367, in _worker_loop
    data_queue.put((idx, data))
  File "/home/angel.encalada/anaconda3/lib/python3.9/multiprocessing/queues.py", line 94, in put
    self._start_thread()
  File "/home/angel.encalada/anaconda3/lib/python3.9/multiprocessing/queues.py", line 94, in put
    self._start_thread()
  File "/home/angel.encalada/anaconda3/lib/python3.9/multiprocessing/queues.py", line 94, in put
    self._start_thread()
  File "/home/angel.encalada/anaconda3/lib/python3.9/multiprocessing/queues.py", line 94, in put
    self._start_thread()
  File "/home/angel.encalada/anaconda3/lib/python3.9/multiprocessing/queues.py", line 94, in put
    self._start_thread()
  File "/home/angel.encalada/anaconda3/lib/python3.9/site-packages/torch/utils/data/_utils/worker.py", line 367, in _worker_loop
    data_queue.put((idx, data))
  File "/home/angel.encalada/anaconda3/lib/python3.9/multiprocessing/queues.py", line 94, in put
    self._start_thread()
  File "/home/angel.encalada/anaconda3/lib/python3.9/multiprocessing/queues.py", line 94, in put
    self._start_thread()
  File "/home/angel.encalada/anaconda3/lib/python3.9/multiprocessing/queues.py", line 179, in _start_thread
    self._thread.start()
  File "/home/angel.encalada/anaconda3/lib/python3.9/site-packages/torch/utils/data/_utils/worker.py", line 367, in _worker_loop
    data_queue.put((idx, data))
  File "/home/angel.encalada/anaconda3/lib/python3.9/multiprocessing/queues.py", line 94, in put
    self._start_thread()
  File "/home/angel.encalada/anaconda3/lib/python3.9/threading.py", line 892, in start
    _start_new_thread(self._bootstrap, ())
  File "/home/angel.encalada/anaconda3/lib/python3.9/multiprocessing/queues.py", line 94, in put
    self._start_thread()
  File "/home/angel.encalada/anaconda3/lib/python3.9/threading.py", line 892, in start
    _start_new_thread(self._bootstrap, ())
  File "/home/angel.encalada/anaconda3/lib/python3.9/site-packages/torch/utils/data/_utils/worker.py", line 367, in _worker_loop
    data_queue.put((idx, data))
  File "/home/angel.encalada/anaconda3/lib/python3.9/site-packages/torch/utils/data/_utils/worker.py", line 367, in _worker_loop
    data_queue.put((idx, data))
  File "/home/angel.encalada/anaconda3/lib/python3.9/site-packages/torch/utils/data/_utils/worker.py", line 367, in _worker_loop
    data_queue.put((idx, data))
  File "/home/angel.encalada/anaconda3/lib/python3.9/site-packages/torch/utils/data/_utils/worker.py", line 367, in _worker_loop
    data_queue.put((idx, data))
  File "/home/angel.encalada/anaconda3/lib/python3.9/multiprocessing/queues.py", line 94, in put
    self._start_thread()
  File "/home/angel.encalada/anaconda3/lib/python3.9/multiprocessing/queues.py", line 94, in put
    self._start_thread()
  File "/home/angel.encalada/anaconda3/lib/python3.9/multiprocessing/queues.py", line 179, in _start_thread
    self._thread.start()
  File "/home/angel.encalada/anaconda3/lib/python3.9/multiprocessing/queues.py", line 94, in put
    self._start_thread()
  File "/home/angel.encalada/anaconda3/lib/python3.9/threading.py", line 892, in start
    _start_new_thread(self._bootstrap, ())
  File "/home/angel.encalada/anaconda3/lib/python3.9/multiprocessing/process.py", line 315, in _bootstrap
    self.run()
  File "/home/angel.encalada/anaconda3/lib/python3.9/multiprocessing/queues.py", line 94, in put
    self._start_thread()
RuntimeError: can't start new thread
  File "/home/angel.encalada/anaconda3/lib/python3.9/multiprocessing/queues.py", line 94, in put
    self._start_thread()
  File "/home/angel.encalada/anaconda3/lib/python3.9/multiprocessing/queues.py", line 94, in put
    self._start_thread()
  File "/home/angel.encalada/anaconda3/lib/python3.9/multiprocessing/queues.py", line 94, in put
    self._start_thread()
  File "/home/angel.encalada/anaconda3/lib/python3.9/multiprocessing/queues.py", line 94, in put
    self._start_thread()
  File "/home/angel.encalada/anaconda3/lib/python3.9/multiprocessing/queues.py", line 94, in put
    self._start_thread()
  File "/home/angel.encalada/anaconda3/lib/python3.9/multiprocessing/queues.py", line 94, in put
    self._start_thread()
  File "/home/angel.encalada/anaconda3/lib/python3.9/multiprocessing/queues.py", line 179, in _start_thread
    self._thread.start()
  File "/home/angel.encalada/anaconda3/lib/python3.9/multiprocessing/queues.py", line 179, in _start_thread
    self._thread.start()
  File "/home/angel.encalada/anaconda3/lib/python3.9/threading.py", line 892, in start
    _start_new_thread(self._bootstrap, ())
  File "/home/angel.encalada/anaconda3/lib/python3.9/multiprocessing/queues.py", line 94, in put
    self._start_thread()
  File "/home/angel.encalada/anaconda3/lib/python3.9/threading.py", line 892, in start
    _start_new_thread(self._bootstrap, ())
  File "/home/angel.encalada/anaconda3/lib/python3.9/multiprocessing/queues.py", line 94, in put
    self._start_thread()
  File "/home/angel.encalada/anaconda3/lib/python3.9/multiprocessing/queues.py", line 94, in put
    self._start_thread()
  File "/home/angel.encalada/anaconda3/lib/python3.9/threading.py", line 892, in start
    _start_new_thread(self._bootstrap, ())
  File "/home/angel.encalada/anaconda3/lib/python3.9/multiprocessing/queues.py", line 94, in put
    self._start_thread()
  File "/home/angel.encalada/anaconda3/lib/python3.9/threading.py", line 892, in start
    _start_new_thread(self._bootstrap, ())
  File "/home/angel.encalada/anaconda3/lib/python3.9/multiprocessing/queues.py", line 94, in put
    self._start_thread()
  File "/home/angel.encalada/anaconda3/lib/python3.9/multiprocessing/queues.py", line 94, in put
    self._start_thread()
RuntimeError: can't start new thread
  File "/home/angel.encalada/anaconda3/lib/python3.9/multiprocessing/queues.py", line 94, in put
    self._start_thread()
  File "/home/angel.encalada/anaconda3/lib/python3.9/multiprocessing/queues.py", line 94, in put
    self._start_thread()
  File "/home/angel.encalada/anaconda3/lib/python3.9/threading.py", line 892, in start
    _start_new_thread(self._bootstrap, ())
  File "/home/angel.encalada/anaconda3/lib/python3.9/threading.py", line 892, in start
    _start_new_thread(self._bootstrap, ())
  File "/home/angel.encalada/anaconda3/lib/python3.9/site-packages/torch/utils/data/_utils/worker.py", line 367, in _worker_loop
    data_queue.put((idx, data))
  File "/home/angel.encalada/anaconda3/lib/python3.9/multiprocessing/queues.py", line 94, in put
    self._start_thread()
  File "/home/angel.encalada/anaconda3/lib/python3.9/multiprocessing/queues.py", line 94, in put
    self._start_thread()
  File "/home/angel.encalada/anaconda3/lib/python3.9/multiprocessing/queues.py", line 179, in _start_thread
    self._thread.start()
  File "/home/angel.encalada/anaconda3/lib/python3.9/multiprocessing/process.py", line 108, in run
    self._target(*self._args, **self._kwargs)
  File "/home/angel.encalada/anaconda3/lib/python3.9/multiprocessing/queues.py", line 179, in _start_thread
    self._thread.start()
  File "/home/angel.encalada/anaconda3/lib/python3.9/threading.py", line 892, in start
    _start_new_thread(self._bootstrap, ())
  File "/home/angel.encalada/anaconda3/lib/python3.9/threading.py", line 892, in start
    _start_new_thread(self._bootstrap, ())
  File "/home/angel.encalada/anaconda3/lib/python3.9/multiprocessing/queues.py", line 94, in put
    self._start_thread()
  File "/home/angel.encalada/anaconda3/lib/python3.9/multiprocessing/queues.py", line 94, in put
    self._start_thread()
  File "/home/angel.encalada/anaconda3/lib/python3.9/multiprocessing/queues.py", line 179, in _start_thread
    self._thread.start()
  File "/home/angel.encalada/anaconda3/lib/python3.9/multiprocessing/queues.py", line 179, in _start_thread
    self._thread.start()
  File "/home/angel.encalada/anaconda3/lib/python3.9/multiprocessing/queues.py", line 179, in _start_thread
    self._thread.start()
  File "/home/angel.encalada/anaconda3/lib/python3.9/multiprocessing/queues.py", line 179, in _start_thread
    self._thread.start()
  File "/home/angel.encalada/anaconda3/lib/python3.9/multiprocessing/queues.py", line 179, in _start_thread
    self._thread.start()
  File "/home/angel.encalada/anaconda3/lib/python3.9/multiprocessing/queues.py", line 179, in _start_thread
    self._thread.start()
  File "/home/angel.encalada/anaconda3/lib/python3.9/threading.py", line 892, in start
    _start_new_thread(self._bootstrap, ())
  File "/home/angel.encalada/anaconda3/lib/python3.9/multiprocessing/queues.py", line 179, in _start_thread
    self._thread.start()
  File "/home/angel.encalada/anaconda3/lib/python3.9/multiprocessing/queues.py", line 179, in _start_thread
    self._thread.start()
  File "/home/angel.encalada/anaconda3/lib/python3.9/multiprocessing/queues.py", line 179, in _start_thread
    self._thread.start()
  File "/home/angel.encalada/anaconda3/lib/python3.9/multiprocessing/queues.py", line 179, in _start_thread
    self._thread.start()
  File "/home/angel.encalada/anaconda3/lib/python3.9/multiprocessing/queues.py", line 179, in _start_thread
    self._thread.start()
  File "/home/angel.encalada/anaconda3/lib/python3.9/multiprocessing/queues.py", line 179, in _start_thread
    self._thread.start()
  File "/home/angel.encalada/anaconda3/lib/python3.9/multiprocessing/queues.py", line 179, in _start_thread
    self._thread.start()
  File "/home/angel.encalada/anaconda3/lib/python3.9/multiprocessing/queues.py", line 94, in put
    self._start_thread()
  File "/home/angel.encalada/anaconda3/lib/python3.9/multiprocessing/queues.py", line 179, in _start_thread
    self._thread.start()
  File "/home/angel.encalada/anaconda3/lib/python3.9/multiprocessing/queues.py", line 179, in _start_thread
    self._thread.start()
  File "/home/angel.encalada/anaconda3/lib/python3.9/threading.py", line 892, in start
    _start_new_thread(self._bootstrap, ())
  File "/home/angel.encalada/anaconda3/lib/python3.9/multiprocessing/queues.py", line 179, in _start_thread
    self._thread.start()
  File "/home/angel.encalada/anaconda3/lib/python3.9/multiprocessing/queues.py", line 179, in _start_thread
    self._thread.start()
  File "/home/angel.encalada/anaconda3/lib/python3.9/multiprocessing/queues.py", line 179, in _start_thread
    self._thread.start()
RuntimeError: can't start new thread
  File "/home/angel.encalada/anaconda3/lib/python3.9/multiprocessing/queues.py", line 94, in put
    self._start_thread()
  File "/home/angel.encalada/anaconda3/lib/python3.9/multiprocessing/queues.py", line 179, in _start_thread
    self._thread.start()
  File "/home/angel.encalada/anaconda3/lib/python3.9/multiprocessing/queues.py", line 94, in put
    self._start_thread()
  File "/home/angel.encalada/anaconda3/lib/python3.9/multiprocessing/queues.py", line 94, in put
    self._start_thread()
  File "/home/angel.encalada/anaconda3/lib/python3.9/multiprocessing/queues.py", line 179, in _start_thread
    self._thread.start()
  File "/home/angel.encalada/anaconda3/lib/python3.9/multiprocessing/queues.py", line 179, in _start_thread
    self._thread.start()
  File "/home/angel.encalada/anaconda3/lib/python3.9/multiprocessing/queues.py", line 179, in _start_thread
    self._thread.start()
  File "/home/angel.encalada/anaconda3/lib/python3.9/multiprocessing/queues.py", line 179, in _start_thread
    self._thread.start()
  File "/home/angel.encalada/anaconda3/lib/python3.9/multiprocessing/queues.py", line 179, in _start_thread
    self._thread.start()
  File "/home/angel.encalada/anaconda3/lib/python3.9/multiprocessing/queues.py", line 179, in _start_thread
    self._thread.start()
  File "/home/angel.encalada/anaconda3/lib/python3.9/threading.py", line 892, in start
    _start_new_thread(self._bootstrap, ())
  File "/home/angel.encalada/anaconda3/lib/python3.9/multiprocessing/queues.py", line 179, in _start_thread
    self._thread.start()
  File "/home/angel.encalada/anaconda3/lib/python3.9/threading.py", line 892, in start
    _start_new_thread(self._bootstrap, ())
  File "/home/angel.encalada/anaconda3/lib/python3.9/threading.py", line 892, in start
    _start_new_thread(self._bootstrap, ())
  File "/home/angel.encalada/anaconda3/lib/python3.9/threading.py", line 892, in start
    _start_new_thread(self._bootstrap, ())
  File "/home/angel.encalada/anaconda3/lib/python3.9/threading.py", line 892, in start
    _start_new_thread(self._bootstrap, ())
  File "/home/angel.encalada/anaconda3/lib/python3.9/threading.py", line 892, in start
    _start_new_thread(self._bootstrap, ())
  File "/home/angel.encalada/anaconda3/lib/python3.9/threading.py", line 892, in start
    _start_new_thread(self._bootstrap, ())
  File "/home/angel.encalada/anaconda3/lib/python3.9/multiprocessing/queues.py", line 179, in _start_thread
    self._thread.start()
  File "/home/angel.encalada/anaconda3/lib/python3.9/multiprocessing/queues.py", line 179, in _start_thread
    self._thread.start()
RuntimeError: can't start new thread
RuntimeError: can't start new thread
  File "/home/angel.encalada/anaconda3/lib/python3.9/multiprocessing/queues.py", line 179, in _start_thread
    self._thread.start()
RuntimeError: can't start new thread
  File "/home/angel.encalada/anaconda3/lib/python3.9/threading.py", line 892, in start
    _start_new_thread(self._bootstrap, ())
  File "/home/angel.encalada/anaconda3/lib/python3.9/multiprocessing/queues.py", line 179, in _start_thread
    self._thread.start()
RuntimeError: can't start new thread
  File "/home/angel.encalada/anaconda3/lib/python3.9/multiprocessing/queues.py", line 179, in _start_thread
    self._thread.start()
  File "/home/angel.encalada/anaconda3/lib/python3.9/multiprocessing/queues.py", line 94, in put
    self._start_thread()
  File "/home/angel.encalada/anaconda3/lib/python3.9/multiprocessing/queues.py", line 179, in _start_thread
    self._thread.start()
  File "/home/angel.encalada/anaconda3/lib/python3.9/multiprocessing/queues.py", line 179, in _start_thread
    self._thread.start()
  File "/home/angel.encalada/anaconda3/lib/python3.9/threading.py", line 892, in start
    _start_new_thread(self._bootstrap, ())
  File "/home/angel.encalada/anaconda3/lib/python3.9/site-packages/torch/utils/data/_utils/worker.py", line 367, in _worker_loop
    data_queue.put((idx, data))
  File "/home/angel.encalada/anaconda3/lib/python3.9/threading.py", line 892, in start
    _start_new_thread(self._bootstrap, ())
RuntimeError: can't start new thread
RuntimeError: can't start new thread
  File "/home/angel.encalada/anaconda3/lib/python3.9/threading.py", line 892, in start
    _start_new_thread(self._bootstrap, ())
  File "/home/angel.encalada/anaconda3/lib/python3.9/multiprocessing/queues.py", line 179, in _start_thread
    self._thread.start()
RuntimeError: can't start new thread
RuntimeError: can't start new thread
  File "/home/angel.encalada/anaconda3/lib/python3.9/threading.py", line 892, in start
    _start_new_thread(self._bootstrap, ())
  File "/home/angel.encalada/anaconda3/lib/python3.9/multiprocessing/queues.py", line 179, in _start_thread
    self._thread.start()
  File "/home/angel.encalada/anaconda3/lib/python3.9/threading.py", line 892, in start
    _start_new_thread(self._bootstrap, ())
RuntimeError: can't start new thread
RuntimeError: can't start new thread
  File "/home/angel.encalada/anaconda3/lib/python3.9/threading.py", line 892, in start
    _start_new_thread(self._bootstrap, ())
RuntimeError: can't start new thread
RuntimeError: can't start new thread
  File "/home/angel.encalada/anaconda3/lib/python3.9/threading.py", line 892, in start
    _start_new_thread(self._bootstrap, ())
RuntimeError: can't start new thread
  File "/home/angel.encalada/anaconda3/lib/python3.9/threading.py", line 892, in start
    _start_new_thread(self._bootstrap, ())
  File "/home/angel.encalada/anaconda3/lib/python3.9/threading.py", line 892, in start
    _start_new_thread(self._bootstrap, ())
  File "/home/angel.encalada/anaconda3/lib/python3.9/threading.py", line 892, in start
    _start_new_thread(self._bootstrap, ())
  File "/home/angel.encalada/anaconda3/lib/python3.9/threading.py", line 892, in start
    _start_new_thread(self._bootstrap, ())
  File "/home/angel.encalada/anaconda3/lib/python3.9/threading.py", line 892, in start
    _start_new_thread(self._bootstrap, ())
  File "/home/angel.encalada/anaconda3/lib/python3.9/threading.py", line 892, in start
    _start_new_thread(self._bootstrap, ())
  File "/home/angel.encalada/anaconda3/lib/python3.9/multiprocessing/queues.py", line 179, in _start_thread
    self._thread.start()
  File "/home/angel.encalada/anaconda3/lib/python3.9/threading.py", line 892, in start
    _start_new_thread(self._bootstrap, ())
RuntimeError: can't start new thread
  File "/home/angel.encalada/anaconda3/lib/python3.9/multiprocessing/queues.py", line 179, in _start_thread
    self._thread.start()
  File "/home/angel.encalada/anaconda3/lib/python3.9/multiprocessing/queues.py", line 179, in _start_thread
    self._thread.start()
RuntimeError: can't start new thread
  File "/home/angel.encalada/anaconda3/lib/python3.9/threading.py", line 892, in start
    _start_new_thread(self._bootstrap, ())
  File "/home/angel.encalada/anaconda3/lib/python3.9/threading.py", line 892, in start
    _start_new_thread(self._bootstrap, ())
  File "/home/angel.encalada/anaconda3/lib/python3.9/threading.py", line 892, in start
    _start_new_thread(self._bootstrap, ())
  File "/home/angel.encalada/anaconda3/lib/python3.9/multiprocessing/queues.py", line 94, in put
    self._start_thread()
  File "/home/angel.encalada/anaconda3/lib/python3.9/threading.py", line 892, in start
    _start_new_thread(self._bootstrap, ())
  File "/home/angel.encalada/anaconda3/lib/python3.9/threading.py", line 892, in start
    _start_new_thread(self._bootstrap, ())
  File "/home/angel.encalada/anaconda3/lib/python3.9/threading.py", line 892, in start
    _start_new_thread(self._bootstrap, ())
RuntimeError: can't start new thread
  File "/home/angel.encalada/anaconda3/lib/python3.9/threading.py", line 892, in start
    _start_new_thread(self._bootstrap, ())
  File "/home/angel.encalada/anaconda3/lib/python3.9/threading.py", line 892, in start
    _start_new_thread(self._bootstrap, ())
RuntimeError: can't start new thread
RuntimeError: can't start new thread
  File "/home/angel.encalada/anaconda3/lib/python3.9/threading.py", line 892, in start
    _start_new_thread(self._bootstrap, ())
  File "/home/angel.encalada/anaconda3/lib/python3.9/threading.py", line 892, in start
    _start_new_thread(self._bootstrap, ())
RuntimeError: can't start new thread
RuntimeError: can't start new thread
RuntimeError: can't start new thread
  File "/home/angel.encalada/anaconda3/lib/python3.9/threading.py", line 892, in start
    _start_new_thread(self._bootstrap, ())
  File "/home/angel.encalada/anaconda3/lib/python3.9/multiprocessing/queues.py", line 179, in _start_thread
    self._thread.start()
  File "/home/angel.encalada/anaconda3/lib/python3.9/threading.py", line 892, in start
    _start_new_thread(self._bootstrap, ())
  File "/home/angel.encalada/anaconda3/lib/python3.9/threading.py", line 892, in start
    _start_new_thread(self._bootstrap, ())
  File "/home/angel.encalada/anaconda3/lib/python3.9/multiprocessing/queues.py", line 94, in put
    self._start_thread()
  File "/home/angel.encalada/anaconda3/lib/python3.9/multiprocessing/queues.py", line 179, in _start_thread
    self._thread.start()
RuntimeError: can't start new thread
RuntimeError: can't start new thread
  File "/home/angel.encalada/anaconda3/lib/python3.9/threading.py", line 892, in start
    _start_new_thread(self._bootstrap, ())
RuntimeError: can't start new thread
  File "/home/angel.encalada/anaconda3/lib/python3.9/threading.py", line 892, in start
    _start_new_thread(self._bootstrap, ())
RuntimeError: can't start new thread
RuntimeError: can't start new thread
RuntimeError: can't start new thread
RuntimeError: can't start new thread
  File "/home/angel.encalada/anaconda3/lib/python3.9/threading.py", line 892, in start
    _start_new_thread(self._bootstrap, ())
RuntimeError: can't start new thread
RuntimeError: can't start new thread
RuntimeError: can't start new thread
RuntimeError: can't start new thread
  File "/home/angel.encalada/anaconda3/lib/python3.9/threading.py", line 892, in start
    _start_new_thread(self._bootstrap, ())
  File "/home/angel.encalada/anaconda3/lib/python3.9/threading.py", line 892, in start
    _start_new_thread(self._bootstrap, ())
RuntimeError: can't start new thread
RuntimeError: can't start new thread
RuntimeError: can't start new thread
  File "/home/angel.encalada/anaconda3/lib/python3.9/multiprocessing/queues.py", line 179, in _start_thread
    self._thread.start()
  File "/home/angel.encalada/anaconda3/lib/python3.9/multiprocessing/queues.py", line 179, in _start_thread
    self._thread.start()
  File "/home/angel.encalada/anaconda3/lib/python3.9/threading.py", line 892, in start
    _start_new_thread(self._bootstrap, ())
RuntimeError: can't start new thread
RuntimeError: can't start new thread
RuntimeError: can't start new thread
RuntimeError: can't start new thread
RuntimeError: can't start new thread
RuntimeError: can't start new thread
RuntimeError: can't start new thread
  File "/home/angel.encalada/anaconda3/lib/python3.9/threading.py", line 892, in start
    _start_new_thread(self._bootstrap, ())
  File "/home/angel.encalada/anaconda3/lib/python3.9/threading.py", line 892, in start
    _start_new_thread(self._bootstrap, ())
RuntimeError: can't start new thread
RuntimeError: can't start new thread
RuntimeError: can't start new thread
Traceback (most recent call last):
  File "/home/angel.encalada/anaconda3/lib/python3.9/multiprocessing/process.py", line 315, in _bootstrap
    self.run()
  File "/home/angel.encalada/anaconda3/lib/python3.9/multiprocessing/process.py", line 108, in run
    self._target(*self._args, **self._kwargs)
  File "/home/angel.encalada/anaconda3/lib/python3.9/site-packages/torch/utils/data/_utils/worker.py", line 367, in _worker_loop
    data_queue.put((idx, data))
  File "/home/angel.encalada/anaconda3/lib/python3.9/multiprocessing/queues.py", line 94, in put
    self._start_thread()
  File "/home/angel.encalada/anaconda3/lib/python3.9/multiprocessing/queues.py", line 179, in _start_thread
    self._thread.start()
  File "/home/angel.encalada/anaconda3/lib/python3.9/threading.py", line 892, in start
    _start_new_thread(self._bootstrap, ())
RuntimeError: can't start new thread
  File "/home/angel.encalada/anaconda3/lib/python3.9/threading.py", line 892, in start
    _start_new_thread(self._bootstrap, ())
RuntimeError: can't start new thread
  File "/home/angel.encalada/anaconda3/lib/python3.9/threading.py", line 892, in start
    _start_new_thread(self._bootstrap, ())
RuntimeError: can't start new thread
Traceback (most recent call last):
RuntimeError: can't start new thread
RuntimeError: can't start new thread
  File "/home/angel.encalada/anaconda3/lib/python3.9/multiprocessing/process.py", line 315, in _bootstrap
    self.run()
  File "/home/angel.encalada/anaconda3/lib/python3.9/multiprocessing/process.py", line 108, in run
    self._target(*self._args, **self._kwargs)
  File "/home/angel.encalada/anaconda3/lib/python3.9/site-packages/torch/utils/data/_utils/worker.py", line 367, in _worker_loop
    data_queue.put((idx, data))
  File "/home/angel.encalada/anaconda3/lib/python3.9/multiprocessing/queues.py", line 94, in put
    self._start_thread()
  File "/home/angel.encalada/anaconda3/lib/python3.9/multiprocessing/queues.py", line 179, in _start_thread
    self._thread.start()
RuntimeError: can't start new thread
RuntimeError: can't start new thread
  File "/home/angel.encalada/anaconda3/lib/python3.9/threading.py", line 892, in start
    _start_new_thread(self._bootstrap, ())
RuntimeError: can't start new thread
RuntimeError: can't start new thread
RuntimeError: can't start new thread
  File "/home/angel.encalada/anaconda3/lib/python3.9/threading.py", line 892, in start
    _start_new_thread(self._bootstrap, ())
RuntimeError: can't start new thread
RuntimeError: can't start new thread
RuntimeError: can't start new thread
Epoch 1 Training:   0%|          | 0/56 [00:01<?, ?it/s]
[rank1]: Traceback (most recent call last):
[rank1]:   File "/home/angel.encalada/anaconda3/lib/python3.9/site-packages/torch/utils/data/dataloader.py", line 1285, in _try_get_data
[rank1]:     data = self._data_queue.get(timeout=timeout)
[rank1]:   File "/home/angel.encalada/anaconda3/lib/python3.9/queue.py", line 180, in get
[rank1]:     self.not_empty.wait(remaining)
[rank1]:   File "/home/angel.encalada/anaconda3/lib/python3.9/threading.py", line 316, in wait
[rank1]:     gotit = waiter.acquire(True, timeout)
[rank1]:   File "/home/angel.encalada/anaconda3/lib/python3.9/site-packages/torch/utils/data/_utils/signal_handling.py", line 73, in handler
[rank1]:     _error_if_any_worker_fails()
[rank1]: RuntimeError: DataLoader worker (pid 2696157) exited unexpectedly with exit code 1. Details are lost due to multiprocessing. Rerunning with num_workers=0 may give better error trace.

[rank1]: The above exception was the direct cause of the following exception:

[rank1]: Traceback (most recent call last):
[rank1]:   File "/home/angel.encalada/Documents/ESPOL/Research/WTBSegmentation/bs-loss-function-wtbs/Pretraining/WTBSegmentation_PT_BS+C.py", line 1248, in <module>
[rank1]:     main()
[rank1]:   File "/home/angel.encalada/Documents/ESPOL/Research/WTBSegmentation/bs-loss-function-wtbs/Pretraining/WTBSegmentation_PT_BS+C.py", line 1162, in main
[rank1]:     train_loss, train_hd, train_dsc, train_dice, train_precision, train_recall, train_hd95, train_assd, train_ipe, train_mem = train(
[rank1]:   File "/home/angel.encalada/Documents/ESPOL/Research/WTBSegmentation/bs-loss-function-wtbs/Pretraining/WTBSegmentation_PT_BS+C.py", line 706, in train
[rank1]:     for images, masks in tqdm(train_loader, desc=f"Epoch {epoch + 1} Training", disable=(rank != 0)):
[rank1]:   File "/home/angel.encalada/anaconda3/lib/python3.9/site-packages/tqdm/std.py", line 1183, in __iter__
[rank1]:     for obj in iterable:
[rank1]:   File "/home/angel.encalada/anaconda3/lib/python3.9/site-packages/torch/utils/data/dataloader.py", line 734, in __next__
[rank1]:     data = self._next_data()
[rank1]:   File "/home/angel.encalada/anaconda3/lib/python3.9/site-packages/torch/utils/data/dataloader.py", line 1492, in _next_data
[rank1]:     idx, data = self._get_data()
[rank1]:   File "/home/angel.encalada/anaconda3/lib/python3.9/site-packages/torch/utils/data/dataloader.py", line 1444, in _get_data
[rank1]:     success, data = self._try_get_data()
[rank1]:   File "/home/angel.encalada/anaconda3/lib/python3.9/site-packages/torch/utils/data/dataloader.py", line 1298, in _try_get_data
[rank1]:     raise RuntimeError(
[rank1]: RuntimeError: DataLoader worker (pid(s) 2696149, 2696157, 2696161, 2696166, 2696176, 2696190, 2696203) exited unexpectedly
[rank3]: Traceback (most recent call last):
[rank3]:   File "/home/angel.encalada/anaconda3/lib/python3.9/site-packages/torch/utils/data/dataloader.py", line 1285, in _try_get_data
[rank3]:     data = self._data_queue.get(timeout=timeout)
[rank3]:   File "/home/angel.encalada/anaconda3/lib/python3.9/queue.py", line 180, in get
[rank3]:     self.not_empty.wait(remaining)
[rank3]:   File "/home/angel.encalada/anaconda3/lib/python3.9/threading.py", line 316, in wait
[rank3]:     gotit = waiter.acquire(True, timeout)
[rank3]:   File "/home/angel.encalada/anaconda3/lib/python3.9/site-packages/torch/utils/data/_utils/signal_handling.py", line 73, in handler
[rank3]:     _error_if_any_worker_fails()
[rank3]: RuntimeError: DataLoader worker (pid 2696164) exited unexpectedly with exit code 1. Details are lost due to multiprocessing. Rerunning with num_workers=0 may give better error trace.

[rank3]: The above exception was the direct cause of the following exception:

[rank3]: Traceback (most recent call last):
[rank3]:   File "/home/angel.encalada/Documents/ESPOL/Research/WTBSegmentation/bs-loss-function-wtbs/Pretraining/WTBSegmentation_PT_BS+C.py", line 1248, in <module>
[rank3]:     main()
[rank3]:   File "/home/angel.encalada/Documents/ESPOL/Research/WTBSegmentation/bs-loss-function-wtbs/Pretraining/WTBSegmentation_PT_BS+C.py", line 1162, in main
[rank3]:     train_loss, train_hd, train_dsc, train_dice, train_precision, train_recall, train_hd95, train_assd, train_ipe, train_mem = train(
[rank3]:   File "/home/angel.encalada/Documents/ESPOL/Research/WTBSegmentation/bs-loss-function-wtbs/Pretraining/WTBSegmentation_PT_BS+C.py", line 706, in train
[rank3]:     for images, masks in tqdm(train_loader, desc=f"Epoch {epoch + 1} Training", disable=(rank != 0)):
[rank3]:   File "/home/angel.encalada/anaconda3/lib/python3.9/site-packages/tqdm/std.py", line 1183, in __iter__
[rank3]:     for obj in iterable:
[rank3]:   File "/home/angel.encalada/anaconda3/lib/python3.9/site-packages/torch/utils/data/dataloader.py", line 734, in __next__
[rank3]:     data = self._next_data()
[rank3]:   File "/home/angel.encalada/anaconda3/lib/python3.9/site-packages/torch/utils/data/dataloader.py", line 1492, in _next_data
[rank3]:     idx, data = self._get_data()
[rank3]:   File "/home/angel.encalada/anaconda3/lib/python3.9/site-packages/torch/utils/data/dataloader.py", line 1444, in _get_data
[rank3]:     success, data = self._try_get_data()
[rank3]:   File "/home/angel.encalada/anaconda3/lib/python3.9/site-packages/torch/utils/data/dataloader.py", line 1298, in _try_get_data
[rank3]:     raise RuntimeError(
[rank3]: RuntimeError: DataLoader worker (pid(s) 2696160, 2696164, 2696171, 2696177, 2696180, 2696194, 2696209) exited unexpectedly
[rank0]: Traceback (most recent call last):
[rank0]:   File "/home/angel.encalada/anaconda3/lib/python3.9/site-packages/torch/utils/data/dataloader.py", line 1285, in _try_get_data
[rank0]:     data = self._data_queue.get(timeout=timeout)
[rank0]:   File "/home/angel.encalada/anaconda3/lib/python3.9/queue.py", line 180, in get
[rank0]:     self.not_empty.wait(remaining)
[rank0]:   File "/home/angel.encalada/anaconda3/lib/python3.9/threading.py", line 316, in wait
[rank0]:     gotit = waiter.acquire(True, timeout)
[rank0]:   File "/home/angel.encalada/anaconda3/lib/python3.9/site-packages/torch/utils/data/_utils/signal_handling.py", line 73, in handler
[rank0]:     _error_if_any_worker_fails()
[rank0]: RuntimeError: DataLoader worker (pid 2696156) exited unexpectedly with exit code 1. Details are lost due to multiprocessing. Rerunning with num_workers=0 may give better error trace.

[rank0]: The above exception was the direct cause of the following exception:

[rank0]: Traceback (most recent call last):
[rank0]:   File "/home/angel.encalada/Documents/ESPOL/Research/WTBSegmentation/bs-loss-function-wtbs/Pretraining/WTBSegmentation_PT_BS+C.py", line 1248, in <module>
[rank0]:     main()
[rank0]:   File "/home/angel.encalada/Documents/ESPOL/Research/WTBSegmentation/bs-loss-function-wtbs/Pretraining/WTBSegmentation_PT_BS+C.py", line 1162, in main
[rank0]:     train_loss, train_hd, train_dsc, train_dice, train_precision, train_recall, train_hd95, train_assd, train_ipe, train_mem = train(
[rank0]:   File "/home/angel.encalada/Documents/ESPOL/Research/WTBSegmentation/bs-loss-function-wtbs/Pretraining/WTBSegmentation_PT_BS+C.py", line 706, in train
[rank0]:     for images, masks in tqdm(train_loader, desc=f"Epoch {epoch + 1} Training", disable=(rank != 0)):
[rank0]:   File "/home/angel.encalada/anaconda3/lib/python3.9/site-packages/tqdm/std.py", line 1195, in __iter__
[rank0]:     for obj in iterable:
[rank0]:   File "/home/angel.encalada/anaconda3/lib/python3.9/site-packages/torch/utils/data/dataloader.py", line 734, in __next__
[rank0]:     data = self._next_data()
[rank0]:   File "/home/angel.encalada/anaconda3/lib/python3.9/site-packages/torch/utils/data/dataloader.py", line 1492, in _next_data
[rank0]:     idx, data = self._get_data()
[rank0]:   File "/home/angel.encalada/anaconda3/lib/python3.9/site-packages/torch/utils/data/dataloader.py", line 1444, in _get_data
[rank0]:     success, data = self._try_get_data()
[rank0]:   File "/home/angel.encalada/anaconda3/lib/python3.9/site-packages/torch/utils/data/dataloader.py", line 1298, in _try_get_data
[rank0]:     raise RuntimeError(
[rank0]: RuntimeError: DataLoader worker (pid(s) 2696156, 2696170, 2696179, 2696193, 2696196, 2696200, 2696204) exited unexpectedly
[rank2]: Traceback (most recent call last):
[rank2]:   File "/home/angel.encalada/anaconda3/lib/python3.9/site-packages/torch/utils/data/dataloader.py", line 1285, in _try_get_data
[rank2]:     data = self._data_queue.get(timeout=timeout)
[rank2]:   File "/home/angel.encalada/anaconda3/lib/python3.9/queue.py", line 180, in get
[rank2]:     self.not_empty.wait(remaining)
[rank2]:   File "/home/angel.encalada/anaconda3/lib/python3.9/threading.py", line 316, in wait
[rank2]:     gotit = waiter.acquire(True, timeout)
[rank2]:   File "/home/angel.encalada/anaconda3/lib/python3.9/site-packages/torch/utils/data/_utils/signal_handling.py", line 73, in handler
[rank2]:     _error_if_any_worker_fails()
[rank2]: RuntimeError: DataLoader worker (pid 2696264) exited unexpectedly with exit code 1. Details are lost due to multiprocessing. Rerunning with num_workers=0 may give better error trace.

[rank2]: The above exception was the direct cause of the following exception:

[rank2]: Traceback (most recent call last):
[rank2]:   File "/home/angel.encalada/Documents/ESPOL/Research/WTBSegmentation/bs-loss-function-wtbs/Pretraining/WTBSegmentation_PT_BS+C.py", line 1248, in <module>
[rank2]:     main()
[rank2]:   File "/home/angel.encalada/Documents/ESPOL/Research/WTBSegmentation/bs-loss-function-wtbs/Pretraining/WTBSegmentation_PT_BS+C.py", line 1162, in main
[rank2]:     train_loss, train_hd, train_dsc, train_dice, train_precision, train_recall, train_hd95, train_assd, train_ipe, train_mem = train(
[rank2]:   File "/home/angel.encalada/Documents/ESPOL/Research/WTBSegmentation/bs-loss-function-wtbs/Pretraining/WTBSegmentation_PT_BS+C.py", line 706, in train
[rank2]:     for images, masks in tqdm(train_loader, desc=f"Epoch {epoch + 1} Training", disable=(rank != 0)):
[rank2]:   File "/home/angel.encalada/anaconda3/lib/python3.9/site-packages/tqdm/std.py", line 1183, in __iter__
[rank2]:     for obj in iterable:
[rank2]:   File "/home/angel.encalada/anaconda3/lib/python3.9/site-packages/torch/utils/data/dataloader.py", line 734, in __next__
[rank2]:     data = self._next_data()
[rank2]:   File "/home/angel.encalada/anaconda3/lib/python3.9/site-packages/torch/utils/data/dataloader.py", line 1492, in _next_data
[rank2]:     idx, data = self._get_data()
[rank2]:   File "/home/angel.encalada/anaconda3/lib/python3.9/site-packages/torch/utils/data/dataloader.py", line 1444, in _get_data
[rank2]:     success, data = self._try_get_data()
[rank2]:   File "/home/angel.encalada/anaconda3/lib/python3.9/site-packages/torch/utils/data/dataloader.py", line 1298, in _try_get_data
[rank2]:     raise RuntimeError(
[rank2]: RuntimeError: DataLoader worker (pid(s) 2696146, 2696169, 2696205, 2696264) exited unexpectedly
[rank0]:[W519 11:05:48.427198196 ProcessGroupNCCL.cpp:1538] Warning: WARNING: destroy_process_group() was not called before program exit, which can leak resources. For more info, please see https://pytorch.org/docs/stable/distributed.html#shutdown (function operator())
W0519 11:06:01.345720 2694579 site-packages/torch/distributed/elastic/multiprocessing/api.py:900] Sending process 2695156 closing signal SIGTERM
W0519 11:06:01.346750 2694579 site-packages/torch/distributed/elastic/multiprocessing/api.py:900] Sending process 2695159 closing signal SIGTERM
W0519 11:06:01.346892 2694579 site-packages/torch/distributed/elastic/multiprocessing/api.py:900] Sending process 2695160 closing signal SIGTERM
E0519 11:06:01.924515 2694579 site-packages/torch/distributed/elastic/multiprocessing/api.py:874] failed (exitcode: 1) local_rank: 1 (pid: 2695157) of binary: /home/angel.encalada/anaconda3/bin/python3
Traceback (most recent call last):
  File "/home/angel.encalada/.local/bin/torchrun", line 8, in <module>
    sys.exit(main())
  File "/home/angel.encalada/anaconda3/lib/python3.9/site-packages/torch/distributed/elastic/multiprocessing/errors/__init__.py", line 357, in wrapper
    return f(*args, **kwargs)
  File "/home/angel.encalada/anaconda3/lib/python3.9/site-packages/torch/distributed/run.py", line 901, in main
    run(args)
  File "/home/angel.encalada/anaconda3/lib/python3.9/site-packages/torch/distributed/run.py", line 892, in run
    elastic_launch(
  File "/home/angel.encalada/anaconda3/lib/python3.9/site-packages/torch/distributed/launcher/api.py", line 143, in __call__
    return launch_agent(self._config, self._entrypoint, list(args))
  File "/home/angel.encalada/anaconda3/lib/python3.9/site-packages/torch/distributed/launcher/api.py", line 277, in launch_agent
    raise ChildFailedError(
torch.distributed.elastic.multiprocessing.errors.ChildFailedError: 
============================================================
WTBSegmentation_PT_BS+C.py FAILED
------------------------------------------------------------
Failures:
  <NO_OTHER_FAILURES>
------------------------------------------------------------
Root Cause (first observed failure):
[0]:
  time      : 2026-05-19_11:06:01
  host      : compute-0-2.hpc.cedia.edu.ec
  rank      : 1 (local_rank: 1)
  exitcode  : 1 (pid: 2695157)
  error_file: <N/A>
  traceback : To enable traceback see: https://pytorch.org/docs/stable/elastic/errors.html
============================================================
